"atom1","atom2","sigma_value","sigma_0_coef","sigma_0_freq","sigma_2wH_coef","sigma_2wH_freq"
" HA  MET     1 "," HB1 MET     1 ",-0.301624145054051,-5.69628288801319e-50,0,3.41776973280792e-49,8796459430.05142
" HA  MET     1 "," HB2 MET     1 ",-0.858022542102234,-5.69628288801319e-50,0,3.41776973280792e-49,8796459430.05142
" HA  MET     1 "," HG1 MET     1 ",-0.88503822593514,-5.69628288801319e-50,0,3.41776973280792e-49,8796459430.05142
" HA  MET     1 "," HG2 MET     1 ",-0.366507916924441,-5.69628288801319e-50,0,3.41776973280792e-49,8796459430.05142
" HA  MET     1 "," H   GLN     2 ",-0.101718664349087,-5.69628288801319e-50,0,3.41776973280792e-49,8796459430.05142
" HA  MET     1 "," HA  GLN     2 ",-0.0236439217707469,-5.69628288801319e-50,0,3.41776973280792e-49,8796459430.05142
" HA  MET     1 "," HD1 LYS    50 ",-0.0181501376196661,-5.69628288801319e-50,0,3.41776973280792e-49,8796459430.05142
" HA  MET     1 "," HE1 LYS    50 ",-0.0185091281739964,-5.69628288801319e-50,0,3.41776973280792e-49,8796459430.05142
" HB1 MET     1 "," HB2 MET     1 ",-8.13266516074278,-5.69628288801319e-50,0,3.41776973280792e-49,8796459430.05142
" HB1 MET     1 "," HG1 MET     1 ",-0.261062134508252,-5.69628288801319e-50,0,3.41776973280792e-49,8796459430.05142
" HB1 MET     1 "," HG2 MET     1 ",-0.859516499813687,-5.69628288801319e-50,0,3.41776973280792e-49,8796459430.05142
" HB1 MET     1 "," H   GLN     2 ",-0.31917580744579,-5.69628288801319e-50,0,3.41776973280792e-49,8796459430.05142
" HB1 MET     1 "," HA  GLN     2 ",-0.0428183850120849,-5.69628288801319e-50,0,3.41776973280792e-49,8796459430.05142
" HB1 MET     1 "," HB1 GLN     2 ",-0.13258828972051,-5.69628288801319e-50,0,3.41776973280792e-49,8796459430.05142
" HB1 MET     1 "," HG2 GLN     2 ",-0.0267893127908995,-5.69628288801319e-50,0,3.41776973280792e-49,8796459430.05142
" HB1 MET     1 "," HG2 LYS    19 ",-0.0511989299267406,-5.69628288801319e-50,0,3.41776973280792e-49,8796459430.05142
" HB1 MET     1 "," HD1 LYS    19 ",-0.072926049508142,-5.69628288801319e-50,0,3.41776973280792e-49,8796459430.05142
" HB1 MET     1 "," HE1 LYS    19 ",-0.196168347697743,-5.69628288801319e-50,0,3.41776973280792e-49,8796459430.05142
" HB1 MET     1 "," HE2 LYS    19 ",-0.0544063320549281,-5.69628288801319e-50,0,3.41776973280792e-49,8796459430.05142
" HB2 MET     1 "," HG1 MET     1 ",-0.761777449014315,-5.69628288801319e-50,0,3.41776973280792e-49,8796459430.05142
" HB2 MET     1 "," HG2 MET     1 ",-0.268787868433605,-5.69628288801319e-50,0,3.41776973280792e-49,8796459430.05142
" HB2 MET     1 "," H   GLN     2 ",-0.0479434792561395,-5.69628288801319e-50,0,3.41776973280792e-49,8796459430.05142
" HB2 MET     1 "," HE1 LYS    19 ",-0.0168148310051734,-5.69628288801319e-50,0,3.41776973280792e-49,8796459430.05142
" HG1 MET     1 "," HG2 MET     1 ",-9.48735484872752,-5.69628288801319e-50,0,3.41776973280792e-49,8796459430.05142
" HG1 MET     1 "," HD1 LYS    19 ",-0.0151405465535457,-5.69628288801319e-50,0,3.41776973280792e-49,8796459430.05142
" HG2 MET     1 "," H   GLN     2 ",-0.0384084503898613,-5.69628288801319e-50,0,3.41776973280792e-49,8796459430.05142
" HG2 MET     1 "," HA  GLN     2 ",-0.0820318128876314,-5.69628288801319e-50,0,3.41776973280792e-49,8796459430.05142
" HG2 MET     1 "," HB1 GLN     2 ",-0.0311750868905183,-5.69628288801319e-50,0,3.41776973280792e-49,8796459430.05142
" HG2 MET     1 "," HA  LYS    19 ",-0.018018577562421,-5.69628288801319e-50,0,3.41776973280792e-49,8796459430.05142
" HG2 MET     1 "," HB1 LYS    19 ",-0.0339018816112815,-5.69628288801319e-50,0,3.41776973280792e-49,8796459430.05142
" HG2 MET     1 "," HG2 LYS    19 ",-0.082607771365068,-5.69628288801319e-50,0,3.41776973280792e-49,8796459430.05142
" HG2 MET     1 "," HD1 LYS    19 ",-0.0955725187274102,-5.69628288801319e-50,0,3.41776973280792e-49,8796459430.05142
" HG2 MET     1 "," HE1 LYS    19 ",-0.0277462071222856,-5.69628288801319e-50,0,3.41776973280792e-49,8796459430.05142
" H   GLN     2 "," HA  GLN     2 ",-0.351070664482593,-5.69628288801319e-50,0,3.41776973280792e-49,8796459430.05142
" H   GLN     2 "," HB1 GLN     2 ",-0.794032489797831,-5.69628288801319e-50,0,3.41776973280792e-49,8796459430.05142
" H   GLN     2 "," HB2 GLN     2 ",-0.109639999311142,-5.69628288801319e-50,0,3.41776973280792e-49,8796459430.05142
" H   GLN     2 "," HG1 GLN     2 ",-0.133237340157904,-5.69628288801319e-50,0,3.41776973280792e-49,8796459430.05142
" H   GLN     2 "," HG2 GLN     2 ",-2.97173037522199,-5.69628288801319e-50,0,3.41776973280792e-49,8796459430.05142
" H   GLN     2 ","HE21 GLN     2 ",-0.03308339463682,-5.69628288801319e-50,0,3.41776973280792e-49,8796459430.05142
" H   GLN     2 "," H   TYR     3 ",-0.0266932133444479,-5.69628288801319e-50,0,3.41776973280792e-49,8796459430.05142
" H   GLN     2 "," HG2 LYS    19 ",-0.0322344846076359,-5.69628288801319e-50,0,3.41776973280792e-49,8796459430.05142
" H   GLN     2 "," HE1 LYS    19 ",-0.049316263425857,-5.69628288801319e-50,0,3.41776973280792e-49,8796459430.05142
" HA  GLN     2 "," HB1 GLN     2 ",-0.853088316652027,-5.69628288801319e-50,0,3.41776973280792e-49,8796459430.05142
" HA  GLN     2 "," HB2 GLN     2 ",-0.940342793757331,-5.69628288801319e-50,0,3.41776973280792e-49,8796459430.05142
" HA  GLN     2 "," HG1 GLN     2 ",-0.0631039198868198,-5.69628288801319e-50,0,3.41776973280792e-49,8796459430.05142
" HA  GLN     2 "," HG2 GLN     2 ",-0.0729403069214307,-5.69628288801319e-50,0,3.41776973280792e-49,8796459430.05142
" HA  GLN     2 "," H   TYR     3 ",-1.76789210504822,-5.69628288801319e-50,0,3.41776973280792e-49,8796459430.05142
" HA  GLN     2 "," HA  TYR     3 ",-0.0376497810119234,-5.69628288801319e-50,0,3.41776973280792e-49,8796459430.05142
" HA  GLN     2 "," HB2 TYR     3 ",-0.0167068134935392,-5.69628288801319e-50,0,3.41776973280792e-49,8796459430.05142
" HA  GLN     2 "," H   THR    18 ",-0.0179477694783004,-5.69628288801319e-50,0,3.41776973280792e-49,8796459430.05142
" HA  GLN     2 "," HA  LYS    19 ",-0.170091081702372,-5.69628288801319e-50,0,3.41776973280792e-49,8796459430.05142
" HA  GLN     2 "," HB1 LYS    19 ",-0.0243952003329655,-5.69628288801319e-50,0,3.41776973280792e-49,8796459430.05142
" HA  GLN     2 "," HG1 LYS    19 ",-0.0554024383359039,-5.69628288801319e-50,0,3.41776973280792e-49,8796459430.05142
" HA  GLN     2 "," HG2 LYS    19 ",-0.535440827316197,-5.69628288801319e-50,0,3.41776973280792e-49,8796459430.05142
" HA  GLN     2 "," HD1 LYS    19 ",-0.0224091637637825,-5.69628288801319e-50,0,3.41776973280792e-49,8796459430.05142
" HA  GLN     2 "," HE1 LYS    19 ",-0.036549017214351,-5.69628288801319e-50,0,3.41776973280792e-49,8796459430.05142
" HA  GLN     2 "," H   ALA    20 ",-0.0265307337037256,-5.69628288801319e-50,0,3.41776973280792e-49,8796459430.05142
" HA  GLN     2 "," HD1 LYS    50 ",-0.0163706585086762,-5.69628288801319e-50,0,3.41776973280792e-49,8796459430.05142
" HB1 GLN     2 "," HB2 GLN     2 ",-6.48619218344944,-5.69628288801319e-50,0,3.41776973280792e-49,8796459430.05142
" HB1 GLN     2 "," HG1 GLN     2 ",-0.296530450330961,-5.69628288801319e-50,0,3.41776973280792e-49,8796459430.05142
" HB1 GLN     2 "," HG2 GLN     2 ",-0.81862011826653,-5.69628288801319e-50,0,3.41776973280792e-49,8796459430.05142
" HB1 GLN     2 ","HE21 GLN     2 ",-0.0340604206307936,-5.69628288801319e-50,0,3.41776973280792e-49,8796459430.05142
" HB1 GLN     2 ","HE22 GLN     2 ",-0.0287227288416854,-5.69628288801319e-50,0,3.41776973280792e-49,8796459430.05142
" HB1 GLN     2 "," H   TYR     3 ",-0.080075763289966,-5.69628288801319e-50,0,3.41776973280792e-49,8796459430.05142
" HB1 GLN     2 "," HB  THR    17 ",-0.0300169378428281,-5.69628288801319e-50,0,3.41776973280792e-49,8796459430.05142
" HB1 GLN     2 "," HA  LYS    19 ",-0.0312098789133578,-5.69628288801319e-50,0,3.41776973280792e-49,8796459430.05142
" HB1 GLN     2 "," HB1 LYS    19 ",-0.0189718209375056,-5.69628288801319e-50,0,3.41776973280792e-49,8796459430.05142
" HB1 GLN     2 "," HG1 LYS    19 ",-0.312116724662905,-5.69628288801319e-50,0,3.41776973280792e-49,8796459430.05142
" HB1 GLN     2 "," HG2 LYS    19 ",-1.26464836728583,-5.69628288801319e-50,0,3.41776973280792e-49,8796459430.05142
" HB1 GLN     2 "," HD1 LYS    19 ",-0.0758668951316568,-5.69628288801319e-50,0,3.41776973280792e-49,8796459430.05142
" HB1 GLN     2 "," HD2 LYS    19 ",-0.0237373722604149,-5.69628288801319e-50,0,3.41776973280792e-49,8796459430.05142
" HB1 GLN     2 "," HE1 LYS    19 ",-2.04587530141599,-5.69628288801319e-50,0,3.41776973280792e-49,8796459430.05142
" HB1 GLN     2 "," HE2 LYS    19 ",-0.0633847396102695,-5.69628288801319e-50,0,3.41776973280792e-49,8796459430.05142
" HB2 GLN     2 "," HG1 GLN     2 ",-1.63945810192493,-5.69628288801319e-50,0,3.41776973280792e-49,8796459430.05142
" HB2 GLN     2 "," HG2 GLN     2 ",-0.328835519861084,-5.69628288801319e-50,0,3.41776973280792e-49,8796459430.05142
" HB2 GLN     2 ","HE21 GLN     2 ",-0.0250369738132098,-5.69628288801319e-50,0,3.41776973280792e-49,8796459430.05142
" HB2 GLN     2 ","HE22 GLN     2 ",-0.0197193374769091,-5.69628288801319e-50,0,3.41776973280792e-49,8796459430.05142
" HB2 GLN     2 "," H   TYR     3 ",-1.09335304982384,-5.69628288801319e-50,0,3.41776973280792e-49,8796459430.05142
" HB2 GLN     2 "," HA  TYR     3 ",-0.0182171563026308,-5.69628288801319e-50,0,3.41776973280792e-49,8796459430.05142
" HB2 GLN     2 "," HB2 TYR     3 ",-0.0163768526385238,-5.69628288801319e-50,0,3.41776973280792e-49,8796459430.05142
" HB2 GLN     2 "," HA  THR    17 ",-0.0244837258859712,-5.69628288801319e-50,0,3.41776973280792e-49,8796459430.05142
" HB2 GLN     2 "," HB  THR    17 ",-0.19835060457902,-5.69628288801319e-50,0,3.41776973280792e-49,8796459430.05142
" HB2 GLN     2 "," H   THR    18 ",-0.193452830137744,-5.69628288801319e-50,0,3.41776973280792e-49,8796459430.05142
" HB2 GLN     2 "," HA  THR    18 ",-0.0351148494834435,-5.69628288801319e-50,0,3.41776973280792e-49,8796459430.05142
" HB2 GLN     2 "," H   LYS    19 ",-0.0202377623128346,-5.69628288801319e-50,0,3.41776973280792e-49,8796459430.05142
" HB2 GLN     2 "," HA  LYS    19 ",-0.0542013243221715,-5.69628288801319e-50,0,3.41776973280792e-49,8796459430.05142
" HB2 GLN     2 "," HG1 LYS    19 ",-0.32865166997997,-5.69628288801319e-50,0,3.41776973280792e-49,8796459430.05142
" HB2 GLN     2 "," HG2 LYS    19 ",-0.362856157291588,-5.69628288801319e-50,0,3.41776973280792e-49,8796459430.05142
" HB2 GLN     2 "," HD1 LYS    19 ",-0.0157414054786938,-5.69628288801319e-50,0,3.41776973280792e-49,8796459430.05142
" HB2 GLN     2 "," HE1 LYS    19 ",-0.0904978030995644,-5.69628288801319e-50,0,3.41776973280792e-49,8796459430.05142
" HG1 GLN     2 "," HG2 GLN     2 ",-6.59775631722665,-5.69628288801319e-50,0,3.41776973280792e-49,8796459430.05142
" HG1 GLN     2 ","HE21 GLN     2 ",-0.415577892540148,-5.69628288801319e-50,0,3.41776973280792e-49,8796459430.05142
" HG1 GLN     2 ","HE22 GLN     2 ",-0.0893298685861891,-5.69628288801319e-50,0,3.41776973280792e-49,8796459430.05142
" HG1 GLN     2 "," H   TYR     3 ",-0.0969585216905202,-5.69628288801319e-50,0,3.41776973280792e-49,8796459430.05142
" HG1 GLN     2 "," HA  TYR     3 ",-0.0200094545482407,-5.69628288801319e-50,0,3.41776973280792e-49,8796459430.05142
" HG1 GLN     2 "," HA  LYS     4 ",-0.0175006867849807,-5.69628288801319e-50,0,3.41776973280792e-49,8796459430.05142
" HG1 GLN     2 "," HB2 LYS     4 ",-0.0392323900237116,-5.69628288801319e-50,0,3.41776973280792e-49,8796459430.05142
" HG1 GLN     2 "," HA  THR    17 ",-0.0413086931351659,-5.69628288801319e-50,0,3.41776973280792e-49,8796459430.05142
" HG1 GLN     2 "," HB  THR    17 ",-0.391248073942173,-5.69628288801319e-50,0,3.41776973280792e-49,8796459430.05142
" HG1 GLN     2 "," HG1 THR    17 ",-0.0180531205237631,-5.69628288801319e-50,0,3.41776973280792e-49,8796459430.05142
" HG1 GLN     2 "," H   THR    18 ",-0.0439960176799503,-5.69628288801319e-50,0,3.41776973280792e-49,8796459430.05142
" HG1 GLN     2 "," HE1 LYS    19 ",-0.016003370490218,-5.69628288801319e-50,0,3.41776973280792e-49,8796459430.05142
" HG2 GLN     2 ","HE21 GLN     2 ",-1.04972804988331,-5.69628288801319e-50,0,3.41776973280792e-49,8796459430.05142
" HG2 GLN     2 ","HE22 GLN     2 ",-0.114660048292131,-5.69628288801319e-50,0,3.41776973280792e-49,8796459430.05142
" HG2 GLN     2 "," H   TYR     3 ",-0.0266559537190043,-5.69628288801319e-50,0,3.41776973280792e-49,8796459430.05142
" HG2 GLN     2 "," HB  THR    17 ",-0.0334773417396795,-5.69628288801319e-50,0,3.41776973280792e-49,8796459430.05142
" HG2 GLN     2 "," HG2 LYS    19 ",-0.016690960931736,-5.69628288801319e-50,0,3.41776973280792e-49,8796459430.05142
" HG2 GLN     2 "," HE1 LYS    19 ",-0.0404092808799697,-5.69628288801319e-50,0,3.41776973280792e-49,8796459430.05142
"HE21 GLN     2 ","HE22 GLN     2 ",-7.1646117929486,-5.69628288801319e-50,0,3.41776973280792e-49,8796459430.05142
"HE21 GLN     2 "," HB  THR    17 ",-0.0451399443945723,-5.69628288801319e-50,0,3.41776973280792e-49,8796459430.05142
"HE21 GLN     2 "," HG1 THR    17 ",-0.0192818681447407,-5.69628288801319e-50,0,3.41776973280792e-49,8796459430.05142
"HE22 GLN     2 "," HB  THR    17 ",-0.0770963918388078,-5.69628288801319e-50,0,3.41776973280792e-49,8796459430.05142
"HE22 GLN     2 "," HG1 THR    17 ",-0.0788402729336031,-5.69628288801319e-50,0,3.41776973280792e-49,8796459430.05142
"HE22 GLN     2 "," HE1 LYS    19 ",-0.0177868752046595,-5.69628288801319e-50,0,3.41776973280792e-49,8796459430.05142
" H   TYR     3 "," HA  TYR     3 ",-0.400498344970483,-5.69628288801319e-50,0,3.41776973280792e-49,8796459430.05142
" H   TYR     3 "," HB1 TYR     3 ",-0.0772676885644262,-5.69628288801319e-50,0,3.41776973280792e-49,8796459430.05142
" H   TYR     3 "," HB2 TYR     3 ",-0.49148099011257,-5.69628288801319e-50,0,3.41776973280792e-49,8796459430.05142
" H   TYR     3 "," H   LYS     4 ",-0.0217197053685381,-5.69628288801319e-50,0,3.41776973280792e-49,8796459430.05142
" H   TYR     3 "," HA  THR    17 ",-0.0183687348693014,-5.69628288801319e-50,0,3.41776973280792e-49,8796459430.05142
" H   TYR     3 "," HB  THR    17 ",-0.0191851296814877,-5.69628288801319e-50,0,3.41776973280792e-49,8796459430.05142
" H   TYR     3 "," H   THR    18 ",-0.31530821659681,-5.69628288801319e-50,0,3.41776973280792e-49,8796459430.05142
" H   TYR     3 "," HA  THR    18 ",-0.0176660970293731,-5.69628288801319e-50,0,3.41776973280792e-49,8796459430.05142
" H   TYR     3 "," H   LYS    19 ",-0.0160582602941418,-5.69628288801319e-50,0,3.41776973280792e-49,8796459430.05142
" H   TYR     3 "," HA  LYS    19 ",-0.105875223085045,-5.69628288801319e-50,0,3.41776973280792e-49,8796459430.05142
" H   TYR     3 "," HG1 LYS    19 ",-0.0299431606143548,-5.69628288801319e-50,0,3.41776973280792e-49,8796459430.05142
" H   TYR     3 "," HG2 LYS    19 ",-0.0576798051101276,-5.69628288801319e-50,0,3.41776973280792e-49,8796459430.05142
" H   TYR     3 "," H   ALA    20 ",-0.0227941363305376,-5.69628288801319e-50,0,3.41776973280792e-49,8796459430.05142
" H   TYR     3 "," HZ  PHE    30 ",-0.0311684213500363,-5.69628288801319e-50,0,3.41776973280792e-49,8796459430.05142
" H   TYR     3 "," HB1 LYS    50 ",-0.0171359826206314,-5.69628288801319e-50,0,3.41776973280792e-49,8796459430.05142
" HA  TYR     3 "," HB1 TYR     3 ",-1.24633649604313,-5.69628288801319e-50,0,3.41776973280792e-49,8796459430.05142
" HA  TYR     3 "," HB2 TYR     3 ",-0.287277239625827,-5.69628288801319e-50,0,3.41776973280792e-49,8796459430.05142
" HA  TYR     3 "," H   LYS     4 ",-0.815396720405447,-5.69628288801319e-50,0,3.41776973280792e-49,8796459430.05142
" HA  TYR     3 "," HA  LYS     4 ",-0.0238933040642119,-5.69628288801319e-50,0,3.41776973280792e-49,8796459430.05142
" HA  TYR     3 "," HB1 LYS     4 ",-0.0227183662522016,-5.69628288801319e-50,0,3.41776973280792e-49,8796459430.05142
" HA  TYR     3 "," HB2 LYS     4 ",-0.0310377208696459,-5.69628288801319e-50,0,3.41776973280792e-49,8796459430.05142
" HA  TYR     3 "," H   THR    18 ",-0.0197256504260526,-5.69628288801319e-50,0,3.41776973280792e-49,8796459430.05142
" HA  TYR     3 "," HZ  PHE    30 ",-0.0243044684308792,-5.69628288801319e-50,0,3.41776973280792e-49,8796459430.05142
" HA  TYR     3 "," HA  LYS    50 ",-0.0249611778082356,-5.69628288801319e-50,0,3.41776973280792e-49,8796459430.05142
" HA  TYR     3 "," HB1 LYS    50 ",-1.07206921889614,-5.69628288801319e-50,0,3.41776973280792e-49,8796459430.05142
" HA  TYR     3 "," HB2 LYS    50 ",-0.287057165437322,-5.69628288801319e-50,0,3.41776973280792e-49,8796459430.05142
" HA  TYR     3 "," HG2 LYS    50 ",-0.0293022403998321,-5.69628288801319e-50,0,3.41776973280792e-49,8796459430.05142
" HA  TYR     3 "," HD1 LYS    50 ",-0.0430537273839018,-5.69628288801319e-50,0,3.41776973280792e-49,8796459430.05142
" HA  TYR     3 "," HD2 LYS    50 ",-0.0179380605780874,-5.69628288801319e-50,0,3.41776973280792e-49,8796459430.05142
" HA  TYR     3 "," HA  THR    51 ",-0.0293637901335343,-5.69628288801319e-50,0,3.41776973280792e-49,8796459430.05142
" HB1 TYR     3 "," HB2 TYR     3 ",-7.20495071770542,-5.69628288801319e-50,0,3.41776973280792e-49,8796459430.05142
" HB1 TYR     3 "," H   LYS     4 ",-0.58084304668729,-5.69628288801319e-50,0,3.41776973280792e-49,8796459430.05142
" HB1 TYR     3 "," HA  LYS     4 ",-0.0252586985285285,-5.69628288801319e-50,0,3.41776973280792e-49,8796459430.05142
" HB1 TYR     3 "," H   THR    18 ",-0.0238708296659207,-5.69628288801319e-50,0,3.41776973280792e-49,8796459430.05142
" HB1 TYR     3 "," HZ  PHE    30 ",-0.103200441192135,-5.69628288801319e-50,0,3.41776973280792e-49,8796459430.05142
" HB1 TYR     3 "," HB1 LYS    50 ",-0.0723236101378448,-5.69628288801319e-50,0,3.41776973280792e-49,8796459430.05142
" HB1 TYR     3 "," HB2 LYS    50 ",-0.0159806120217443,-5.69628288801319e-50,0,3.41776973280792e-49,8796459430.05142
" HB1 TYR     3 "," HA  THR    51 ",-0.048140574617167,-5.69628288801319e-50,0,3.41776973280792e-49,8796459430.05142
" HB1 TYR     3 "," H   PHE    52 ",-0.0208384295380076,-5.69628288801319e-50,0,3.41776973280792e-49,8796459430.05142
" HB2 TYR     3 "," H   LYS     4 ",-0.0753069300014489,-5.69628288801319e-50,0,3.41776973280792e-49,8796459430.05142
" HB2 TYR     3 "," HA  LYS     4 ",-0.0244060571910638,-5.69628288801319e-50,0,3.41776973280792e-49,8796459430.05142
" HB2 TYR     3 "," HA  THR    17 ",-0.0175162928579827,-5.69628288801319e-50,0,3.41776973280792e-49,8796459430.05142
" HB2 TYR     3 "," H   THR    18 ",-0.208744823043201,-5.69628288801319e-50,0,3.41776973280792e-49,8796459430.05142
" HB2 TYR     3 "," HB  THR    18 ",-0.014810374177785,-5.69628288801319e-50,0,3.41776973280792e-49,8796459430.05142
" HB2 TYR     3 "," HA  LYS    19 ",-0.015097315468386,-5.69628288801319e-50,0,3.41776973280792e-49,8796459430.05142
" HB2 TYR     3 "," HZ  PHE    30 ",-0.323165495669117,-5.69628288801319e-50,0,3.41776973280792e-49,8796459430.05142
" HB2 TYR     3 "," HB1 LYS    50 ",-0.0152151909865201,-5.69628288801319e-50,0,3.41776973280792e-49,8796459430.05142
" HH  TYR     3 "," H   ALA    20 ",-0.0588309035841044,-5.69628288801319e-50,0,3.41776973280792e-49,8796459430.05142
" HH  TYR     3 "," HA  VAL    21 ",-0.0485956000903437,-5.69628288801319e-50,0,3.41776973280792e-49,8796459430.05142
" HH  TYR     3 "," H   ASP    22 ",-0.0809834347835489,-5.69628288801319e-50,0,3.41776973280792e-49,8796459430.05142
" HH  TYR     3 "," HA  ASP    22 ",-0.388100170331573,-5.69628288801319e-50,0,3.41776973280792e-49,8796459430.05142
" HH  TYR     3 "," HB1 ASP    22 ",-0.0145225600802274,-5.69628288801319e-50,0,3.41776973280792e-49,8796459430.05142
" HH  TYR     3 "," H   ALA    23 ",-0.0504123350939386,-5.69628288801319e-50,0,3.41776973280792e-49,8796459430.05142
" HH  TYR     3 "," HA  ALA    23 ",-0.0221490597360323,-5.69628288801319e-50,0,3.41776973280792e-49,8796459430.05142
" H   LYS     4 "," HA  LYS     4 ",-0.33018458300073,-5.69628288801319e-50,0,3.41776973280792e-49,8796459430.05142
" H   LYS     4 "," HB1 LYS     4 ",-0.895470728568764,-5.69628288801319e-50,0,3.41776973280792e-49,8796459430.05142
" H   LYS     4 "," HB2 LYS     4 ",-0.313291923455034,-5.69628288801319e-50,0,3.41776973280792e-49,8796459430.05142
" H   LYS     4 "," HG1 LYS     4 ",-0.0187465397768268,-5.69628288801319e-50,0,3.41776973280792e-49,8796459430.05142
" H   LYS     4 "," HG2 LYS     4 ",-0.026598006577944,-5.69628288801319e-50,0,3.41776973280792e-49,8796459430.05142
" H   LYS     4 "," HD1 LYS     4 ",-0.0145144327591303,-5.69628288801319e-50,0,3.41776973280792e-49,8796459430.05142
" H   LYS     4 "," H   LEU     5 ",-0.0299761450955736,-5.69628288801319e-50,0,3.41776973280792e-49,8796459430.05142
" H   LYS     4 "," HA  THR    17 ",-0.0176070384072326,-5.69628288801319e-50,0,3.41776973280792e-49,8796459430.05142
" H   LYS     4 "," HZ  PHE    30 ",-0.0894735610615783,-5.69628288801319e-50,0,3.41776973280792e-49,8796459430.05142
" H   LYS     4 "," HB1 LYS    50 ",-0.0499588324550986,-5.69628288801319e-50,0,3.41776973280792e-49,8796459430.05142
" H   LYS     4 "," HB2 LYS    50 ",-0.0435466571531773,-5.69628288801319e-50,0,3.41776973280792e-49,8796459430.05142
" H   LYS     4 "," H   THR    51 ",-0.023282033950844,-5.69628288801319e-50,0,3.41776973280792e-49,8796459430.05142
" H   LYS     4 "," HA  THR    51 ",-1.2194696574244,-5.69628288801319e-50,0,3.41776973280792e-49,8796459430.05142
" H   LYS     4 "," HG1 THR    51 ",-0.0712125053596492,-5.69628288801319e-50,0,3.41776973280792e-49,8796459430.05142
" H   LYS     4 "," H   PHE    52 ",-0.099775332322553,-5.69628288801319e-50,0,3.41776973280792e-49,8796459430.05142
" HA  LYS     4 "," HB1 LYS     4 ",-0.360146087186216,-5.69628288801319e-50,0,3.41776973280792e-49,8796459430.05142
" HA  LYS     4 "," HB2 LYS     4 ",-1.60345400579992,-5.69628288801319e-50,0,3.41776973280792e-49,8796459430.05142
" HA  LYS     4 "," HG1 LYS     4 ",-0.667486899831665,-5.69628288801319e-50,0,3.41776973280792e-49,8796459430.05142
" HA  LYS     4 "," HG2 LYS     4 ",-0.148172931185474,-5.69628288801319e-50,0,3.41776973280792e-49,8796459430.05142
" HA  LYS     4 "," HD1 LYS     4 ",-0.0239293754244252,-5.69628288801319e-50,0,3.41776973280792e-49,8796459430.05142
" HA  LYS     4 "," HD2 LYS     4 ",-0.0471630447671232,-5.69628288801319e-50,0,3.41776973280792e-49,8796459430.05142
" HA  LYS     4 "," H   LEU     5 ",-2.26811141257267,-5.69628288801319e-50,0,3.41776973280792e-49,8796459430.05142
" HA  LYS     4 "," HA  LEU     5 ",-0.0298579917189662,-5.69628288801319e-50,0,3.41776973280792e-49,8796459430.05142
" HA  LYS     4 "," HB1 LEU     5 ",-0.0227267636234703,-5.69628288801319e-50,0,3.41776973280792e-49,8796459430.05142
" HA  LYS     4 "," HB2 LEU     5 ",-0.0270367176441022,-5.69628288801319e-50,0,3.41776973280792e-49,8796459430.05142
" HA  LYS     4 "," H   THR    16 ",-0.030521095786897,-5.69628288801319e-50,0,3.41776973280792e-49,8796459430.05142
" HA  LYS     4 "," H   THR    17 ",-0.0165925899567828,-5.69628288801319e-50,0,3.41776973280792e-49,8796459430.05142
" HA  LYS     4 "," HA  THR    17 ",-1.49493783913043,-5.69628288801319e-50,0,3.41776973280792e-49,8796459430.05142
" HA  LYS     4 "," HB  THR    17 ",-0.0273075711443767,-5.69628288801319e-50,0,3.41776973280792e-49,8796459430.05142
" HA  LYS     4 "," H   THR    18 ",-0.0685703525606696,-5.69628288801319e-50,0,3.41776973280792e-49,8796459430.05142
" HA  LYS     4 "," HZ  PHE    30 ",-1.13533981156239,-5.69628288801319e-50,0,3.41776973280792e-49,8796459430.05142
" HA  LYS     4 "," HA  THR    51 ",-0.0228752269325645,-5.69628288801319e-50,0,3.41776973280792e-49,8796459430.05142
" HA  LYS     4 "," H   PHE    52 ",-0.014959946170757,-5.69628288801319e-50,0,3.41776973280792e-49,8796459430.05142
" HB1 LYS     4 "," HB2 LYS     4 ",-7.0087476434653,-5.69628288801319e-50,0,3.41776973280792e-49,8796459430.05142
" HB1 LYS     4 "," HG1 LYS     4 ",-0.268838483770614,-5.69628288801319e-50,0,3.41776973280792e-49,8796459430.05142
" HB1 LYS     4 "," HG2 LYS     4 ",-1.32639112056136,-5.69628288801319e-50,0,3.41776973280792e-49,8796459430.05142
" HB1 LYS     4 "," HD1 LYS     4 ",-0.778665427299203,-5.69628288801319e-50,0,3.41776973280792e-49,8796459430.05142
" HB1 LYS     4 "," HD2 LYS     4 ",-0.198528048490286,-5.69628288801319e-50,0,3.41776973280792e-49,8796459430.05142
" HB1 LYS     4 "," HE1 LYS     4 ",-0.0217103819671466,-5.69628288801319e-50,0,3.41776973280792e-49,8796459430.05142
" HB1 LYS     4 "," HE2 LYS     4 ",-0.0375905595939211,-5.69628288801319e-50,0,3.41776973280792e-49,8796459430.05142
" HB1 LYS     4 "," H   LEU     5 ",-0.0745433450013789,-5.69628288801319e-50,0,3.41776973280792e-49,8796459430.05142
" HB1 LYS     4 "," HA  LEU     5 ",-0.0223735055388175,-5.69628288801319e-50,0,3.41776973280792e-49,8796459430.05142
" HB1 LYS     4 "," HZ  PHE    30 ",-0.0157184739044325,-5.69628288801319e-50,0,3.41776973280792e-49,8796459430.05142
" HB1 LYS     4 "," HA  THR    51 ",-0.299832430910623,-5.69628288801319e-50,0,3.41776973280792e-49,8796459430.05142
" HB1 LYS     4 "," HB  THR    51 ",-0.0344142257065769,-5.69628288801319e-50,0,3.41776973280792e-49,8796459430.05142
" HB1 LYS     4 "," HG1 THR    51 ",-0.243502821696165,-5.69628288801319e-50,0,3.41776973280792e-49,8796459430.05142
" HB1 LYS     4 "," H   PHE    52 ",-0.0456119674273419,-5.69628288801319e-50,0,3.41776973280792e-49,8796459430.05142
" HB2 LYS     4 "," HG1 LYS     4 ",-0.657725251481548,-5.69628288801319e-50,0,3.41776973280792e-49,8796459430.05142
" HB2 LYS     4 "," HG2 LYS     4 ",-0.320467401359617,-5.69628288801319e-50,0,3.41776973280792e-49,8796459430.05142
" HB2 LYS     4 "," HD1 LYS     4 ",-0.464219123531038,-5.69628288801319e-50,0,3.41776973280792e-49,8796459430.05142
" HB2 LYS     4 "," HD2 LYS     4 ",-1.24909892529327,-5.69628288801319e-50,0,3.41776973280792e-49,8796459430.05142
" HB2 LYS     4 "," HE1 LYS     4 ",-0.0375428463334547,-5.69628288801319e-50,0,3.41776973280792e-49,8796459430.05142
" HB2 LYS     4 "," HE2 LYS     4 ",-0.0257179770400677,-5.69628288801319e-50,0,3.41776973280792e-49,8796459430.05142
" HB2 LYS     4 "," H   LEU     5 ",-0.0738140672189228,-5.69628288801319e-50,0,3.41776973280792e-49,8796459430.05142
" HB2 LYS     4 "," HA  THR    17 ",-0.0698564469669088,-5.69628288801319e-50,0,3.41776973280792e-49,8796459430.05142
" HB2 LYS     4 "," HZ  PHE    30 ",-0.0283549266130227,-5.69628288801319e-50,0,3.41776973280792e-49,8796459430.05142
" HB2 LYS     4 "," HA  THR    51 ",-0.0277550736043832,-5.69628288801319e-50,0,3.41776973280792e-49,8796459430.05142
" HB2 LYS     4 "," HG1 THR    51 ",-0.0298986158305553,-5.69628288801319e-50,0,3.41776973280792e-49,8796459430.05142
" HG1 LYS     4 "," HG2 LYS     4 ",-8.88738090018193,-5.69628288801319e-50,0,3.41776973280792e-49,8796459430.05142
" HG1 LYS     4 "," HD1 LYS     4 ",-0.243441187847317,-5.69628288801319e-50,0,3.41776973280792e-49,8796459430.05142
" HG1 LYS     4 "," HD2 LYS     4 ",-0.72656436581542,-5.69628288801319e-50,0,3.41776973280792e-49,8796459430.05142
" HG1 LYS     4 "," HE1 LYS     4 ",-1.02164905244593,-5.69628288801319e-50,0,3.41776973280792e-49,8796459430.05142
" HG1 LYS     4 "," HE2 LYS     4 ",-0.297098061839789,-5.69628288801319e-50,0,3.41776973280792e-49,8796459430.05142
" HG1 LYS     4 "," H   LEU     5 ",-1.17303238712697,-5.69628288801319e-50,0,3.41776973280792e-49,8796459430.05142
" HG1 LYS     4 "," HA  LEU     5 ",-0.0224341577899368,-5.69628288801319e-50,0,3.41776973280792e-49,8796459430.05142
" HG1 LYS     4 "," HB1 LEU     5 ",-0.0198384510030485,-5.69628288801319e-50,0,3.41776973280792e-49,8796459430.05142
" HG1 LYS     4 "," HA  GLU    15 ",-0.0315592602316442,-5.69628288801319e-50,0,3.41776973280792e-49,8796459430.05142
" HG1 LYS     4 "," HB1 GLU    15 ",-0.156861336725153,-5.69628288801319e-50,0,3.41776973280792e-49,8796459430.05142
" HG1 LYS     4 "," HG2 GLU    15 ",-0.0225552216913741,-5.69628288801319e-50,0,3.41776973280792e-49,8796459430.05142
" HG1 LYS     4 "," H   THR    16 ",-0.287860342304841,-5.69628288801319e-50,0,3.41776973280792e-49,8796459430.05142
" HG1 LYS     4 "," HA  THR    16 ",-0.0182488485992795,-5.69628288801319e-50,0,3.41776973280792e-49,8796459430.05142
" HG1 LYS     4 "," HA  THR    17 ",-0.0645498570695274,-5.69628288801319e-50,0,3.41776973280792e-49,8796459430.05142
" HG1 LYS     4 "," HZ  PHE    30 ",-0.0163796868603383,-5.69628288801319e-50,0,3.41776973280792e-49,8796459430.05142
" HG2 LYS     4 "," HD1 LYS     4 ",-1.00383853198759,-5.69628288801319e-50,0,3.41776973280792e-49,8796459430.05142
" HG2 LYS     4 "," HD2 LYS     4 ",-0.303240644443803,-5.69628288801319e-50,0,3.41776973280792e-49,8796459430.05142
" HG2 LYS     4 "," HE1 LYS     4 ",-0.336358826608454,-5.69628288801319e-50,0,3.41776973280792e-49,8796459430.05142
" HG2 LYS     4 "," HE2 LYS     4 ",-1.1598534827739,-5.69628288801319e-50,0,3.41776973280792e-49,8796459430.05142
" HG2 LYS     4 "," H   LEU     5 ",-0.345514875577252,-5.69628288801319e-50,0,3.41776973280792e-49,8796459430.05142
" HG2 LYS     4 "," HA  LEU     5 ",-0.0583025534757491,-5.69628288801319e-50,0,3.41776973280792e-49,8796459430.05142
" HG2 LYS     4 "," H   VAL     6 ",-0.021642875414612,-5.69628288801319e-50,0,3.41776973280792e-49,8796459430.05142
" HG2 LYS     4 "," HA  VAL     6 ",-0.0213864713283702,-5.69628288801319e-50,0,3.41776973280792e-49,8796459430.05142
" HG2 LYS     4 "," HA  GLU    15 ",-0.0199805350865682,-5.69628288801319e-50,0,3.41776973280792e-49,8796459430.05142
" HG2 LYS     4 "," HB1 GLU    15 ",-0.0470137891149777,-5.69628288801319e-50,0,3.41776973280792e-49,8796459430.05142
" HG2 LYS     4 "," HG2 GLU    15 ",-0.0331073796542931,-5.69628288801319e-50,0,3.41776973280792e-49,8796459430.05142
" HG2 LYS     4 "," H   THR    16 ",-0.0507851388402974,-5.69628288801319e-50,0,3.41776973280792e-49,8796459430.05142
" HG2 LYS     4 "," HA  THR    51 ",-0.0221313896606442,-5.69628288801319e-50,0,3.41776973280792e-49,8796459430.05142
" HG2 LYS     4 "," HG1 THR    51 ",-0.015423085606403,-5.69628288801319e-50,0,3.41776973280792e-49,8796459430.05142
" HG2 LYS     4 "," H   PHE    52 ",-0.0161309287832316,-5.69628288801319e-50,0,3.41776973280792e-49,8796459430.05142
" HD1 LYS     4 "," HD2 LYS     4 ",-8.01972029978933,-5.69628288801319e-50,0,3.41776973280792e-49,8796459430.05142
" HD1 LYS     4 "," HE1 LYS     4 ",-0.258570370293642,-5.69628288801319e-50,0,3.41776973280792e-49,8796459430.05142
" HD1 LYS     4 "," HE2 LYS     4 ",-0.831989032315313,-5.69628288801319e-50,0,3.41776973280792e-49,8796459430.05142
" HD1 LYS     4 "," HG1 THR    51 ",-0.0454043645744758,-5.69628288801319e-50,0,3.41776973280792e-49,8796459430.05142
" HD2 LYS     4 "," HE1 LYS     4 ",-0.891489186633761,-5.69628288801319e-50,0,3.41776973280792e-49,8796459430.05142
" HD2 LYS     4 "," HE2 LYS     4 ",-0.271703993116162,-5.69628288801319e-50,0,3.41776973280792e-49,8796459430.05142
" HD2 LYS     4 "," H   LEU     5 ",-0.0172655590215076,-5.69628288801319e-50,0,3.41776973280792e-49,8796459430.05142
" HD2 LYS     4 "," HB1 GLU    15 ",-0.0233821942733901,-5.69628288801319e-50,0,3.41776973280792e-49,8796459430.05142
" HE1 LYS     4 "," HE2 LYS     4 ",-7.44268660642137,-5.69628288801319e-50,0,3.41776973280792e-49,8796459430.05142
" HE1 LYS     4 "," H   LEU     5 ",-0.0215495637563887,-5.69628288801319e-50,0,3.41776973280792e-49,8796459430.05142
" HE1 LYS     4 "," HA  GLU    15 ",-0.0318488106711641,-5.69628288801319e-50,0,3.41776973280792e-49,8796459430.05142
" HE1 LYS     4 "," HB1 GLU    15 ",-1.60668083722465,-5.69628288801319e-50,0,3.41776973280792e-49,8796459430.05142
" HE1 LYS     4 "," HB2 GLU    15 ",-0.0972492780454724,-5.69628288801319e-50,0,3.41776973280792e-49,8796459430.05142
" HE1 LYS     4 "," HG1 GLU    15 ",-0.0245211801547708,-5.69628288801319e-50,0,3.41776973280792e-49,8796459430.05142
" HE1 LYS     4 "," HG2 GLU    15 ",-0.0870927399232971,-5.69628288801319e-50,0,3.41776973280792e-49,8796459430.05142
" HE1 LYS     4 "," H   THR    16 ",-0.0619182463385582,-5.69628288801319e-50,0,3.41776973280792e-49,8796459430.05142
" HE2 LYS     4 "," H   LEU     5 ",-0.015530684572532,-5.69628288801319e-50,0,3.41776973280792e-49,8796459430.05142
" HE2 LYS     4 "," HA  VAL     6 ",-0.0193593727349494,-5.69628288801319e-50,0,3.41776973280792e-49,8796459430.05142
" HE2 LYS     4 "," HA  GLU    15 ",-0.0220995777697971,-5.69628288801319e-50,0,3.41776973280792e-49,8796459430.05142
" HE2 LYS     4 "," HB1 GLU    15 ",-0.180095469873946,-5.69628288801319e-50,0,3.41776973280792e-49,8796459430.05142
" HE2 LYS     4 "," HB2 GLU    15 ",-0.0266240860396468,-5.69628288801319e-50,0,3.41776973280792e-49,8796459430.05142
" HE2 LYS     4 "," HG1 GLU    15 ",-0.0275261024187575,-5.69628288801319e-50,0,3.41776973280792e-49,8796459430.05142
" HE2 LYS     4 "," HG2 GLU    15 ",-0.185475768741105,-5.69628288801319e-50,0,3.41776973280792e-49,8796459430.05142
" HE2 LYS     4 "," H   THR    16 ",-0.0205426244994603,-5.69628288801319e-50,0,3.41776973280792e-49,8796459430.05142
" H   LEU     5 "," HA  LEU     5 ",-0.327985624637543,-5.69628288801319e-50,0,3.41776973280792e-49,8796459430.05142
" H   LEU     5 "," HB1 LEU     5 ",-0.62474524636693,-5.69628288801319e-50,0,3.41776973280792e-49,8796459430.05142
" H   LEU     5 "," HB2 LEU     5 ",-0.29149792926171,-5.69628288801319e-50,0,3.41776973280792e-49,8796459430.05142
" H   LEU     5 "," HG  LEU     5 ",-0.0277273499969908,-5.69628288801319e-50,0,3.41776973280792e-49,8796459430.05142
" H   LEU     5 "," H   VAL     6 ",-0.0302572566036815,-5.69628288801319e-50,0,3.41776973280792e-49,8796459430.05142
" H   LEU     5 "," HA  GLU    15 ",-0.0302423247957391,-5.69628288801319e-50,0,3.41776973280792e-49,8796459430.05142
" H   LEU     5 "," HB1 GLU    15 ",-0.0213789349126931,-5.69628288801319e-50,0,3.41776973280792e-49,8796459430.05142
" H   LEU     5 "," H   THR    16 ",-0.425984100937638,-5.69628288801319e-50,0,3.41776973280792e-49,8796459430.05142
" H   LEU     5 "," HA  THR    16 ",-0.0180057569619743,-5.69628288801319e-50,0,3.41776973280792e-49,8796459430.05142
" H   LEU     5 "," H   THR    17 ",-0.0174867583245943,-5.69628288801319e-50,0,3.41776973280792e-49,8796459430.05142
" H   LEU     5 "," HA  THR    17 ",-0.13012343231788,-5.69628288801319e-50,0,3.41776973280792e-49,8796459430.05142
" H   LEU     5 "," HZ  PHE    30 ",-0.150716274839288,-5.69628288801319e-50,0,3.41776973280792e-49,8796459430.05142
" H   LEU     5 "," H   PHE    52 ",-0.0186074569695675,-5.69628288801319e-50,0,3.41776973280792e-49,8796459430.05142
" HA  LEU     5 "," HB1 LEU     5 ",-0.290522288338263,-5.69628288801319e-50,0,3.41776973280792e-49,8796459430.05142
" HA  LEU     5 "," HB2 LEU     5 ",-0.823388420553272,-5.69628288801319e-50,0,3.41776973280792e-49,8796459430.05142
" HA  LEU     5 "," HG  LEU     5 ",-0.191097170777695,-5.69628288801319e-50,0,3.41776973280792e-49,8796459430.05142
" HA  LEU     5 "," H   VAL     6 ",-2.42479407925524,-5.69628288801319e-50,0,3.41776973280792e-49,8796459430.05142
" HA  LEU     5 "," HA  VAL     6 ",-0.0311319996041333,-5.69628288801319e-50,0,3.41776973280792e-49,8796459430.05142
" HA  LEU     5 "," HB  VAL     6 ",-0.0271400153457642,-5.69628288801319e-50,0,3.41776973280792e-49,8796459430.05142
" HA  LEU     5 "," H   THR    16 ",-0.0160002359366921,-5.69628288801319e-50,0,3.41776973280792e-49,8796459430.05142
" HA  LEU     5 "," HB1 PHE    30 ",-0.0172430132785833,-5.69628288801319e-50,0,3.41776973280792e-49,8796459430.05142
" HA  LEU     5 "," HA  THR    51 ",-0.0293751495039759,-5.69628288801319e-50,0,3.41776973280792e-49,8796459430.05142
" HA  LEU     5 "," H   PHE    52 ",-0.30355067521681,-5.69628288801319e-50,0,3.41776973280792e-49,8796459430.05142
" HA  LEU     5 "," HA  PHE    52 ",-0.0178238411745396,-5.69628288801319e-50,0,3.41776973280792e-49,8796459430.05142
" HA  LEU     5 "," HB1 PHE    52 ",-0.0366674293394175,-5.69628288801319e-50,0,3.41776973280792e-49,8796459430.05142
" HA  LEU     5 "," HB2 PHE    52 ",-0.4250401164743,-5.69628288801319e-50,0,3.41776973280792e-49,8796459430.05142
" HA  LEU     5 "," HA  THR    53 ",-0.031445125011076,-5.69628288801319e-50,0,3.41776973280792e-49,8796459430.05142
" HB1 LEU     5 "," HB2 LEU     5 ",-8.15812884786525,-5.69628288801319e-50,0,3.41776973280792e-49,8796459430.05142
" HB1 LEU     5 "," HG  LEU     5 ",-1.29953058116946,-5.69628288801319e-50,0,3.41776973280792e-49,8796459430.05142
" HB1 LEU     5 "," H   VAL     6 ",-0.0749697491242507,-5.69628288801319e-50,0,3.41776973280792e-49,8796459430.05142
" HB1 LEU     5 "," HA  VAL     6 ",-0.0228890341355557,-5.69628288801319e-50,0,3.41776973280792e-49,8796459430.05142
" HB1 LEU     5 ","HG11 ILE     7 ",-0.0239504355857279,-5.69628288801319e-50,0,3.41776973280792e-49,8796459430.05142
" HB1 LEU     5 "," HA  GLU    15 ",-0.0484712572340695,-5.69628288801319e-50,0,3.41776973280792e-49,8796459430.05142
" HB1 LEU     5 "," H   THR    16 ",-0.197268729016575,-5.69628288801319e-50,0,3.41776973280792e-49,8796459430.05142
" HB1 LEU     5 "," HB  THR    16 ",-0.0225821477545132,-5.69628288801319e-50,0,3.41776973280792e-49,8796459430.05142
" HB1 LEU     5 "," HA  PHE    30 ",-0.0172957912267253,-5.69628288801319e-50,0,3.41776973280792e-49,8796459430.05142
" HB1 LEU     5 "," HB1 PHE    30 ",-0.0224421039309929,-5.69628288801319e-50,0,3.41776973280792e-49,8796459430.05142
" HB1 LEU     5 "," HZ  PHE    30 ",-0.0196610467046096,-5.69628288801319e-50,0,3.41776973280792e-49,8796459430.05142
" HB1 LEU     5 "," HB2 PHE    52 ",-0.015518859456289,-5.69628288801319e-50,0,3.41776973280792e-49,8796459430.05142
" HB2 LEU     5 "," HG  LEU     5 ",-0.259278055949526,-5.69628288801319e-50,0,3.41776973280792e-49,8796459430.05142
" HB2 LEU     5 "," H   VAL     6 ",-0.0570985398640838,-5.69628288801319e-50,0,3.41776973280792e-49,8796459430.05142
" HB2 LEU     5 "," H   THR    16 ",-0.020846345241432,-5.69628288801319e-50,0,3.41776973280792e-49,8796459430.05142
" HB2 LEU     5 "," HA  PHE    30 ",-0.0537629789918743,-5.69628288801319e-50,0,3.41776973280792e-49,8796459430.05142
" HB2 LEU     5 "," HB1 PHE    30 ",-0.215540042483727,-5.69628288801319e-50,0,3.41776973280792e-49,8796459430.05142
" HB2 LEU     5 "," HB2 PHE    30 ",-0.02507856203596,-5.69628288801319e-50,0,3.41776973280792e-49,8796459430.05142
" HB2 LEU     5 "," HZ  PHE    30 ",-0.054216848638647,-5.69628288801319e-50,0,3.41776973280792e-49,8796459430.05142
" HB2 LEU     5 "," HH2 TRP    43 ",-0.0148204711503783,-5.69628288801319e-50,0,3.41776973280792e-49,8796459430.05142
" HB2 LEU     5 "," HZ3 TRP    43 ",-0.0151534000977315,-5.69628288801319e-50,0,3.41776973280792e-49,8796459430.05142
" HB2 LEU     5 "," H   PHE    52 ",-0.0204871429287121,-5.69628288801319e-50,0,3.41776973280792e-49,8796459430.05142
" HB2 LEU     5 "," HB2 PHE    52 ",-0.1164078689881,-5.69628288801319e-50,0,3.41776973280792e-49,8796459430.05142
" HG  LEU     5 "," H   VAL     6 ",-0.697033435354983,-5.69628288801319e-50,0,3.41776973280792e-49,8796459430.05142
" HG  LEU     5 "," HA  VAL     6 ",-0.104995850366835,-5.69628288801319e-50,0,3.41776973280792e-49,8796459430.05142
" HG  LEU     5 "," HB  VAL     6 ",-0.0145418868015125,-5.69628288801319e-50,0,3.41776973280792e-49,8796459430.05142
" HG  LEU     5 "," H   ILE     7 ",-0.0403979237728404,-5.69628288801319e-50,0,3.41776973280792e-49,8796459430.05142
" HG  LEU     5 "," HA  ILE     7 ",-0.015179480008785,-5.69628288801319e-50,0,3.41776973280792e-49,8796459430.05142
" HG  LEU     5 "," HB  ILE     7 ",-0.0207753884491952,-5.69628288801319e-50,0,3.41776973280792e-49,8796459430.05142
" HG  LEU     5 ","HG11 ILE     7 ",-1.09729486598366,-5.69628288801319e-50,0,3.41776973280792e-49,8796459430.05142
" HG  LEU     5 ","HG12 ILE     7 ",-0.0770799920763759,-5.69628288801319e-50,0,3.41776973280792e-49,8796459430.05142
" HG  LEU     5 "," HA  GLU    15 ",-0.0369328222867217,-5.69628288801319e-50,0,3.41776973280792e-49,8796459430.05142
" HG  LEU     5 "," H   THR    16 ",-0.0227162770515953,-5.69628288801319e-50,0,3.41776973280792e-49,8796459430.05142
" HG  LEU     5 "," HB2 PHE    52 ",-0.0168172770512754,-5.69628288801319e-50,0,3.41776973280792e-49,8796459430.05142
" HG  LEU     5 "," HA  THR    53 ",-0.0178172983433064,-5.69628288801319e-50,0,3.41776973280792e-49,8796459430.05142
" H   VAL     6 "," HA  VAL     6 ",-0.377265393972346,-5.69628288801319e-50,0,3.41776973280792e-49,8796459430.05142
" H   VAL     6 "," HB  VAL     6 ",-0.521659553748685,-5.69628288801319e-50,0,3.41776973280792e-49,8796459430.05142
" H   VAL     6 "," H   ILE     7 ",-0.0413591145363367,-5.69628288801319e-50,0,3.41776973280792e-49,8796459430.05142
" H   VAL     6 ","HG11 ILE     7 ",-0.0654988620577202,-5.69628288801319e-50,0,3.41776973280792e-49,8796459430.05142
" H   VAL     6 "," HA  GLU    15 ",-0.0174718163197194,-5.69628288801319e-50,0,3.41776973280792e-49,8796459430.05142
" H   VAL     6 "," H   PHE    52 ",-0.0277195973058611,-5.69628288801319e-50,0,3.41776973280792e-49,8796459430.05142
" H   VAL     6 "," HB1 PHE    52 ",-0.0163839609162519,-5.69628288801319e-50,0,3.41776973280792e-49,8796459430.05142
" H   VAL     6 "," HB2 PHE    52 ",-0.0507245254237743,-5.69628288801319e-50,0,3.41776973280792e-49,8796459430.05142
" H   VAL     6 "," HA  THR    53 ",-0.324651844340913,-5.69628288801319e-50,0,3.41776973280792e-49,8796459430.05142
" H   VAL     6 "," HG1 THR    53 ",-0.0211852514978737,-5.69628288801319e-50,0,3.41776973280792e-49,8796459430.05142
" H   VAL     6 "," H   VAL    54 ",-0.0232892704696966,-5.69628288801319e-50,0,3.41776973280792e-49,8796459430.05142
" HA  VAL     6 "," HB  VAL     6 ",-0.278707040361218,-5.69628288801319e-50,0,3.41776973280792e-49,8796459430.05142
" HA  VAL     6 "," H   ILE     7 ",-2.98024933756645,-5.69628288801319e-50,0,3.41776973280792e-49,8796459430.05142
" HA  VAL     6 "," HA  ILE     7 ",-0.0262129384032091,-5.69628288801319e-50,0,3.41776973280792e-49,8796459430.05142
" HA  VAL     6 "," HB  ILE     7 ",-0.030426942267632,-5.69628288801319e-50,0,3.41776973280792e-49,8796459430.05142
" HA  VAL     6 ","HG11 ILE     7 ",-0.0920691048179239,-5.69628288801319e-50,0,3.41776973280792e-49,8796459430.05142
" HA  VAL     6 "," HA  GLU    15 ",-0.422564294985682,-5.69628288801319e-50,0,3.41776973280792e-49,8796459430.05142
" HA  VAL     6 "," HB1 GLU    15 ",-0.0250178124769549,-5.69628288801319e-50,0,3.41776973280792e-49,8796459430.05142
" HA  VAL     6 "," HG1 GLU    15 ",-0.064158293132836,-5.69628288801319e-50,0,3.41776973280792e-49,8796459430.05142
" HA  VAL     6 "," HG2 GLU    15 ",-0.815201487187867,-5.69628288801319e-50,0,3.41776973280792e-49,8796459430.05142
" HA  VAL     6 "," H   THR    16 ",-0.0307302539512739,-5.69628288801319e-50,0,3.41776973280792e-49,8796459430.05142
" HB  VAL     6 "," H   ILE     7 ",-0.0590522464805385,-5.69628288801319e-50,0,3.41776973280792e-49,8796459430.05142
" HB  VAL     6 "," HA  ILE     7 ",-0.0198726860585103,-5.69628288801319e-50,0,3.41776973280792e-49,8796459430.05142
" HB  VAL     6 "," HG2 GLU    15 ",-0.0174060736093314,-5.69628288801319e-50,0,3.41776973280792e-49,8796459430.05142
" HB  VAL     6 "," HA  THR    53 ",-0.319401063469076,-5.69628288801319e-50,0,3.41776973280792e-49,8796459430.05142
" HB  VAL     6 "," HB  THR    53 ",-0.0194314089014947,-5.69628288801319e-50,0,3.41776973280792e-49,8796459430.05142
" HB  VAL     6 "," HG1 THR    53 ",-0.120536169837432,-5.69628288801319e-50,0,3.41776973280792e-49,8796459430.05142
" HB  VAL     6 "," H   VAL    54 ",-0.0318064310850516,-5.69628288801319e-50,0,3.41776973280792e-49,8796459430.05142
" H   ILE     7 "," HA  ILE     7 ",-0.295200739217989,-5.69628288801319e-50,0,3.41776973280792e-49,8796459430.05142
" H   ILE     7 "," HB  ILE     7 ",-0.583243296623304,-5.69628288801319e-50,0,3.41776973280792e-49,8796459430.05142
" H   ILE     7 ","HG11 ILE     7 ",-0.34224296793834,-5.69628288801319e-50,0,3.41776973280792e-49,8796459430.05142
" H   ILE     7 ","HG12 ILE     7 ",-0.0461263216447875,-5.69628288801319e-50,0,3.41776973280792e-49,8796459430.05142
" H   ILE     7 "," H   ASN     8 ",-0.0336449641724771,-5.69628288801319e-50,0,3.41776973280792e-49,8796459430.05142
" H   ILE     7 "," HA  LYS    13 ",-0.0185785990140473,-5.69628288801319e-50,0,3.41776973280792e-49,8796459430.05142
" H   ILE     7 "," H   GLY    14 ",-0.149753627109692,-5.69628288801319e-50,0,3.41776973280792e-49,8796459430.05142
" H   ILE     7 "," HA1 GLY    14 ",-0.0218457499020916,-5.69628288801319e-50,0,3.41776973280792e-49,8796459430.05142
" H   ILE     7 "," HA  GLU    15 ",-0.0698212417957926,-5.69628288801319e-50,0,3.41776973280792e-49,8796459430.05142
" H   ILE     7 "," HG1 GLU    15 ",-0.0363531673917801,-5.69628288801319e-50,0,3.41776973280792e-49,8796459430.05142
" H   ILE     7 "," HG2 GLU    15 ",-0.0850611892878762,-5.69628288801319e-50,0,3.41776973280792e-49,8796459430.05142
" HA  ILE     7 "," HB  ILE     7 ",-0.273851533775383,-5.69628288801319e-50,0,3.41776973280792e-49,8796459430.05142
" HA  ILE     7 ","HG11 ILE     7 ",-0.348040789358128,-5.69628288801319e-50,0,3.41776973280792e-49,8796459430.05142
" HA  ILE     7 ","HG12 ILE     7 ",-0.835780347610392,-5.69628288801319e-50,0,3.41776973280792e-49,8796459430.05142
" HA  ILE     7 "," H   ASN     8 ",-2.52852169469403,-5.69628288801319e-50,0,3.41776973280792e-49,8796459430.05142
" HA  ILE     7 "," HA  ASN     8 ",-0.0266701678696949,-5.69628288801319e-50,0,3.41776973280792e-49,8796459430.05142
" HA  ILE     7 "," HB2 ASN     8 ",-0.0281258688934027,-5.69628288801319e-50,0,3.41776973280792e-49,8796459430.05142
" HA  ILE     7 "," H   GLY     9 ",-0.0510595728686028,-5.69628288801319e-50,0,3.41776973280792e-49,8796459430.05142
" HA  ILE     7 "," HA  LYS    13 ",-0.0156544784911274,-5.69628288801319e-50,0,3.41776973280792e-49,8796459430.05142
" HA  ILE     7 "," HA  THR    53 ",-0.0173602777063749,-5.69628288801319e-50,0,3.41776973280792e-49,8796459430.05142
" HA  ILE     7 "," H   VAL    54 ",-0.0670815562959229,-5.69628288801319e-50,0,3.41776973280792e-49,8796459430.05142
" HB  ILE     7 ","HG11 ILE     7 ",-0.872269753291692,-5.69628288801319e-50,0,3.41776973280792e-49,8796459430.05142
" HB  ILE     7 ","HG12 ILE     7 ",-0.300256397154409,-5.69628288801319e-50,0,3.41776973280792e-49,8796459430.05142
" HB  ILE     7 "," H   ASN     8 ",-0.0324414959618997,-5.69628288801319e-50,0,3.41776973280792e-49,8796459430.05142
" HB  ILE     7 "," H   GLY     9 ",-0.0245753657597439,-5.69628288801319e-50,0,3.41776973280792e-49,8796459430.05142
" HB  ILE     7 "," HA  LYS    13 ",-0.144999111384388,-5.69628288801319e-50,0,3.41776973280792e-49,8796459430.05142
" HB  ILE     7 "," H   GLY    14 ",-0.226676239473168,-5.69628288801319e-50,0,3.41776973280792e-49,8796459430.05142
" HB  ILE     7 "," HA1 GLY    14 ",-0.084705971496958,-5.69628288801319e-50,0,3.41776973280792e-49,8796459430.05142
" HB  ILE     7 "," HA2 GLY    14 ",-0.0173490477354735,-5.69628288801319e-50,0,3.41776973280792e-49,8796459430.05142
"HG11 ILE     7 ","HG12 ILE     7 ",-7.34343027722173,-5.69628288801319e-50,0,3.41776973280792e-49,8796459430.05142
"HG11 ILE     7 "," HA  GLU    15 ",-0.0188349600280067,-5.69628288801319e-50,0,3.41776973280792e-49,8796459430.05142
"HG12 ILE     7 "," H   ASN     8 ",-0.031154546134226,-5.69628288801319e-50,0,3.41776973280792e-49,8796459430.05142
"HG12 ILE     7 "," HA  ALA    34 ",-0.0194950647524685,-5.69628288801319e-50,0,3.41776973280792e-49,8796459430.05142
"HG12 ILE     7 "," HB  VAL    39 ",-0.0625527957707477,-5.69628288801319e-50,0,3.41776973280792e-49,8796459430.05142
"HG12 ILE     7 "," H   VAL    54 ",-0.0254680094185926,-5.69628288801319e-50,0,3.41776973280792e-49,8796459430.05142
"HG12 ILE     7 "," HB  VAL    54 ",-0.0148224199911225,-5.69628288801319e-50,0,3.41776973280792e-49,8796459430.05142
" H   ASN     8 "," HA  ASN     8 ",-0.297248316140378,-5.69628288801319e-50,0,3.41776973280792e-49,8796459430.05142
" H   ASN     8 "," HB1 ASN     8 ",-0.0750113526511791,-5.69628288801319e-50,0,3.41776973280792e-49,8796459430.05142
" H   ASN     8 "," HB2 ASN     8 ",-0.622502953115087,-5.69628288801319e-50,0,3.41776973280792e-49,8796459430.05142
" H   ASN     8 ","HD21 ASN     8 ",-0.0149979156375694,-5.69628288801319e-50,0,3.41776973280792e-49,8796459430.05142
" H   ASN     8 "," H   GLY     9 ",-0.543282512260724,-5.69628288801319e-50,0,3.41776973280792e-49,8796459430.05142
" H   ASN     8 "," HA1 GLY     9 ",-0.026033489339333,-5.69628288801319e-50,0,3.41776973280792e-49,8796459430.05142
" H   ASN     8 "," HA2 GLY     9 ",-0.0344296233894415,-5.69628288801319e-50,0,3.41776973280792e-49,8796459430.05142
" H   ASN     8 "," HA  LYS    13 ",-0.021104114260742,-5.69628288801319e-50,0,3.41776973280792e-49,8796459430.05142
" H   ASN     8 "," HG2 LYS    13 ",-0.0196771273773985,-5.69628288801319e-50,0,3.41776973280792e-49,8796459430.05142
" H   ASN     8 "," H   VAL    54 ",-0.0193673978191273,-5.69628288801319e-50,0,3.41776973280792e-49,8796459430.05142
" H   ASN     8 "," HA  THR    55 ",-0.0283464458169364,-5.69628288801319e-50,0,3.41776973280792e-49,8796459430.05142
" H   ASN     8 "," H   GLU    56 ",-0.0153144854063412,-5.69628288801319e-50,0,3.41776973280792e-49,8796459430.05142
" HA  ASN     8 "," HB1 ASN     8 ",-1.1923145447412,-5.69628288801319e-50,0,3.41776973280792e-49,8796459430.05142
" HA  ASN     8 "," HB2 ASN     8 ",-0.322498124175309,-5.69628288801319e-50,0,3.41776973280792e-49,8796459430.05142
" HA  ASN     8 ","HD21 ASN     8 ",-0.770537212489919,-5.69628288801319e-50,0,3.41776973280792e-49,8796459430.05142
" HA  ASN     8 ","HD22 ASN     8 ",-0.0962846194521832,-5.69628288801319e-50,0,3.41776973280792e-49,8796459430.05142
" HA  ASN     8 "," H   GLY     9 ",-0.612075697043742,-5.69628288801319e-50,0,3.41776973280792e-49,8796459430.05142
" HA  ASN     8 "," HA1 GLY     9 ",-0.0167579810346287,-5.69628288801319e-50,0,3.41776973280792e-49,8796459430.05142
" HA  ASN     8 "," HA2 GLY     9 ",-0.0211745552227278,-5.69628288801319e-50,0,3.41776973280792e-49,8796459430.05142
" HA  ASN     8 "," HA  LYS    13 ",-0.100911303190488,-5.69628288801319e-50,0,3.41776973280792e-49,8796459430.05142
" HA  ASN     8 "," HB1 LYS    13 ",-0.097830339906552,-5.69628288801319e-50,0,3.41776973280792e-49,8796459430.05142
" HA  ASN     8 "," HG1 LYS    13 ",-0.0534279724788144,-5.69628288801319e-50,0,3.41776973280792e-49,8796459430.05142
" HA  ASN     8 "," HG2 LYS    13 ",-1.49604849585281,-5.69628288801319e-50,0,3.41776973280792e-49,8796459430.05142
" HA  ASN     8 "," HD1 LYS    13 ",-0.0986198440072006,-5.69628288801319e-50,0,3.41776973280792e-49,8796459430.05142
" HA  ASN     8 "," HD2 LYS    13 ",-0.015197814164171,-5.69628288801319e-50,0,3.41776973280792e-49,8796459430.05142
" HA  ASN     8 "," HE1 LYS    13 ",-0.178515082184076,-5.69628288801319e-50,0,3.41776973280792e-49,8796459430.05142
" HA  ASN     8 "," HE2 LYS    13 ",-0.021758337432338,-5.69628288801319e-50,0,3.41776973280792e-49,8796459430.05142
" HA  ASN     8 "," H   GLY    14 ",-0.0370389943788105,-5.69628288801319e-50,0,3.41776973280792e-49,8796459430.05142
" HB1 ASN     8 "," HB2 ASN     8 ",-7.4356346591577,-5.69628288801319e-50,0,3.41776973280792e-49,8796459430.05142
" HB1 ASN     8 ","HD21 ASN     8 ",-1.67300111181117,-5.69628288801319e-50,0,3.41776973280792e-49,8796459430.05142
" HB1 ASN     8 ","HD22 ASN     8 ",-0.118895157746461,-5.69628288801319e-50,0,3.41776973280792e-49,8796459430.05142
" HB1 ASN     8 "," H   GLY     9 ",-0.0358259213804253,-5.69628288801319e-50,0,3.41776973280792e-49,8796459430.05142
" HB1 ASN     8 "," HG2 LYS    13 ",-0.0342354558414698,-5.69628288801319e-50,0,3.41776973280792e-49,8796459430.05142
" HB1 ASN     8 "," HD1 LYS    13 ",-0.0159753849259438,-5.69628288801319e-50,0,3.41776973280792e-49,8796459430.05142
" HB1 ASN     8 "," HE1 LYS    13 ",-0.0626958149667978,-5.69628288801319e-50,0,3.41776973280792e-49,8796459430.05142
" HB2 ASN     8 ","HD21 ASN     8 ",-0.115605977381218,-5.69628288801319e-50,0,3.41776973280792e-49,8796459430.05142
" HB2 ASN     8 ","HD22 ASN     8 ",-0.0420754672307142,-5.69628288801319e-50,0,3.41776973280792e-49,8796459430.05142
" HB2 ASN     8 "," H   GLY     9 ",-0.0400488239639439,-5.69628288801319e-50,0,3.41776973280792e-49,8796459430.05142
" HB2 ASN     8 "," HA2 GLY     9 ",-0.0150374489323391,-5.69628288801319e-50,0,3.41776973280792e-49,8796459430.05142
" HB2 ASN     8 "," HA  THR    55 ",-0.0173326291999152,-5.69628288801319e-50,0,3.41776973280792e-49,8796459430.05142
"HD21 ASN     8 ","HD22 ASN     8 ",-8.03818202776844,-5.69628288801319e-50,0,3.41776973280792e-49,8796459430.05142
"HD21 ASN     8 "," HB1 LYS    13 ",-0.0238935986314709,-5.69628288801319e-50,0,3.41776973280792e-49,8796459430.05142
"HD21 ASN     8 "," HG2 LYS    13 ",-0.0568914865517214,-5.69628288801319e-50,0,3.41776973280792e-49,8796459430.05142
"HD21 ASN     8 "," HD1 LYS    13 ",-0.107276137172141,-5.69628288801319e-50,0,3.41776973280792e-49,8796459430.05142
"HD21 ASN     8 "," HE1 LYS    13 ",-0.0758420449066026,-5.69628288801319e-50,0,3.41776973280792e-49,8796459430.05142
"HD21 ASN     8 "," HE2 LYS    13 ",-0.0306082695758892,-5.69628288801319e-50,0,3.41776973280792e-49,8796459430.05142
"HD22 ASN     8 "," HD1 LYS    13 ",-0.0228149157978497,-5.69628288801319e-50,0,3.41776973280792e-49,8796459430.05142
" H   GLY     9 "," HA1 GLY     9 ",-1.21243244578847,-5.69628288801319e-50,0,3.41776973280792e-49,8796459430.05142
" H   GLY     9 "," HA2 GLY     9 ",-0.40814290020353,-5.69628288801319e-50,0,3.41776973280792e-49,8796459430.05142
" H   GLY     9 "," H   LYS    10 ",-0.0211956836961677,-5.69628288801319e-50,0,3.41776973280792e-49,8796459430.05142
" H   GLY     9 "," H   LEU    12 ",-0.0221460578315988,-5.69628288801319e-50,0,3.41776973280792e-49,8796459430.05142
" H   GLY     9 "," HA  LYS    13 ",-0.239275401076441,-5.69628288801319e-50,0,3.41776973280792e-49,8796459430.05142
" H   GLY     9 "," HB1 LYS    13 ",-0.0220179064659883,-5.69628288801319e-50,0,3.41776973280792e-49,8796459430.05142
" H   GLY     9 "," HG1 LYS    13 ",-0.0680750292960271,-5.69628288801319e-50,0,3.41776973280792e-49,8796459430.05142
" H   GLY     9 "," HG2 LYS    13 ",-0.339592660247154,-5.69628288801319e-50,0,3.41776973280792e-49,8796459430.05142
" H   GLY     9 "," HE1 LYS    13 ",-0.0335387017614738,-5.69628288801319e-50,0,3.41776973280792e-49,8796459430.05142
" H   GLY     9 "," H   GLY    14 ",-0.0160222864306953,-5.69628288801319e-50,0,3.41776973280792e-49,8796459430.05142
" HA1 GLY     9 "," HA2 GLY     9 ",-7.02588683637202,-5.69628288801319e-50,0,3.41776973280792e-49,8796459430.05142
" HA1 GLY     9 "," H   LYS    10 ",-0.608516655467445,-5.69628288801319e-50,0,3.41776973280792e-49,8796459430.05142
" HA1 GLY     9 "," HA  LYS    10 ",-0.0191099356227774,-5.69628288801319e-50,0,3.41776973280792e-49,8796459430.05142
" HA1 GLY     9 "," HB1 LYS    10 ",-0.0171974672070776,-5.69628288801319e-50,0,3.41776973280792e-49,8796459430.05142
" HA1 GLY     9 "," H   THR    11 ",-0.0748479318783672,-5.69628288801319e-50,0,3.41776973280792e-49,8796459430.05142
" HA1 GLY     9 "," H   LEU    12 ",-0.196963725335012,-5.69628288801319e-50,0,3.41776973280792e-49,8796459430.05142
" HA1 GLY     9 "," HB1 LEU    12 ",-0.02615194758231,-5.69628288801319e-50,0,3.41776973280792e-49,8796459430.05142
" HA1 GLY     9 "," HA  LYS    13 ",-0.0187060046406177,-5.69628288801319e-50,0,3.41776973280792e-49,8796459430.05142
" HA1 GLY     9 "," HG1 LYS    13 ",-0.0202317533740557,-5.69628288801319e-50,0,3.41776973280792e-49,8796459430.05142
" HA1 GLY     9 "," HG2 LYS    13 ",-0.0225733883971833,-5.69628288801319e-50,0,3.41776973280792e-49,8796459430.05142
" HA1 GLY     9 "," HB1 GLU    56 ",-0.0620137101605039,-5.69628288801319e-50,0,3.41776973280792e-49,8796459430.05142
" HA1 GLY     9 "," HB2 GLU    56 ",-0.0193346372576195,-5.69628288801319e-50,0,3.41776973280792e-49,8796459430.05142
" HA2 GLY     9 "," H   LYS    10 ",-1.03057007971452,-5.69628288801319e-50,0,3.41776973280792e-49,8796459430.05142
" HA2 GLY     9 "," HA  LYS    10 ",-0.0228993488409269,-5.69628288801319e-50,0,3.41776973280792e-49,8796459430.05142
" HA2 GLY     9 "," HB1 LYS    10 ",-0.0225954838592905,-5.69628288801319e-50,0,3.41776973280792e-49,8796459430.05142
" HA2 GLY     9 "," HB2 LYS    10 ",-0.0175165547203915,-5.69628288801319e-50,0,3.41776973280792e-49,8796459430.05142
" HA2 GLY     9 "," H   THR    11 ",-0.019991772099732,-5.69628288801319e-50,0,3.41776973280792e-49,8796459430.05142
" HA2 GLY     9 "," H   LEU    12 ",-0.0177347892283718,-5.69628288801319e-50,0,3.41776973280792e-49,8796459430.05142
" HA2 GLY     9 "," H   GLU    56 ",-0.0461410152339408,-5.69628288801319e-50,0,3.41776973280792e-49,8796459430.05142
" HA2 GLY     9 "," HB1 GLU    56 ",-0.149873533384241,-5.69628288801319e-50,0,3.41776973280792e-49,8796459430.05142
" HA2 GLY     9 "," HB2 GLU    56 ",-0.0260279060887432,-5.69628288801319e-50,0,3.41776973280792e-49,8796459430.05142
" H   LYS    10 "," HA  LYS    10 ",-0.317262310360404,-5.69628288801319e-50,0,3.41776973280792e-49,8796459430.05142
" H   LYS    10 "," HB1 LYS    10 ",-1.70167006480471,-5.69628288801319e-50,0,3.41776973280792e-49,8796459430.05142
" H   LYS    10 "," HB2 LYS    10 ",-0.374200056138451,-5.69628288801319e-50,0,3.41776973280792e-49,8796459430.05142
" H   LYS    10 "," HD1 LYS    10 ",-0.0161498632951513,-5.69628288801319e-50,0,3.41776973280792e-49,8796459430.05142
" H   LYS    10 "," HE2 LYS    10 ",-0.0466224731240478,-5.69628288801319e-50,0,3.41776973280792e-49,8796459430.05142
" H   LYS    10 "," H   THR    11 ",-0.442313385089162,-5.69628288801319e-50,0,3.41776973280792e-49,8796459430.05142
" H   LYS    10 "," H   LEU    12 ",-0.0486070837489258,-5.69628288801319e-50,0,3.41776973280792e-49,8796459430.05142
" H   LYS    10 "," HB1 GLU    56 ",-0.0622211155369417,-5.69628288801319e-50,0,3.41776973280792e-49,8796459430.05142
" HA  LYS    10 "," HB1 LYS    10 ",-0.336955572789225,-5.69628288801319e-50,0,3.41776973280792e-49,8796459430.05142
" HA  LYS    10 "," HB2 LYS    10 ",-1.62315011810474,-5.69628288801319e-50,0,3.41776973280792e-49,8796459430.05142
" HA  LYS    10 "," HD1 LYS    10 ",-0.0483209702503165,-5.69628288801319e-50,0,3.41776973280792e-49,8796459430.05142
" HA  LYS    10 "," HE2 LYS    10 ",-0.017417501655806,-5.69628288801319e-50,0,3.41776973280792e-49,8796459430.05142
" HA  LYS    10 "," H   THR    11 ",-0.11719794760935,-5.69628288801319e-50,0,3.41776973280792e-49,8796459430.05142
" HA  LYS    10 "," H   LEU    12 ",-0.0157407533319521,-5.69628288801319e-50,0,3.41776973280792e-49,8796459430.05142
" HB1 LYS    10 "," HB2 LYS    10 ",-6.98588562754524,-5.69628288801319e-50,0,3.41776973280792e-49,8796459430.05142
" HB1 LYS    10 "," HD1 LYS    10 ",-0.257268135774466,-5.69628288801319e-50,0,3.41776973280792e-49,8796459430.05142
" HB1 LYS    10 "," HE2 LYS    10 ",-2.27530928571338,-5.69628288801319e-50,0,3.41776973280792e-49,8796459430.05142
" HB1 LYS    10 "," H   THR    11 ",-0.279258256551403,-5.69628288801319e-50,0,3.41776973280792e-49,8796459430.05142
" HB2 LYS    10 "," HD1 LYS    10 ",-2.14711900823796,-5.69628288801319e-50,0,3.41776973280792e-49,8796459430.05142
" HB2 LYS    10 "," HE2 LYS    10 ",-0.348494429636087,-5.69628288801319e-50,0,3.41776973280792e-49,8796459430.05142
" HB2 LYS    10 "," H   THR    11 ",-0.036954039956192,-5.69628288801319e-50,0,3.41776973280792e-49,8796459430.05142
" HG1 LYS    10 "," HG2 LYS    10 ",-8.04499090457656,-5.69628288801319e-50,0,3.41776973280792e-49,8796459430.05142
" HG1 LYS    10 "," HD2 LYS    10 ",-0.914615574093202,-5.69628288801319e-50,0,3.41776973280792e-49,8796459430.05142
" HG1 LYS    10 "," HE1 LYS    10 ",-0.0970335096099551,-5.69628288801319e-50,0,3.41776973280792e-49,8796459430.05142
" HG2 LYS    10 "," HD2 LYS    10 ",-0.805115866964255,-5.69628288801319e-50,0,3.41776973280792e-49,8796459430.05142
" HG2 LYS    10 "," HE1 LYS    10 ",-0.864198621143279,-5.69628288801319e-50,0,3.41776973280792e-49,8796459430.05142
" HG2 LYS    10 "," HA  THR    11 ",-0.0348354132434395,-5.69628288801319e-50,0,3.41776973280792e-49,8796459430.05142
" HD1 LYS    10 "," HE2 LYS    10 ",-0.635785837357185,-5.69628288801319e-50,0,3.41776973280792e-49,8796459430.05142
" HD2 LYS    10 "," HE1 LYS    10 ",-1.73272094822911,-5.69628288801319e-50,0,3.41776973280792e-49,8796459430.05142
" HE2 LYS    10 "," H   THR    11 ",-0.0166752960985171,-5.69628288801319e-50,0,3.41776973280792e-49,8796459430.05142
" H   THR    11 "," HG1 THR    11 ",-0.175984178663561,-5.69628288801319e-50,0,3.41776973280792e-49,8796459430.05142
" H   THR    11 "," H   LEU    12 ",-1.10141680900547,-5.69628288801319e-50,0,3.41776973280792e-49,8796459430.05142
" H   THR    11 "," HB1 LEU    12 ",-0.01474969267624,-5.69628288801319e-50,0,3.41776973280792e-49,8796459430.05142
" HA  THR    11 "," HB  THR    11 ",-0.848055585200053,-5.69628288801319e-50,0,3.41776973280792e-49,8796459430.05142
" HG1 THR    11 "," H   LEU    12 ",-0.0778379627803504,-5.69628288801319e-50,0,3.41776973280792e-49,8796459430.05142
" HG1 THR    11 "," HB1 LEU    12 ",-0.0184087859800273,-5.69628288801319e-50,0,3.41776973280792e-49,8796459430.05142
" HG1 THR    11 "," HB2 LEU    12 ",-0.0329221469409935,-5.69628288801319e-50,0,3.41776973280792e-49,8796459430.05142
" H   LEU    12 "," HA  LEU    12 ",-0.324230440457695,-5.69628288801319e-50,0,3.41776973280792e-49,8796459430.05142
" H   LEU    12 "," HB1 LEU    12 ",-0.542676419869432,-5.69628288801319e-50,0,3.41776973280792e-49,8796459430.05142
" H   LEU    12 "," HB2 LEU    12 ",-0.322841440936975,-5.69628288801319e-50,0,3.41776973280792e-49,8796459430.05142
" H   LEU    12 "," HG  LEU    12 ",-0.0207316518827415,-5.69628288801319e-50,0,3.41776973280792e-49,8796459430.05142
" H   LEU    12 "," H   LYS    13 ",-0.027682038963339,-5.69628288801319e-50,0,3.41776973280792e-49,8796459430.05142
" H   LEU    12 "," HG1 LYS    13 ",-0.0223269881858316,-5.69628288801319e-50,0,3.41776973280792e-49,8796459430.05142
" HA  LEU    12 "," HB1 LEU    12 ",-0.279767711443734,-5.69628288801319e-50,0,3.41776973280792e-49,8796459430.05142
" HA  LEU    12 "," HB2 LEU    12 ",-1.01451550298832,-5.69628288801319e-50,0,3.41776973280792e-49,8796459430.05142
" HA  LEU    12 "," HG  LEU    12 ",-1.21116437534044,-5.69628288801319e-50,0,3.41776973280792e-49,8796459430.05142
" HA  LEU    12 "," H   LYS    13 ",-2.23910125819824,-5.69628288801319e-50,0,3.41776973280792e-49,8796459430.05142
" HA  LEU    12 "," HA  LYS    13 ",-0.0334684517912146,-5.69628288801319e-50,0,3.41776973280792e-49,8796459430.05142
" HA  LEU    12 "," HB2 LYS    13 ",-0.0254978384393242,-5.69628288801319e-50,0,3.41776973280792e-49,8796459430.05142
" HA  LEU    12 "," HG1 LYS    13 ",-0.0428780710319431,-5.69628288801319e-50,0,3.41776973280792e-49,8796459430.05142
" HB1 LEU    12 "," HB2 LEU    12 ",-7.3929780568555,-5.69628288801319e-50,0,3.41776973280792e-49,8796459430.05142
" HB1 LEU    12 "," HG  LEU    12 ",-0.251886848871548,-5.69628288801319e-50,0,3.41776973280792e-49,8796459430.05142
" HB1 LEU    12 "," H   LYS    13 ",-0.0502815760256959,-5.69628288801319e-50,0,3.41776973280792e-49,8796459430.05142
" HB1 LEU    12 "," HA  LYS    13 ",-0.019019788912257,-5.69628288801319e-50,0,3.41776973280792e-49,8796459430.05142
" HB1 LEU    12 "," HB1 ASN    37 ",-0.0396220000059451,-5.69628288801319e-50,0,3.41776973280792e-49,8796459430.05142
" HB1 LEU    12 "," HB  VAL    39 ",-0.0287353608838076,-5.69628288801319e-50,0,3.41776973280792e-49,8796459430.05142
" HB2 LEU    12 "," HG  LEU    12 ",-0.552810078791621,-5.69628288801319e-50,0,3.41776973280792e-49,8796459430.05142
" HB2 LEU    12 "," H   LYS    13 ",-0.0452302184289347,-5.69628288801319e-50,0,3.41776973280792e-49,8796459430.05142
" HB2 LEU    12 "," HB1 ASN    37 ",-0.016264315942083,-5.69628288801319e-50,0,3.41776973280792e-49,8796459430.05142
" HG  LEU    12 "," H   LYS    13 ",-0.945320701201375,-5.69628288801319e-50,0,3.41776973280792e-49,8796459430.05142
" HG  LEU    12 "," HA  LYS    13 ",-0.0232360710454268,-5.69628288801319e-50,0,3.41776973280792e-49,8796459430.05142
" HG  LEU    12 "," HB1 ASN    37 ",-0.0228188862079566,-5.69628288801319e-50,0,3.41776973280792e-49,8796459430.05142
" H   LYS    13 "," HA  LYS    13 ",-0.423407240354473,-5.69628288801319e-50,0,3.41776973280792e-49,8796459430.05142
" H   LYS    13 "," HB1 LYS    13 ",-0.0694184282604526,-5.69628288801319e-50,0,3.41776973280792e-49,8796459430.05142
" H   LYS    13 "," HB2 LYS    13 ",-0.452042035638604,-5.69628288801319e-50,0,3.41776973280792e-49,8796459430.05142
" H   LYS    13 "," HG1 LYS    13 ",-0.126826224777031,-5.69628288801319e-50,0,3.41776973280792e-49,8796459430.05142
" H   LYS    13 "," HG2 LYS    13 ",-0.0372368722662971,-5.69628288801319e-50,0,3.41776973280792e-49,8796459430.05142
" H   LYS    13 "," HD2 LYS    13 ",-0.018308678703683,-5.69628288801319e-50,0,3.41776973280792e-49,8796459430.05142
" H   LYS    13 "," H   GLY    14 ",-0.0317028887695816,-5.69628288801319e-50,0,3.41776973280792e-49,8796459430.05142
" H   LYS    13 "," HA1 GLY    14 ",-0.0181489173649937,-5.69628288801319e-50,0,3.41776973280792e-49,8796459430.05142
" HA  LYS    13 "," HB1 LYS    13 ",-1.08772382579536,-5.69628288801319e-50,0,3.41776973280792e-49,8796459430.05142
" HA  LYS    13 "," HB2 LYS    13 ",-0.300936506524834,-5.69628288801319e-50,0,3.41776973280792e-49,8796459430.05142
" HA  LYS    13 "," HG1 LYS    13 ",-0.251505535947046,-5.69628288801319e-50,0,3.41776973280792e-49,8796459430.05142
" HA  LYS    13 "," HG2 LYS    13 ",-0.900796443925902,-5.69628288801319e-50,0,3.41776973280792e-49,8796459430.05142
" HA  LYS    13 "," HD1 LYS    13 ",-0.031622214278991,-5.69628288801319e-50,0,3.41776973280792e-49,8796459430.05142
" HA  LYS    13 "," HD2 LYS    13 ",-0.0227272862210975,-5.69628288801319e-50,0,3.41776973280792e-49,8796459430.05142
" HA  LYS    13 "," HE1 LYS    13 ",-0.0151261853579324,-5.69628288801319e-50,0,3.41776973280792e-49,8796459430.05142
" HA  LYS    13 "," H   GLY    14 ",-1.11628750357624,-5.69628288801319e-50,0,3.41776973280792e-49,8796459430.05142
" HA  LYS    13 "," HA1 GLY    14 ",-0.0336670973729011,-5.69628288801319e-50,0,3.41776973280792e-49,8796459430.05142
" HA  LYS    13 "," HA2 GLY    14 ",-0.0211769331517941,-5.69628288801319e-50,0,3.41776973280792e-49,8796459430.05142
" HB1 LYS    13 "," HB2 LYS    13 ",-6.42573034487763,-5.69628288801319e-50,0,3.41776973280792e-49,8796459430.05142
" HB1 LYS    13 "," HG1 LYS    13 ",-0.296340919806095,-5.69628288801319e-50,0,3.41776973280792e-49,8796459430.05142
" HB1 LYS    13 "," HG2 LYS    13 ",-1.61363626173651,-5.69628288801319e-50,0,3.41776973280792e-49,8796459430.05142
" HB1 LYS    13 "," HD1 LYS    13 ",-0.868778165859085,-5.69628288801319e-50,0,3.41776973280792e-49,8796459430.05142
" HB1 LYS    13 "," HD2 LYS    13 ",-0.269580819168183,-5.69628288801319e-50,0,3.41776973280792e-49,8796459430.05142
" HB1 LYS    13 "," HE1 LYS    13 ",-0.0393803784135015,-5.69628288801319e-50,0,3.41776973280792e-49,8796459430.05142
" HB1 LYS    13 "," HE2 LYS    13 ",-0.0207599388041191,-5.69628288801319e-50,0,3.41776973280792e-49,8796459430.05142
" HB1 LYS    13 "," H   GLY    14 ",-1.04608593636769,-5.69628288801319e-50,0,3.41776973280792e-49,8796459430.05142
" HB1 LYS    13 "," HA1 GLY    14 ",-0.0167725412338899,-5.69628288801319e-50,0,3.41776973280792e-49,8796459430.05142
" HB1 LYS    13 "," HA2 GLY    14 ",-0.0353547851083527,-5.69628288801319e-50,0,3.41776973280792e-49,8796459430.05142
" HB2 LYS    13 "," HG1 LYS    13 ",-0.80966548568417,-5.69628288801319e-50,0,3.41776973280792e-49,8796459430.05142
" HB2 LYS    13 "," HG2 LYS    13 ",-0.315190517301614,-5.69628288801319e-50,0,3.41776973280792e-49,8796459430.05142
" HB2 LYS    13 "," HD1 LYS    13 ",-0.252817041742584,-5.69628288801319e-50,0,3.41776973280792e-49,8796459430.05142
" HB2 LYS    13 "," HD2 LYS    13 ",-1.0256064480398,-5.69628288801319e-50,0,3.41776973280792e-49,8796459430.05142
" HB2 LYS    13 "," HE1 LYS    13 ",-0.0232016399773763,-5.69628288801319e-50,0,3.41776973280792e-49,8796459430.05142
" HB2 LYS    13 "," HE2 LYS    13 ",-0.0181195493067486,-5.69628288801319e-50,0,3.41776973280792e-49,8796459430.05142
" HB2 LYS    13 "," H   GLY    14 ",-0.0864095148199505,-5.69628288801319e-50,0,3.41776973280792e-49,8796459430.05142
" HB2 LYS    13 "," HA2 GLY    14 ",-0.0190241133586623,-5.69628288801319e-50,0,3.41776973280792e-49,8796459430.05142
" HG1 LYS    13 "," HG2 LYS    13 ",-7.15848580964061,-5.69628288801319e-50,0,3.41776973280792e-49,8796459430.05142
" HG1 LYS    13 "," HD1 LYS    13 ",-0.308637595019892,-5.69628288801319e-50,0,3.41776973280792e-49,8796459430.05142
" HG1 LYS    13 "," HD2 LYS    13 ",-1.19033121279089,-5.69628288801319e-50,0,3.41776973280792e-49,8796459430.05142
" HG1 LYS    13 "," HE1 LYS    13 ",-0.429547088821232,-5.69628288801319e-50,0,3.41776973280792e-49,8796459430.05142
" HG1 LYS    13 "," HE2 LYS    13 ",-0.0996293955019659,-5.69628288801319e-50,0,3.41776973280792e-49,8796459430.05142
" HG1 LYS    13 "," H   GLY    14 ",-0.015879606015211,-5.69628288801319e-50,0,3.41776973280792e-49,8796459430.05142
" HG2 LYS    13 "," HD1 LYS    13 ",-1.11600724825899,-5.69628288801319e-50,0,3.41776973280792e-49,8796459430.05142
" HG2 LYS    13 "," HD2 LYS    13 ",-0.301679087331334,-5.69628288801319e-50,0,3.41776973280792e-49,8796459430.05142
" HG2 LYS    13 "," HE1 LYS    13 ",-1.00114381308478,-5.69628288801319e-50,0,3.41776973280792e-49,8796459430.05142
" HG2 LYS    13 "," HE2 LYS    13 ",-0.0973963158513347,-5.69628288801319e-50,0,3.41776973280792e-49,8796459430.05142
" HG2 LYS    13 "," H   GLY    14 ",-0.0629546557540281,-5.69628288801319e-50,0,3.41776973280792e-49,8796459430.05142
" HD1 LYS    13 "," HD2 LYS    13 ",-5.83650794034859,-5.69628288801319e-50,0,3.41776973280792e-49,8796459430.05142
" HD1 LYS    13 "," HE1 LYS    13 ",-0.947740387229953,-5.69628288801319e-50,0,3.41776973280792e-49,8796459430.05142
" HD1 LYS    13 "," HE2 LYS    13 ",-1.3464893905018,-5.69628288801319e-50,0,3.41776973280792e-49,8796459430.05142
" HD1 LYS    13 "," H   GLY    14 ",-0.0184305269602331,-5.69628288801319e-50,0,3.41776973280792e-49,8796459430.05142
" HD2 LYS    13 "," HE1 LYS    13 ",-0.273227685360869,-5.69628288801319e-50,0,3.41776973280792e-49,8796459430.05142
" HD2 LYS    13 "," HE2 LYS    13 ",-0.753784804978821,-5.69628288801319e-50,0,3.41776973280792e-49,8796459430.05142
" HE1 LYS    13 "," HE2 LYS    13 ",-8.77918309141025,-5.69628288801319e-50,0,3.41776973280792e-49,8796459430.05142
" H   GLY    14 "," HA1 GLY    14 ",-0.321774868994558,-5.69628288801319e-50,0,3.41776973280792e-49,8796459430.05142
" H   GLY    14 "," HA2 GLY    14 ",-0.419552727488072,-5.69628288801319e-50,0,3.41776973280792e-49,8796459430.05142
" H   GLY    14 "," H   GLU    15 ",-0.0292999115789675,-5.69628288801319e-50,0,3.41776973280792e-49,8796459430.05142
" H   GLY    14 "," HG1 GLU    15 ",-0.0325922944948044,-5.69628288801319e-50,0,3.41776973280792e-49,8796459430.05142
" HA1 GLY    14 "," HA2 GLY    14 ",-8.58710852432029,-5.69628288801319e-50,0,3.41776973280792e-49,8796459430.05142
" HA1 GLY    14 "," H   GLU    15 ",-0.651058544923428,-5.69628288801319e-50,0,3.41776973280792e-49,8796459430.05142
" HA1 GLY    14 "," HA  GLU    15 ",-0.0311403224616226,-5.69628288801319e-50,0,3.41776973280792e-49,8796459430.05142
" HA1 GLY    14 "," HG1 GLU    15 ",-0.0212923357173128,-5.69628288801319e-50,0,3.41776973280792e-49,8796459430.05142
" HA1 GLY    14 "," HH  TYR    33 ",-0.0170474013005196,-5.69628288801319e-50,0,3.41776973280792e-49,8796459430.05142
" HA2 GLY    14 "," H   GLU    15 ",-1.51002244374157,-5.69628288801319e-50,0,3.41776973280792e-49,8796459430.05142
" HA2 GLY    14 "," HA  GLU    15 ",-0.0218017380422228,-5.69628288801319e-50,0,3.41776973280792e-49,8796459430.05142
" HA2 GLY    14 "," HB2 GLU    15 ",-0.0295416664936826,-5.69628288801319e-50,0,3.41776973280792e-49,8796459430.05142
" HA2 GLY    14 "," HG1 GLU    15 ",-0.0748113807901037,-5.69628288801319e-50,0,3.41776973280792e-49,8796459430.05142
" H   GLU    15 "," HA  GLU    15 ",-0.294890339786416,-5.69628288801319e-50,0,3.41776973280792e-49,8796459430.05142
" H   GLU    15 "," HB1 GLU    15 ",-0.0830538858692441,-5.69628288801319e-50,0,3.41776973280792e-49,8796459430.05142
" H   GLU    15 "," HB2 GLU    15 ",-0.760459433330504,-5.69628288801319e-50,0,3.41776973280792e-49,8796459430.05142
" H   GLU    15 "," HG1 GLU    15 ",-0.239806631871676,-5.69628288801319e-50,0,3.41776973280792e-49,8796459430.05142
" H   GLU    15 "," HG2 GLU    15 ",-0.0534703288531257,-5.69628288801319e-50,0,3.41776973280792e-49,8796459430.05142
" H   GLU    15 "," H   THR    16 ",-0.0287364781239776,-5.69628288801319e-50,0,3.41776973280792e-49,8796459430.05142
" H   GLU    15 "," HB  THR    16 ",-0.0146229148626534,-5.69628288801319e-50,0,3.41776973280792e-49,8796459430.05142
" HA  GLU    15 "," HB1 GLU    15 ",-0.857449974751767,-5.69628288801319e-50,0,3.41776973280792e-49,8796459430.05142
" HA  GLU    15 "," HB2 GLU    15 ",-0.299362851260649,-5.69628288801319e-50,0,3.41776973280792e-49,8796459430.05142
" HA  GLU    15 "," HG1 GLU    15 ",-0.220078741496438,-5.69628288801319e-50,0,3.41776973280792e-49,8796459430.05142
" HA  GLU    15 "," HG2 GLU    15 ",-1.09986587204839,-5.69628288801319e-50,0,3.41776973280792e-49,8796459430.05142
" HA  GLU    15 "," H   THR    16 ",-1.81124003805577,-5.69628288801319e-50,0,3.41776973280792e-49,8796459430.05142
" HA  GLU    15 "," HA  THR    16 ",-0.0287821526149611,-5.69628288801319e-50,0,3.41776973280792e-49,8796459430.05142
" HA  GLU    15 "," HB  THR    16 ",-0.0235098683993109,-5.69628288801319e-50,0,3.41776973280792e-49,8796459430.05142
" HB1 GLU    15 "," HB2 GLU    15 ",-8.90887187908077,-5.69628288801319e-50,0,3.41776973280792e-49,8796459430.05142
" HB1 GLU    15 "," HG1 GLU    15 ",-0.220320994826253,-5.69628288801319e-50,0,3.41776973280792e-49,8796459430.05142
" HB1 GLU    15 "," HG2 GLU    15 ",-0.585782166248013,-5.69628288801319e-50,0,3.41776973280792e-49,8796459430.05142
" HB1 GLU    15 "," H   THR    16 ",-0.716597283862273,-5.69628288801319e-50,0,3.41776973280792e-49,8796459430.05142
" HB1 GLU    15 "," HA  THR    16 ",-0.0506782797630912,-5.69628288801319e-50,0,3.41776973280792e-49,8796459430.05142
" HB2 GLU    15 "," HG1 GLU    15 ",-1.01924713882711,-5.69628288801319e-50,0,3.41776973280792e-49,8796459430.05142
" HB2 GLU    15 "," HG2 GLU    15 ",-0.286734405689824,-5.69628288801319e-50,0,3.41776973280792e-49,8796459430.05142
" HB2 GLU    15 "," H   THR    16 ",-0.0739289740579017,-5.69628288801319e-50,0,3.41776973280792e-49,8796459430.05142
" HB2 GLU    15 "," HA  THR    16 ",-0.0226753709108824,-5.69628288801319e-50,0,3.41776973280792e-49,8796459430.05142
" HG1 GLU    15 "," HG2 GLU    15 ",-7.13673472218367,-5.69628288801319e-50,0,3.41776973280792e-49,8796459430.05142
" HG1 GLU    15 "," H   THR    16 ",-0.0150375238028662,-5.69628288801319e-50,0,3.41776973280792e-49,8796459430.05142
" HG2 GLU    15 "," H   THR    16 ",-0.0533055239605348,-5.69628288801319e-50,0,3.41776973280792e-49,8796459430.05142
" H   THR    16 "," HA  THR    16 ",-0.438788130441187,-5.69628288801319e-50,0,3.41776973280792e-49,8796459430.05142
" H   THR    16 "," HB  THR    16 ",-0.10245383473451,-5.69628288801319e-50,0,3.41776973280792e-49,8796459430.05142
" H   THR    16 "," HG1 THR    16 ",-0.0229408236320966,-5.69628288801319e-50,0,3.41776973280792e-49,8796459430.05142
" H   THR    16 "," H   THR    17 ",-0.0321819897628392,-5.69628288801319e-50,0,3.41776973280792e-49,8796459430.05142
" H   THR    16 "," HA  THR    17 ",-0.0224864868800392,-5.69628288801319e-50,0,3.41776973280792e-49,8796459430.05142
" HA  THR    16 "," HB  THR    16 ",-1.24004258890447,-5.69628288801319e-50,0,3.41776973280792e-49,8796459430.05142
" HA  THR    16 "," HG1 THR    16 ",-1.60005164669828,-5.69628288801319e-50,0,3.41776973280792e-49,8796459430.05142
" HA  THR    16 "," H   THR    17 ",-0.648779329733592,-5.69628288801319e-50,0,3.41776973280792e-49,8796459430.05142
" HA  THR    16 "," HA  THR    17 ",-0.0265026572308335,-5.69628288801319e-50,0,3.41776973280792e-49,8796459430.05142
" HA  THR    16 "," HG1 THR    17 ",-0.0298946623972049,-5.69628288801319e-50,0,3.41776973280792e-49,8796459430.05142
" HB  THR    16 "," HG1 THR    16 ",-1.43204967464081,-5.69628288801319e-50,0,3.41776973280792e-49,8796459430.05142
" HB  THR    16 "," H   THR    17 ",-0.0938763370548398,-5.69628288801319e-50,0,3.41776973280792e-49,8796459430.05142
" HB  THR    16 "," HH  TYR    33 ",-0.171099761762546,-5.69628288801319e-50,0,3.41776973280792e-49,8796459430.05142
" HG1 THR    16 "," H   THR    17 ",-3.67455104071143,-5.69628288801319e-50,0,3.41776973280792e-49,8796459430.05142
" HG1 THR    16 "," HA  THR    17 ",-0.0161807960591023,-5.69628288801319e-50,0,3.41776973280792e-49,8796459430.05142
" HG1 THR    16 "," HG1 THR    17 ",-0.0253211111761009,-5.69628288801319e-50,0,3.41776973280792e-49,8796459430.05142
" H   THR    17 "," HA  THR    17 ",-0.314208881394418,-5.69628288801319e-50,0,3.41776973280792e-49,8796459430.05142
" H   THR    17 "," HB  THR    17 ",-0.0764215429629303,-5.69628288801319e-50,0,3.41776973280792e-49,8796459430.05142
" H   THR    17 "," HG1 THR    17 ",-0.136426313131989,-5.69628288801319e-50,0,3.41776973280792e-49,8796459430.05142
" H   THR    17 "," H   THR    18 ",-0.0267335626114257,-5.69628288801319e-50,0,3.41776973280792e-49,8796459430.05142
" H   THR    17 "," HA  THR    18 ",-0.0153061956918172,-5.69628288801319e-50,0,3.41776973280792e-49,8796459430.05142
" H   THR    17 "," HB  THR    18 ",-0.0209433881380727,-5.69628288801319e-50,0,3.41776973280792e-49,8796459430.05142
" H   THR    17 "," HZ  PHE    30 ",-0.0191910639518291,-5.69628288801319e-50,0,3.41776973280792e-49,8796459430.05142
" HA  THR    17 "," HB  THR    17 ",-0.707624812726703,-5.69628288801319e-50,0,3.41776973280792e-49,8796459430.05142
" HA  THR    17 "," HG1 THR    17 ",-0.0519080528488679,-5.69628288801319e-50,0,3.41776973280792e-49,8796459430.05142
" HA  THR    17 "," H   THR    18 ",-0.879992227952281,-5.69628288801319e-50,0,3.41776973280792e-49,8796459430.05142
" HA  THR    17 "," HA  THR    18 ",-0.0227895803778064,-5.69628288801319e-50,0,3.41776973280792e-49,8796459430.05142
" HA  THR    17 "," HB  THR    18 ",-0.0220536932231842,-5.69628288801319e-50,0,3.41776973280792e-49,8796459430.05142
" HA  THR    17 "," HZ  PHE    30 ",-0.767666642606868,-5.69628288801319e-50,0,3.41776973280792e-49,8796459430.05142
" HB  THR    17 "," HG1 THR    17 ",-1.3339496958615,-5.69628288801319e-50,0,3.41776973280792e-49,8796459430.05142
" HB  THR    17 "," H   THR    18 ",-0.212874953249908,-5.69628288801319e-50,0,3.41776973280792e-49,8796459430.05142
" HB  THR    17 "," HA  THR    18 ",-0.0375519086063935,-5.69628288801319e-50,0,3.41776973280792e-49,8796459430.05142
" HB  THR    17 "," HG1 LYS    19 ",-0.0197436628972725,-5.69628288801319e-50,0,3.41776973280792e-49,8796459430.05142
" HB  THR    17 "," HZ  PHE    30 ",-0.0180511844002826,-5.69628288801319e-50,0,3.41776973280792e-49,8796459430.05142
" H   THR    18 "," HA  THR    18 ",-0.407903927386693,-5.69628288801319e-50,0,3.41776973280792e-49,8796459430.05142
" H   THR    18 "," HB  THR    18 ",-0.163782241698823,-5.69628288801319e-50,0,3.41776973280792e-49,8796459430.05142
" H   THR    18 "," HG1 THR    18 ",-0.0150004143715213,-5.69628288801319e-50,0,3.41776973280792e-49,8796459430.05142
" H   THR    18 "," H   LYS    19 ",-0.0462754269145285,-5.69628288801319e-50,0,3.41776973280792e-49,8796459430.05142
" H   THR    18 "," HA  LYS    19 ",-0.0183198819969425,-5.69628288801319e-50,0,3.41776973280792e-49,8796459430.05142
" H   THR    18 "," HG1 LYS    19 ",-0.0267341407421969,-5.69628288801319e-50,0,3.41776973280792e-49,8796459430.05142
" H   THR    18 "," HZ  PHE    30 ",-0.781732348560073,-5.69628288801319e-50,0,3.41776973280792e-49,8796459430.05142
" HA  THR    18 "," HB  THR    18 ",-0.994800047391212,-5.69628288801319e-50,0,3.41776973280792e-49,8796459430.05142
" HA  THR    18 "," HG1 THR    18 ",-0.269373580207596,-5.69628288801319e-50,0,3.41776973280792e-49,8796459430.05142
" HA  THR    18 "," H   LYS    19 ",-2.8381633279565,-5.69628288801319e-50,0,3.41776973280792e-49,8796459430.05142
" HA  THR    18 "," HA  LYS    19 ",-0.031300079947176,-5.69628288801319e-50,0,3.41776973280792e-49,8796459430.05142
" HA  THR    18 "," HB2 LYS    19 ",-0.0272865437983816,-5.69628288801319e-50,0,3.41776973280792e-49,8796459430.05142
" HA  THR    18 "," HG1 LYS    19 ",-0.141262914689846,-5.69628288801319e-50,0,3.41776973280792e-49,8796459430.05142
" HA  THR    18 "," HG2 LYS    19 ",-0.0180401810166948,-5.69628288801319e-50,0,3.41776973280792e-49,8796459430.05142
" HA  THR    18 "," HZ  PHE    30 ",-0.0145755358518763,-5.69628288801319e-50,0,3.41776973280792e-49,8796459430.05142
" HB  THR    18 "," HG1 THR    18 ",-2.37156039370547,-5.69628288801319e-50,0,3.41776973280792e-49,8796459430.05142
" HB  THR    18 "," H   LYS    19 ",-0.0904928457838983,-5.69628288801319e-50,0,3.41776973280792e-49,8796459430.05142
" HB  THR    18 "," HZ  PHE    30 ",-0.0463239072252691,-5.69628288801319e-50,0,3.41776973280792e-49,8796459430.05142
" HG1 THR    18 "," H   LYS    19 ",-0.230461445435797,-5.69628288801319e-50,0,3.41776973280792e-49,8796459430.05142
" H   LYS    19 "," HA  LYS    19 ",-0.337600220378644,-5.69628288801319e-50,0,3.41776973280792e-49,8796459430.05142
" H   LYS    19 "," HB1 LYS    19 ",-0.0771946294373011,-5.69628288801319e-50,0,3.41776973280792e-49,8796459430.05142
" H   LYS    19 "," HB2 LYS    19 ",-0.428759383432442,-5.69628288801319e-50,0,3.41776973280792e-49,8796459430.05142
" H   LYS    19 "," HG1 LYS    19 ",-0.325332212351191,-5.69628288801319e-50,0,3.41776973280792e-49,8796459430.05142
" H   LYS    19 "," HG2 LYS    19 ",-0.0547934234046493,-5.69628288801319e-50,0,3.41776973280792e-49,8796459430.05142
" H   LYS    19 "," HD2 LYS    19 ",-0.0215612367244741,-5.69628288801319e-50,0,3.41776973280792e-49,8796459430.05142
" H   LYS    19 "," H   ALA    20 ",-0.0436362814005501,-5.69628288801319e-50,0,3.41776973280792e-49,8796459430.05142
" HA  LYS    19 "," HB1 LYS    19 ",-1.31616572413367,-5.69628288801319e-50,0,3.41776973280792e-49,8796459430.05142
" HA  LYS    19 "," HB2 LYS    19 ",-0.327027225403602,-5.69628288801319e-50,0,3.41776973280792e-49,8796459430.05142
" HA  LYS    19 "," HG1 LYS    19 ",-0.268722249590028,-5.69628288801319e-50,0,3.41776973280792e-49,8796459430.05142
" HA  LYS    19 "," HG2 LYS    19 ",-0.972346055230436,-5.69628288801319e-50,0,3.41776973280792e-49,8796459430.05142
" HA  LYS    19 "," HD1 LYS    19 ",-0.0492770540363112,-5.69628288801319e-50,0,3.41776973280792e-49,8796459430.05142
" HA  LYS    19 "," HD2 LYS    19 ",-0.0254295826618937,-5.69628288801319e-50,0,3.41776973280792e-49,8796459430.05142
" HA  LYS    19 "," H   ALA    20 ",-3.81999103753959,-5.69628288801319e-50,0,3.41776973280792e-49,8796459430.05142
" HA  LYS    19 "," HA  ALA    20 ",-0.0298470113218858,-5.69628288801319e-50,0,3.41776973280792e-49,8796459430.05142
" HB1 LYS    19 "," HB2 LYS    19 ",-12.7739911036472,-5.69628288801319e-50,0,3.41776973280792e-49,8796459430.05142
" HB1 LYS    19 "," HG1 LYS    19 ",-0.292043767949975,-5.69628288801319e-50,0,3.41776973280792e-49,8796459430.05142
" HB1 LYS    19 "," HG2 LYS    19 ",-1.13327365979341,-5.69628288801319e-50,0,3.41776973280792e-49,8796459430.05142
" HB1 LYS    19 "," HD1 LYS    19 ",-1.17287597591137,-5.69628288801319e-50,0,3.41776973280792e-49,8796459430.05142
" HB1 LYS    19 "," HD2 LYS    19 ",-0.481692945586985,-5.69628288801319e-50,0,3.41776973280792e-49,8796459430.05142
" HB1 LYS    19 "," HE1 LYS    19 ",-0.032624102822267,-5.69628288801319e-50,0,3.41776973280792e-49,8796459430.05142
" HB1 LYS    19 "," HE2 LYS    19 ",-0.02173997116124,-5.69628288801319e-50,0,3.41776973280792e-49,8796459430.05142
" HB1 LYS    19 "," H   ALA    20 ",-0.138978708809698,-5.69628288801319e-50,0,3.41776973280792e-49,8796459430.05142
" HB1 LYS    19 "," HA  ALA    20 ",-0.0162509261850379,-5.69628288801319e-50,0,3.41776973280792e-49,8796459430.05142
" HB2 LYS    19 "," HG1 LYS    19 ",-0.660644289072818,-5.69628288801319e-50,0,3.41776973280792e-49,8796459430.05142
" HB2 LYS    19 "," HG2 LYS    19 ",-0.27663897311482,-5.69628288801319e-50,0,3.41776973280792e-49,8796459430.05142
" HB2 LYS    19 "," HD1 LYS    19 ",-0.26835998163644,-5.69628288801319e-50,0,3.41776973280792e-49,8796459430.05142
" HB2 LYS    19 "," HD2 LYS    19 ",-1.17525191541529,-5.69628288801319e-50,0,3.41776973280792e-49,8796459430.05142
" HB2 LYS    19 "," HE1 LYS    19 ",-0.022406658633909,-5.69628288801319e-50,0,3.41776973280792e-49,8796459430.05142
" HB2 LYS    19 "," HE2 LYS    19 ",-0.019263655451598,-5.69628288801319e-50,0,3.41776973280792e-49,8796459430.05142
" HB2 LYS    19 "," H   ALA    20 ",-0.0404318781469117,-5.69628288801319e-50,0,3.41776973280792e-49,8796459430.05142
" HG1 LYS    19 "," HG2 LYS    19 ",-7.08603804811678,-5.69628288801319e-50,0,3.41776973280792e-49,8796459430.05142
" HG1 LYS    19 "," HD1 LYS    19 ",-0.29242083145624,-5.69628288801319e-50,0,3.41776973280792e-49,8796459430.05142
" HG1 LYS    19 "," HD2 LYS    19 ",-0.53664912468504,-5.69628288801319e-50,0,3.41776973280792e-49,8796459430.05142
" HG1 LYS    19 "," HE1 LYS    19 ",-0.367692894935416,-5.69628288801319e-50,0,3.41776973280792e-49,8796459430.05142
" HG1 LYS    19 "," HE2 LYS    19 ",-0.0758954080572927,-5.69628288801319e-50,0,3.41776973280792e-49,8796459430.05142
" HG2 LYS    19 "," HD1 LYS    19 ",-1.74939409419552,-5.69628288801319e-50,0,3.41776973280792e-49,8796459430.05142
" HG2 LYS    19 "," HD2 LYS    19 ",-0.271881474345696,-5.69628288801319e-50,0,3.41776973280792e-49,8796459430.05142
" HG2 LYS    19 "," HE1 LYS    19 ",-0.732493703200595,-5.69628288801319e-50,0,3.41776973280792e-49,8796459430.05142
" HG2 LYS    19 "," HE2 LYS    19 ",-0.0850719387006409,-5.69628288801319e-50,0,3.41776973280792e-49,8796459430.05142
" HG2 LYS    19 "," H   ALA    20 ",-0.0362527828679254,-5.69628288801319e-50,0,3.41776973280792e-49,8796459430.05142
" HD1 LYS    19 "," HD2 LYS    19 ",-6.93132867748713,-5.69628288801319e-50,0,3.41776973280792e-49,8796459430.05142
" HD1 LYS    19 "," HE1 LYS    19 ",-0.956883470740376,-5.69628288801319e-50,0,3.41776973280792e-49,8796459430.05142
" HD1 LYS    19 "," HE2 LYS    19 ",-1.07577665960216,-5.69628288801319e-50,0,3.41776973280792e-49,8796459430.05142
" HD2 LYS    19 "," HE1 LYS    19 ",-0.26504473680883,-5.69628288801319e-50,0,3.41776973280792e-49,8796459430.05142
" HD2 LYS    19 "," HE2 LYS    19 ",-0.836552775033132,-5.69628288801319e-50,0,3.41776973280792e-49,8796459430.05142
" HE1 LYS    19 "," HE2 LYS    19 ",-8.72053873836474,-5.69628288801319e-50,0,3.41776973280792e-49,8796459430.05142
" H   ALA    20 "," HA  ALA    20 ",-0.280567020478692,-5.69628288801319e-50,0,3.41776973280792e-49,8796459430.05142
" H   ALA    20 "," H   VAL    21 ",-0.0237945591987288,-5.69628288801319e-50,0,3.41776973280792e-49,8796459430.05142
" H   ALA    20 "," H   ASP    22 ",-0.0165413125266975,-5.69628288801319e-50,0,3.41776973280792e-49,8796459430.05142
" HA  ALA    20 "," H   VAL    21 ",-0.799165697887083,-5.69628288801319e-50,0,3.41776973280792e-49,8796459430.05142
" HA  ALA    20 "," HA  VAL    21 ",-0.0205238936852979,-5.69628288801319e-50,0,3.41776973280792e-49,8796459430.05142
" HA  ALA    20 "," H   ASP    22 ",-0.0416416071799184,-5.69628288801319e-50,0,3.41776973280792e-49,8796459430.05142
" HA  ALA    20 "," HB  THR    25 ",-0.0306833050222883,-5.69628288801319e-50,0,3.41776973280792e-49,8796459430.05142
" H   VAL    21 "," HA  VAL    21 ",-0.294377570621377,-5.69628288801319e-50,0,3.41776973280792e-49,8796459430.05142
" H   VAL    21 "," HB  VAL    21 ",-0.0958647805507977,-5.69628288801319e-50,0,3.41776973280792e-49,8796459430.05142
" H   VAL    21 "," H   ASP    22 ",-0.512206029521197,-5.69628288801319e-50,0,3.41776973280792e-49,8796459430.05142
" H   VAL    21 "," HB  THR    25 ",-0.076811881509427,-5.69628288801319e-50,0,3.41776973280792e-49,8796459430.05142
" H   VAL    21 "," HG1 THR    25 ",-0.0194134004119465,-5.69628288801319e-50,0,3.41776973280792e-49,8796459430.05142
" HA  VAL    21 "," HB  VAL    21 ",-1.48919182485522,-5.69628288801319e-50,0,3.41776973280792e-49,8796459430.05142
" HA  VAL    21 "," H   ASP    22 ",-0.148595795252439,-5.69628288801319e-50,0,3.41776973280792e-49,8796459430.05142
" HA  VAL    21 "," HA  ASP    22 ",-0.0315761897367422,-5.69628288801319e-50,0,3.41776973280792e-49,8796459430.05142
" HA  VAL    21 "," HB1 ASP    22 ",-0.0180197001473608,-5.69628288801319e-50,0,3.41776973280792e-49,8796459430.05142
" HB  VAL    21 "," H   ASP    22 ",-0.0513025098599689,-5.69628288801319e-50,0,3.41776973280792e-49,8796459430.05142
" HB  VAL    21 "," HB1 ASP    22 ",-0.0305034109763075,-5.69628288801319e-50,0,3.41776973280792e-49,8796459430.05142
" H   ASP    22 "," HA  ASP    22 ",-0.432499319352036,-5.69628288801319e-50,0,3.41776973280792e-49,8796459430.05142
" H   ASP    22 "," HB1 ASP    22 ",-0.116942526819587,-5.69628288801319e-50,0,3.41776973280792e-49,8796459430.05142
" H   ASP    22 "," HB2 ASP    22 ",-0.0524924784604714,-5.69628288801319e-50,0,3.41776973280792e-49,8796459430.05142
" H   ASP    22 "," H   ALA    23 ",-0.0317533446006133,-5.69628288801319e-50,0,3.41776973280792e-49,8796459430.05142
" H   ASP    22 "," H   THR    25 ",-0.0725292389199221,-5.69628288801319e-50,0,3.41776973280792e-49,8796459430.05142
" H   ASP    22 "," HB  THR    25 ",-0.600152210963267,-5.69628288801319e-50,0,3.41776973280792e-49,8796459430.05142
" H   ASP    22 "," HG1 THR    25 ",-0.145748627498602,-5.69628288801319e-50,0,3.41776973280792e-49,8796459430.05142
" H   ASP    22 "," H   ALA    26 ",-0.0462457194740274,-5.69628288801319e-50,0,3.41776973280792e-49,8796459430.05142
" HA  ASP    22 "," HB1 ASP    22 ",-1.58352575978205,-5.69628288801319e-50,0,3.41776973280792e-49,8796459430.05142
" HA  ASP    22 "," HB2 ASP    22 ",-0.650323124059227,-5.69628288801319e-50,0,3.41776973280792e-49,8796459430.05142
" HA  ASP    22 "," H   ALA    23 ",-1.50974121183743,-5.69628288801319e-50,0,3.41776973280792e-49,8796459430.05142
" HA  ASP    22 "," HA  ALA    23 ",-0.0358900891395064,-5.69628288801319e-50,0,3.41776973280792e-49,8796459430.05142
" HA  ASP    22 "," H   GLU    24 ",-0.038447496224408,-5.69628288801319e-50,0,3.41776973280792e-49,8796459430.05142
" HA  ASP    22 "," H   THR    25 ",-0.0243133099628128,-5.69628288801319e-50,0,3.41776973280792e-49,8796459430.05142
" HA  ASP    22 "," HB  THR    25 ",-0.0163180039837118,-5.69628288801319e-50,0,3.41776973280792e-49,8796459430.05142
" HA  ASP    22 "," HG1 THR    25 ",-0.0147127180597177,-5.69628288801319e-50,0,3.41776973280792e-49,8796459430.05142
" HB1 ASP    22 "," HB2 ASP    22 ",-5.41089540006787,-5.69628288801319e-50,0,3.41776973280792e-49,8796459430.05142
" HB1 ASP    22 "," H   ALA    23 ",-0.0857753163977496,-5.69628288801319e-50,0,3.41776973280792e-49,8796459430.05142
" HB1 ASP    22 "," H   GLU    24 ",-0.0270209379117614,-5.69628288801319e-50,0,3.41776973280792e-49,8796459430.05142
" HB1 ASP    22 "," HG2 GLU    24 ",-0.022350664373328,-5.69628288801319e-50,0,3.41776973280792e-49,8796459430.05142
" HB1 ASP    22 "," H   THR    25 ",-0.0180030081224792,-5.69628288801319e-50,0,3.41776973280792e-49,8796459430.05142
" HB1 ASP    22 "," HG1 THR    25 ",-0.0328253580799751,-5.69628288801319e-50,0,3.41776973280792e-49,8796459430.05142
" HB2 ASP    22 "," H   ALA    23 ",-0.552977525619852,-5.69628288801319e-50,0,3.41776973280792e-49,8796459430.05142
" HB2 ASP    22 "," HA  ALA    23 ",-0.0155561322811637,-5.69628288801319e-50,0,3.41776973280792e-49,8796459430.05142
" HB2 ASP    22 "," H   GLU    24 ",-0.541442184837249,-5.69628288801319e-50,0,3.41776973280792e-49,8796459430.05142
" HB2 ASP    22 "," HB1 GLU    24 ",-0.0163596607897186,-5.69628288801319e-50,0,3.41776973280792e-49,8796459430.05142
" HB2 ASP    22 "," HG1 GLU    24 ",-0.0507508909386397,-5.69628288801319e-50,0,3.41776973280792e-49,8796459430.05142
" HB2 ASP    22 "," HG2 GLU    24 ",-0.292972997063126,-5.69628288801319e-50,0,3.41776973280792e-49,8796459430.05142
" HB2 ASP    22 "," H   THR    25 ",-0.0895513966963012,-5.69628288801319e-50,0,3.41776973280792e-49,8796459430.05142
" HB2 ASP    22 "," HG1 THR    25 ",-0.0529874862052454,-5.69628288801319e-50,0,3.41776973280792e-49,8796459430.05142
" H   ALA    23 "," HA  ALA    23 ",-0.50618998289517,-5.69628288801319e-50,0,3.41776973280792e-49,8796459430.05142
" H   ALA    23 "," H   GLU    24 ",-0.470840366625406,-5.69628288801319e-50,0,3.41776973280792e-49,8796459430.05142
" H   ALA    23 "," HG2 GLU    24 ",-0.0209463990874069,-5.69628288801319e-50,0,3.41776973280792e-49,8796459430.05142
" H   ALA    23 "," H   THR    25 ",-0.0421565351068184,-5.69628288801319e-50,0,3.41776973280792e-49,8796459430.05142
" H   ALA    23 "," H   ALA    26 ",-0.0192726826623289,-5.69628288801319e-50,0,3.41776973280792e-49,8796459430.05142
" H   ALA    23 "," HH  TYR    45 ",-0.0277107541817641,-5.69628288801319e-50,0,3.41776973280792e-49,8796459430.05142
" HA  ALA    23 "," H   GLU    24 ",-0.117729958154304,-5.69628288801319e-50,0,3.41776973280792e-49,8796459430.05142
" HA  ALA    23 "," HA  GLU    24 ",-0.0287952190057375,-5.69628288801319e-50,0,3.41776973280792e-49,8796459430.05142
" HA  ALA    23 "," H   THR    25 ",-0.0501781027544223,-5.69628288801319e-50,0,3.41776973280792e-49,8796459430.05142
" HA  ALA    23 "," H   ALA    26 ",-0.200394705670089,-5.69628288801319e-50,0,3.41776973280792e-49,8796459430.05142
" HA  ALA    23 "," H   GLU    27 ",-0.046099132583889,-5.69628288801319e-50,0,3.41776973280792e-49,8796459430.05142
" HA  ALA    23 "," HB2 GLU    27 ",-0.0175679357489085,-5.69628288801319e-50,0,3.41776973280792e-49,8796459430.05142
" HA  ALA    23 "," HH  TYR    45 ",-0.0449103320450987,-5.69628288801319e-50,0,3.41776973280792e-49,8796459430.05142
" HA  ALA    23 "," HZ  PHE    52 ",-0.110799581242873,-5.69628288801319e-50,0,3.41776973280792e-49,8796459430.05142
" H   GLU    24 "," HA  GLU    24 ",-0.400995631523252,-5.69628288801319e-50,0,3.41776973280792e-49,8796459430.05142
" H   GLU    24 "," HB1 GLU    24 ",-0.36990180026991,-5.69628288801319e-50,0,3.41776973280792e-49,8796459430.05142
" H   GLU    24 "," HB2 GLU    24 ",-0.0821113560394087,-5.69628288801319e-50,0,3.41776973280792e-49,8796459430.05142
" H   GLU    24 "," HG1 GLU    24 ",-0.16528389474323,-5.69628288801319e-50,0,3.41776973280792e-49,8796459430.05142
" H   GLU    24 "," HG2 GLU    24 ",-1.10909394455165,-5.69628288801319e-50,0,3.41776973280792e-49,8796459430.05142
" H   GLU    24 "," H   THR    25 ",-0.768107738927845,-5.69628288801319e-50,0,3.41776973280792e-49,8796459430.05142
" H   GLU    24 "," HB  THR    25 ",-0.0171663439725325,-5.69628288801319e-50,0,3.41776973280792e-49,8796459430.05142
" H   GLU    24 "," HG1 THR    25 ",-0.0304836548746463,-5.69628288801319e-50,0,3.41776973280792e-49,8796459430.05142
" H   GLU    24 "," H   ALA    26 ",-0.0439345304964204,-5.69628288801319e-50,0,3.41776973280792e-49,8796459430.05142
" HA  GLU    24 "," HB1 GLU    24 ",-0.654378482143107,-5.69628288801319e-50,0,3.41776973280792e-49,8796459430.05142
" HA  GLU    24 "," HB2 GLU    24 ",-0.994518674869303,-5.69628288801319e-50,0,3.41776973280792e-49,8796459430.05142
" HA  GLU    24 "," HG1 GLU    24 ",-0.0618708828665616,-5.69628288801319e-50,0,3.41776973280792e-49,8796459430.05142
" HA  GLU    24 "," HG2 GLU    24 ",-0.062483346131396,-5.69628288801319e-50,0,3.41776973280792e-49,8796459430.05142
" HA  GLU    24 "," H   THR    25 ",-0.142762080084637,-5.69628288801319e-50,0,3.41776973280792e-49,8796459430.05142
" HA  GLU    24 "," HA  THR    25 ",-0.019451318355249,-5.69628288801319e-50,0,3.41776973280792e-49,8796459430.05142
" HA  GLU    24 "," H   ALA    26 ",-0.0391101537075995,-5.69628288801319e-50,0,3.41776973280792e-49,8796459430.05142
" HA  GLU    24 "," H   GLU    27 ",-0.155426271053854,-5.69628288801319e-50,0,3.41776973280792e-49,8796459430.05142
" HA  GLU    24 "," HB1 GLU    27 ",-0.337266313995619,-5.69628288801319e-50,0,3.41776973280792e-49,8796459430.05142
" HA  GLU    24 "," HB2 GLU    27 ",-0.437639681484826,-5.69628288801319e-50,0,3.41776973280792e-49,8796459430.05142
" HA  GLU    24 "," HG1 GLU    27 ",-0.0182691377786307,-5.69628288801319e-50,0,3.41776973280792e-49,8796459430.05142
" HA  GLU    24 "," HZ  PHE    52 ",-0.0500083107502163,-5.69628288801319e-50,0,3.41776973280792e-49,8796459430.05142
" HB1 GLU    24 "," HB2 GLU    24 ",-7.54946404176803,-5.69628288801319e-50,0,3.41776973280792e-49,8796459430.05142
" HB1 GLU    24 "," HG1 GLU    24 ",-0.253335900421657,-5.69628288801319e-50,0,3.41776973280792e-49,8796459430.05142
" HB1 GLU    24 "," HG2 GLU    24 ",-1.21928122428119,-5.69628288801319e-50,0,3.41776973280792e-49,8796459430.05142
" HB1 GLU    24 "," H   THR    25 ",-0.0285509951602285,-5.69628288801319e-50,0,3.41776973280792e-49,8796459430.05142
" HB2 GLU    24 "," HG1 GLU    24 ",-0.656689874860047,-5.69628288801319e-50,0,3.41776973280792e-49,8796459430.05142
" HB2 GLU    24 "," HG2 GLU    24 ",-0.294636314383932,-5.69628288801319e-50,0,3.41776973280792e-49,8796459430.05142
" HB2 GLU    24 "," H   THR    25 ",-0.0397864900455775,-5.69628288801319e-50,0,3.41776973280792e-49,8796459430.05142
" HB2 GLU    24 "," HA  THR    25 ",-0.0147091623334604,-5.69628288801319e-50,0,3.41776973280792e-49,8796459430.05142
" HB2 GLU    24 "," HB1 GLU    27 ",-0.0283867448344585,-5.69628288801319e-50,0,3.41776973280792e-49,8796459430.05142
" HB2 GLU    24 "," HB2 GLU    27 ",-0.0148647822542683,-5.69628288801319e-50,0,3.41776973280792e-49,8796459430.05142
" HG1 GLU    24 "," HG2 GLU    24 ",-8.07801044048253,-5.69628288801319e-50,0,3.41776973280792e-49,8796459430.05142
" HG1 GLU    24 "," H   THR    25 ",-0.245439862919587,-5.69628288801319e-50,0,3.41776973280792e-49,8796459430.05142
" HG1 GLU    24 "," HA  THR    25 ",-0.0449114159082898,-5.69628288801319e-50,0,3.41776973280792e-49,8796459430.05142
" HG1 GLU    24 "," HG1 THR    25 ",-0.156615612371189,-5.69628288801319e-50,0,3.41776973280792e-49,8796459430.05142
" HG2 GLU    24 "," H   THR    25 ",-0.113107046056028,-5.69628288801319e-50,0,3.41776973280792e-49,8796459430.05142
" HG2 GLU    24 "," HG1 THR    25 ",-0.0390209582773247,-5.69628288801319e-50,0,3.41776973280792e-49,8796459430.05142
" H   THR    25 "," HA  THR    25 ",-0.355064164712071,-5.69628288801319e-50,0,3.41776973280792e-49,8796459430.05142
" H   THR    25 "," HB  THR    25 ",-0.960830612709076,-5.69628288801319e-50,0,3.41776973280792e-49,8796459430.05142
" H   THR    25 "," HG1 THR    25 ",-0.995537199165783,-5.69628288801319e-50,0,3.41776973280792e-49,8796459430.05142
" H   THR    25 "," H   ALA    26 ",-0.945328004535161,-5.69628288801319e-50,0,3.41776973280792e-49,8796459430.05142
" H   THR    25 "," H   GLU    27 ",-0.0457672584639345,-5.69628288801319e-50,0,3.41776973280792e-49,8796459430.05142
" HA  THR    25 "," HB  THR    25 ",-0.346258005409563,-5.69628288801319e-50,0,3.41776973280792e-49,8796459430.05142
" HA  THR    25 "," HG1 THR    25 ",-0.253745655496207,-5.69628288801319e-50,0,3.41776973280792e-49,8796459430.05142
" HA  THR    25 "," H   ALA    26 ",-0.0975059939005534,-5.69628288801319e-50,0,3.41776973280792e-49,8796459430.05142
" HA  THR    25 "," HA  ALA    26 ",-0.0154059988354206,-5.69628288801319e-50,0,3.41776973280792e-49,8796459430.05142
" HA  THR    25 "," H   GLU    27 ",-0.0264393208073868,-5.69628288801319e-50,0,3.41776973280792e-49,8796459430.05142
" HA  THR    25 "," HB1 GLU    27 ",-0.0158745603226793,-5.69628288801319e-50,0,3.41776973280792e-49,8796459430.05142
" HA  THR    25 "," H   LYS    28 ",-0.0346135434583818,-5.69628288801319e-50,0,3.41776973280792e-49,8796459430.05142
" HA  THR    25 "," HB2 LYS    28 ",-0.0283161017485626,-5.69628288801319e-50,0,3.41776973280792e-49,8796459430.05142
" HA  THR    25 "," HG1 LYS    28 ",-0.0248555886668789,-5.69628288801319e-50,0,3.41776973280792e-49,8796459430.05142
" HA  THR    25 "," HG2 LYS    28 ",-0.109045662491575,-5.69628288801319e-50,0,3.41776973280792e-49,8796459430.05142
" HB  THR    25 "," HG1 THR    25 ",-1.2810475254808,-5.69628288801319e-50,0,3.41776973280792e-49,8796459430.05142
" HB  THR    25 "," H   ALA    26 ",-0.793570711473189,-5.69628288801319e-50,0,3.41776973280792e-49,8796459430.05142
" HB  THR    25 "," HA  ALA    26 ",-0.0378833383528819,-5.69628288801319e-50,0,3.41776973280792e-49,8796459430.05142
" HG1 THR    25 "," H   ALA    26 ",-0.0369223677416862,-5.69628288801319e-50,0,3.41776973280792e-49,8796459430.05142
" H   ALA    26 "," HA  ALA    26 ",-0.404669394463685,-5.69628288801319e-50,0,3.41776973280792e-49,8796459430.05142
" H   ALA    26 "," H   GLU    27 ",-0.49872778047208,-5.69628288801319e-50,0,3.41776973280792e-49,8796459430.05142
" H   ALA    26 "," HB1 GLU    27 ",-0.0202256437875831,-5.69628288801319e-50,0,3.41776973280792e-49,8796459430.05142
" H   ALA    26 "," HB2 GLU    27 ",-0.0219638720258721,-5.69628288801319e-50,0,3.41776973280792e-49,8796459430.05142
" H   ALA    26 "," H   LYS    28 ",-0.0198172780494856,-5.69628288801319e-50,0,3.41776973280792e-49,8796459430.05142
" H   ALA    26 "," HZ  PHE    52 ",-0.0157350796230797,-5.69628288801319e-50,0,3.41776973280792e-49,8796459430.05142
" HA  ALA    26 "," H   GLU    27 ",-0.119263633081771,-5.69628288801319e-50,0,3.41776973280792e-49,8796459430.05142
" HA  ALA    26 "," H   LYS    28 ",-0.0360202838726162,-5.69628288801319e-50,0,3.41776973280792e-49,8796459430.05142
" HA  ALA    26 "," H   ALA    29 ",-0.0815672335193773,-5.69628288801319e-50,0,3.41776973280792e-49,8796459430.05142
" HA  ALA    26 "," H   PHE    30 ",-0.0272149503078368,-5.69628288801319e-50,0,3.41776973280792e-49,8796459430.05142
" H   GLU    27 "," HA  GLU    27 ",-0.560506524274835,-5.69628288801319e-50,0,3.41776973280792e-49,8796459430.05142
" H   GLU    27 "," HB1 GLU    27 ",-1.29884078949239,-5.69628288801319e-50,0,3.41776973280792e-49,8796459430.05142
" H   GLU    27 "," HB2 GLU    27 ",-1.90637536311568,-5.69628288801319e-50,0,3.41776973280792e-49,8796459430.05142
" H   GLU    27 "," HG1 GLU    27 ",-0.0286798792952966,-5.69628288801319e-50,0,3.41776973280792e-49,8796459430.05142
" H   GLU    27 "," HG2 GLU    27 ",-0.0329412999440489,-5.69628288801319e-50,0,3.41776973280792e-49,8796459430.05142
" H   GLU    27 "," H   LYS    28 ",-0.305631458538436,-5.69628288801319e-50,0,3.41776973280792e-49,8796459430.05142
" H   GLU    27 "," HG2 LYS    28 ",-0.0297655286304994,-5.69628288801319e-50,0,3.41776973280792e-49,8796459430.05142
" H   GLU    27 "," H   ALA    29 ",-0.0282714739932527,-5.69628288801319e-50,0,3.41776973280792e-49,8796459430.05142
" H   GLU    27 "," HB2 PHE    30 ",-0.0152180108439976,-5.69628288801319e-50,0,3.41776973280792e-49,8796459430.05142
" H   GLU    27 "," HZ  PHE    52 ",-0.162191798053076,-5.69628288801319e-50,0,3.41776973280792e-49,8796459430.05142
" HA  GLU    27 "," HB1 GLU    27 ",-0.308480129391894,-5.69628288801319e-50,0,3.41776973280792e-49,8796459430.05142
" HA  GLU    27 "," HB2 GLU    27 ",-1.03232002428985,-5.69628288801319e-50,0,3.41776973280792e-49,8796459430.05142
" HA  GLU    27 "," HG1 GLU    27 ",-0.312647727316258,-5.69628288801319e-50,0,3.41776973280792e-49,8796459430.05142
" HA  GLU    27 "," HG2 GLU    27 ",-0.416700914172197,-5.69628288801319e-50,0,3.41776973280792e-49,8796459430.05142
" HA  GLU    27 "," H   LYS    28 ",-0.100166137328096,-5.69628288801319e-50,0,3.41776973280792e-49,8796459430.05142
" HA  GLU    27 "," HA  LYS    28 ",-0.0149723923200267,-5.69628288801319e-50,0,3.41776973280792e-49,8796459430.05142
" HA  GLU    27 "," H   ALA    29 ",-0.0239923883825471,-5.69628288801319e-50,0,3.41776973280792e-49,8796459430.05142
" HA  GLU    27 "," H   PHE    30 ",-0.0571227021449469,-5.69628288801319e-50,0,3.41776973280792e-49,8796459430.05142
" HA  GLU    27 "," HB1 PHE    30 ",-0.0365812010591615,-5.69628288801319e-50,0,3.41776973280792e-49,8796459430.05142
" HA  GLU    27 "," HB2 PHE    30 ",-0.352513511560973,-5.69628288801319e-50,0,3.41776973280792e-49,8796459430.05142
" HA  GLU    27 "," H   LYS    31 ",-0.0374940221548263,-5.69628288801319e-50,0,3.41776973280792e-49,8796459430.05142
" HA  GLU    27 "," HB2 LYS    31 ",-0.0161057828119894,-5.69628288801319e-50,0,3.41776973280792e-49,8796459430.05142
" HA  GLU    27 "," HZ3 TRP    43 ",-0.0352690838161404,-5.69628288801319e-50,0,3.41776973280792e-49,8796459430.05142
" HA  GLU    27 "," HZ  PHE    52 ",-0.141298393009213,-5.69628288801319e-50,0,3.41776973280792e-49,8796459430.05142
" HB1 GLU    27 "," HB2 GLU    27 ",-7.71120722699493,-5.69628288801319e-50,0,3.41776973280792e-49,8796459430.05142
" HB1 GLU    27 "," HG1 GLU    27 ",-0.25525949721172,-5.69628288801319e-50,0,3.41776973280792e-49,8796459430.05142
" HB1 GLU    27 "," HG2 GLU    27 ",-0.606669900717295,-5.69628288801319e-50,0,3.41776973280792e-49,8796459430.05142
" HB1 GLU    27 "," H   LYS    28 ",-0.518430059300743,-5.69628288801319e-50,0,3.41776973280792e-49,8796459430.05142
" HB1 GLU    27 "," HA  LYS    28 ",-0.0222386958731577,-5.69628288801319e-50,0,3.41776973280792e-49,8796459430.05142
" HB1 GLU    27 "," HB2 LYS    28 ",-0.0181408359399858,-5.69628288801319e-50,0,3.41776973280792e-49,8796459430.05142
" HB1 GLU    27 "," HG2 LYS    28 ",-0.137820323983088,-5.69628288801319e-50,0,3.41776973280792e-49,8796459430.05142
" HB1 GLU    27 "," HD1 LYS    28 ",-0.142104439207397,-5.69628288801319e-50,0,3.41776973280792e-49,8796459430.05142
" HB1 GLU    27 "," HD2 LYS    28 ",-0.0145534027991305,-5.69628288801319e-50,0,3.41776973280792e-49,8796459430.05142
" HB1 GLU    27 "," HE1 LYS    28 ",-0.0159835948638028,-5.69628288801319e-50,0,3.41776973280792e-49,8796459430.05142
" HB1 GLU    27 "," HZ  PHE    52 ",-0.0408758537145069,-5.69628288801319e-50,0,3.41776973280792e-49,8796459430.05142
" HB2 GLU    27 "," HG1 GLU    27 ",-0.899347873108376,-5.69628288801319e-50,0,3.41776973280792e-49,8796459430.05142
" HB2 GLU    27 "," HG2 GLU    27 ",-0.27467905661196,-5.69628288801319e-50,0,3.41776973280792e-49,8796459430.05142
" HB2 GLU    27 "," H   LYS    28 ",-0.0517428597954952,-5.69628288801319e-50,0,3.41776973280792e-49,8796459430.05142
" HB2 GLU    27 "," HZ  PHE    52 ",-0.922228082417498,-5.69628288801319e-50,0,3.41776973280792e-49,8796459430.05142
" HG1 GLU    27 "," HG2 GLU    27 ",-7.93981618742037,-5.69628288801319e-50,0,3.41776973280792e-49,8796459430.05142
" HG1 GLU    27 "," HD1 LYS    28 ",-0.016772243401106,-5.69628288801319e-50,0,3.41776973280792e-49,8796459430.05142
" HG1 GLU    27 "," HE1 LYS    31 ",-0.0280376385769108,-5.69628288801319e-50,0,3.41776973280792e-49,8796459430.05142
" HG1 GLU    27 "," HZ3 TRP    43 ",-0.0161272777402594,-5.69628288801319e-50,0,3.41776973280792e-49,8796459430.05142
" HG1 GLU    27 "," HE3 TRP    43 ",-0.0301427516021836,-5.69628288801319e-50,0,3.41776973280792e-49,8796459430.05142
" HG1 GLU    27 "," HZ  PHE    52 ",-0.0571918449200343,-5.69628288801319e-50,0,3.41776973280792e-49,8796459430.05142
" HG2 GLU    27 "," H   LYS    28 ",-0.0574063717166752,-5.69628288801319e-50,0,3.41776973280792e-49,8796459430.05142
" HG2 GLU    27 "," HA  LYS    28 ",-0.0446933533432951,-5.69628288801319e-50,0,3.41776973280792e-49,8796459430.05142
" HG2 GLU    27 "," HG2 LYS    28 ",-0.0154895865977718,-5.69628288801319e-50,0,3.41776973280792e-49,8796459430.05142
" HG2 GLU    27 "," HD1 LYS    28 ",-0.157997599547546,-5.69628288801319e-50,0,3.41776973280792e-49,8796459430.05142
" HG2 GLU    27 "," HD2 LYS    28 ",-0.0163977655394449,-5.69628288801319e-50,0,3.41776973280792e-49,8796459430.05142
" HG2 GLU    27 "," HB2 PHE    30 ",-0.0167227282157414,-5.69628288801319e-50,0,3.41776973280792e-49,8796459430.05142
" HG2 GLU    27 "," H   LYS    31 ",-0.0235785226715142,-5.69628288801319e-50,0,3.41776973280792e-49,8796459430.05142
" HG2 GLU    27 "," HB1 LYS    31 ",-0.0242384728527887,-5.69628288801319e-50,0,3.41776973280792e-49,8796459430.05142
" HG2 GLU    27 "," HB2 LYS    31 ",-0.0629940763829084,-5.69628288801319e-50,0,3.41776973280792e-49,8796459430.05142
" HG2 GLU    27 "," HD2 LYS    31 ",-0.0164433534207066,-5.69628288801319e-50,0,3.41776973280792e-49,8796459430.05142
" HG2 GLU    27 "," HE1 LYS    31 ",-0.121472904327891,-5.69628288801319e-50,0,3.41776973280792e-49,8796459430.05142
" HG2 GLU    27 "," HE3 TRP    43 ",-0.0149248542355091,-5.69628288801319e-50,0,3.41776973280792e-49,8796459430.05142
" H   LYS    28 "," HA  LYS    28 ",-0.357841145184959,-5.69628288801319e-50,0,3.41776973280792e-49,8796459430.05142
" H   LYS    28 "," HB1 LYS    28 ",-0.100595552494416,-5.69628288801319e-50,0,3.41776973280792e-49,8796459430.05142
" H   LYS    28 "," HB2 LYS    28 ",-1.44740145505274,-5.69628288801319e-50,0,3.41776973280792e-49,8796459430.05142
" H   LYS    28 "," HG1 LYS    28 ",-0.0870785723858568,-5.69628288801319e-50,0,3.41776973280792e-49,8796459430.05142
" H   LYS    28 "," HG2 LYS    28 ",-1.80563032757574,-5.69628288801319e-50,0,3.41776973280792e-49,8796459430.05142
" H   LYS    28 "," HD1 LYS    28 ",-0.236583680919366,-5.69628288801319e-50,0,3.41776973280792e-49,8796459430.05142
" H   LYS    28 "," HD2 LYS    28 ",-0.0447604438225418,-5.69628288801319e-50,0,3.41776973280792e-49,8796459430.05142
" H   LYS    28 "," H   ALA    29 ",-0.909069395617687,-5.69628288801319e-50,0,3.41776973280792e-49,8796459430.05142
" H   LYS    28 "," H   PHE    30 ",-0.0429642506627984,-5.69628288801319e-50,0,3.41776973280792e-49,8796459430.05142
" H   LYS    28 "," HB2 PHE    30 ",-0.0171929952185561,-5.69628288801319e-50,0,3.41776973280792e-49,8796459430.05142
" H   LYS    28 "," H   LYS    31 ",-0.0211702066953479,-5.69628288801319e-50,0,3.41776973280792e-49,8796459430.05142
" HA  LYS    28 "," HB1 LYS    28 ",-1.24330064644095,-5.69628288801319e-50,0,3.41776973280792e-49,8796459430.05142
" HA  LYS    28 "," HB2 LYS    28 ",-0.358852854063498,-5.69628288801319e-50,0,3.41776973280792e-49,8796459430.05142
" HA  LYS    28 "," HG1 LYS    28 ",-0.0683096507999674,-5.69628288801319e-50,0,3.41776973280792e-49,8796459430.05142
" HA  LYS    28 "," HG2 LYS    28 ",-0.110281115643918,-5.69628288801319e-50,0,3.41776973280792e-49,8796459430.05142
" HA  LYS    28 "," HD1 LYS    28 ",-0.795622701393581,-5.69628288801319e-50,0,3.41776973280792e-49,8796459430.05142
" HA  LYS    28 "," HD2 LYS    28 ",-0.499294064662582,-5.69628288801319e-50,0,3.41776973280792e-49,8796459430.05142
" HA  LYS    28 "," HE1 LYS    28 ",-0.0169497840900425,-5.69628288801319e-50,0,3.41776973280792e-49,8796459430.05142
" HA  LYS    28 "," H   ALA    29 ",-0.137251024859114,-5.69628288801319e-50,0,3.41776973280792e-49,8796459430.05142
" HA  LYS    28 "," HA  ALA    29 ",-0.0210937851184127,-5.69628288801319e-50,0,3.41776973280792e-49,8796459430.05142
" HA  LYS    28 "," H   PHE    30 ",-0.0266326654656569,-5.69628288801319e-50,0,3.41776973280792e-49,8796459430.05142
" HA  LYS    28 "," H   LYS    31 ",-0.13503055319623,-5.69628288801319e-50,0,3.41776973280792e-49,8796459430.05142
" HA  LYS    28 "," HB1 LYS    31 ",-0.504631370003044,-5.69628288801319e-50,0,3.41776973280792e-49,8796459430.05142
" HA  LYS    28 "," HB2 LYS    31 ",-0.0607868141591574,-5.69628288801319e-50,0,3.41776973280792e-49,8796459430.05142
" HA  LYS    28 "," HG2 LYS    31 ",-0.0189094823215166,-5.69628288801319e-50,0,3.41776973280792e-49,8796459430.05142
" HA  LYS    28 "," HD2 LYS    31 ",-0.0283745295936964,-5.69628288801319e-50,0,3.41776973280792e-49,8796459430.05142
" HA  LYS    28 "," HE1 LYS    31 ",-0.0176700681113421,-5.69628288801319e-50,0,3.41776973280792e-49,8796459430.05142
" HA  LYS    28 "," H   GLN    32 ",-0.0889959631065173,-5.69628288801319e-50,0,3.41776973280792e-49,8796459430.05142
" HA  LYS    28 "," HB2 GLN    32 ",-0.0188626085579978,-5.69628288801319e-50,0,3.41776973280792e-49,8796459430.05142
" HB1 LYS    28 "," HB2 LYS    28 ",-4.76404928679293,-5.69628288801319e-50,0,3.41776973280792e-49,8796459430.05142
" HB1 LYS    28 "," HG1 LYS    28 ",-1.41070071092604,-5.69628288801319e-50,0,3.41776973280792e-49,8796459430.05142
" HB1 LYS    28 "," HG2 LYS    28 ",-0.268653496456412,-5.69628288801319e-50,0,3.41776973280792e-49,8796459430.05142
" HB1 LYS    28 "," HD1 LYS    28 ",-0.15538956178979,-5.69628288801319e-50,0,3.41776973280792e-49,8796459430.05142
" HB1 LYS    28 "," HD2 LYS    28 ",-0.718334682715531,-5.69628288801319e-50,0,3.41776973280792e-49,8796459430.05142
" HB1 LYS    28 "," HE1 LYS    28 ",-0.0166740930519237,-5.69628288801319e-50,0,3.41776973280792e-49,8796459430.05142
" HB1 LYS    28 "," HE2 LYS    28 ",-0.0387048108515272,-5.69628288801319e-50,0,3.41776973280792e-49,8796459430.05142
" HB1 LYS    28 "," H   ALA    29 ",-0.0616242609804162,-5.69628288801319e-50,0,3.41776973280792e-49,8796459430.05142
" HB1 LYS    28 "," HA  ALA    29 ",-0.0192622962673668,-5.69628288801319e-50,0,3.41776973280792e-49,8796459430.05142
" HB1 LYS    28 "," HB1 LYS    31 ",-0.0178407202876948,-5.69628288801319e-50,0,3.41776973280792e-49,8796459430.05142
" HB1 LYS    28 "," H   GLN    32 ",-0.016137241009476,-5.69628288801319e-50,0,3.41776973280792e-49,8796459430.05142
" HB1 LYS    28 "," HB2 GLN    32 ",-0.019112650627302,-5.69628288801319e-50,0,3.41776973280792e-49,8796459430.05142
" HB2 LYS    28 "," HG1 LYS    28 ",-1.15718116990779,-5.69628288801319e-50,0,3.41776973280792e-49,8796459430.05142
" HB2 LYS    28 "," HG2 LYS    28 ",-2.11440046055793,-5.69628288801319e-50,0,3.41776973280792e-49,8796459430.05142
" HB2 LYS    28 "," HD1 LYS    28 ",-0.0941033220079229,-5.69628288801319e-50,0,3.41776973280792e-49,8796459430.05142
" HB2 LYS    28 "," HD2 LYS    28 ",-0.0926401582409662,-5.69628288801319e-50,0,3.41776973280792e-49,8796459430.05142
" HB2 LYS    28 "," HE2 LYS    28 ",-0.0224082561549846,-5.69628288801319e-50,0,3.41776973280792e-49,8796459430.05142
" HB2 LYS    28 "," H   ALA    29 ",-0.573922609041161,-5.69628288801319e-50,0,3.41776973280792e-49,8796459430.05142
" HB2 LYS    28 "," HA  ALA    29 ",-0.0298737928887902,-5.69628288801319e-50,0,3.41776973280792e-49,8796459430.05142
" HG1 LYS    28 "," HG2 LYS    28 ",-6.63993151512456,-5.69628288801319e-50,0,3.41776973280792e-49,8796459430.05142
" HG1 LYS    28 "," HD1 LYS    28 ",-0.246927715799135,-5.69628288801319e-50,0,3.41776973280792e-49,8796459430.05142
" HG1 LYS    28 "," HD2 LYS    28 ",-0.798847247825847,-5.69628288801319e-50,0,3.41776973280792e-49,8796459430.05142
" HG1 LYS    28 "," HE1 LYS    28 ",-0.0853396554455864,-5.69628288801319e-50,0,3.41776973280792e-49,8796459430.05142
" HG1 LYS    28 "," HE2 LYS    28 ",-1.01794571880671,-5.69628288801319e-50,0,3.41776973280792e-49,8796459430.05142
" HG2 LYS    28 "," HD1 LYS    28 ",-0.761561503197595,-5.69628288801319e-50,0,3.41776973280792e-49,8796459430.05142
" HG2 LYS    28 "," HD2 LYS    28 ",-0.266952665736978,-5.69628288801319e-50,0,3.41776973280792e-49,8796459430.05142
" HG2 LYS    28 "," HE1 LYS    28 ",-0.0680672758654583,-5.69628288801319e-50,0,3.41776973280792e-49,8796459430.05142
" HG2 LYS    28 "," HE2 LYS    28 ",-0.257159810158994,-5.69628288801319e-50,0,3.41776973280792e-49,8796459430.05142
" HG2 LYS    28 "," H   ALA    29 ",-0.0408641690890756,-5.69628288801319e-50,0,3.41776973280792e-49,8796459430.05142
" HD1 LYS    28 "," HD2 LYS    28 ",-10.9120381109477,-5.69628288801319e-50,0,3.41776973280792e-49,8796459430.05142
" HD1 LYS    28 "," HE1 LYS    28 ",-0.895692855933661,-5.69628288801319e-50,0,3.41776973280792e-49,8796459430.05142
" HD1 LYS    28 "," HE2 LYS    28 ",-0.291081920810056,-5.69628288801319e-50,0,3.41776973280792e-49,8796459430.05142
" HD1 LYS    28 "," HB1 LYS    31 ",-0.0267557007901841,-5.69628288801319e-50,0,3.41776973280792e-49,8796459430.05142
" HD1 LYS    28 "," HD2 LYS    31 ",-0.0186941461384549,-5.69628288801319e-50,0,3.41776973280792e-49,8796459430.05142
" HD2 LYS    28 "," HE1 LYS    28 ",-1.01499412194256,-5.69628288801319e-50,0,3.41776973280792e-49,8796459430.05142
" HD2 LYS    28 "," HE2 LYS    28 ",-0.799109509980902,-5.69628288801319e-50,0,3.41776973280792e-49,8796459430.05142
" HD2 LYS    28 "," HB1 LYS    31 ",-0.0201045156218011,-5.69628288801319e-50,0,3.41776973280792e-49,8796459430.05142
" HD2 LYS    28 "," HD2 LYS    31 ",-0.0172061033177882,-5.69628288801319e-50,0,3.41776973280792e-49,8796459430.05142
" HE1 LYS    28 "," HE2 LYS    28 ",-7.9313511668248,-5.69628288801319e-50,0,3.41776973280792e-49,8796459430.05142
" H   ALA    29 "," HA  ALA    29 ",-0.384941443260697,-5.69628288801319e-50,0,3.41776973280792e-49,8796459430.05142
" H   ALA    29 "," H   PHE    30 ",-0.766022519126728,-5.69628288801319e-50,0,3.41776973280792e-49,8796459430.05142
" H   ALA    29 "," HB2 PHE    30 ",-0.0402069051972754,-5.69628288801319e-50,0,3.41776973280792e-49,8796459430.05142
" H   ALA    29 "," H   LYS    31 ",-0.0521412081020343,-5.69628288801319e-50,0,3.41776973280792e-49,8796459430.05142
" H   ALA    29 "," H   GLN    32 ",-0.0229189622605018,-5.69628288801319e-50,0,3.41776973280792e-49,8796459430.05142
" H   ALA    29 "," HB1 GLN    32 ",-0.015412996205279,-5.69628288801319e-50,0,3.41776973280792e-49,8796459430.05142
" HA  ALA    29 "," H   PHE    30 ",-0.111791068715181,-5.69628288801319e-50,0,3.41776973280792e-49,8796459430.05142
" HA  ALA    29 "," HA  PHE    30 ",-0.015394599692732,-5.69628288801319e-50,0,3.41776973280792e-49,8796459430.05142
" HA  ALA    29 "," H   LYS    31 ",-0.0236510848714486,-5.69628288801319e-50,0,3.41776973280792e-49,8796459430.05142
" HA  ALA    29 "," H   GLN    32 ",-0.10266385284391,-5.69628288801319e-50,0,3.41776973280792e-49,8796459430.05142
" HA  ALA    29 "," HB1 GLN    32 ",-0.869821884904627,-5.69628288801319e-50,0,3.41776973280792e-49,8796459430.05142
" HA  ALA    29 "," HB2 GLN    32 ",-0.142901593179456,-5.69628288801319e-50,0,3.41776973280792e-49,8796459430.05142
" HA  ALA    29 "," HG2 GLN    32 ",-0.0247235370762679,-5.69628288801319e-50,0,3.41776973280792e-49,8796459430.05142
" HA  ALA    29 "," H   TYR    33 ",-0.0553628771434845,-5.69628288801319e-50,0,3.41776973280792e-49,8796459430.05142
" H   PHE    30 "," HA  PHE    30 ",-0.385829352615152,-5.69628288801319e-50,0,3.41776973280792e-49,8796459430.05142
" H   PHE    30 "," HB1 PHE    30 ",-0.146874840155014,-5.69628288801319e-50,0,3.41776973280792e-49,8796459430.05142
" H   PHE    30 "," HB2 PHE    30 ",-3.09795780294967,-5.69628288801319e-50,0,3.41776973280792e-49,8796459430.05142
" H   PHE    30 "," H   LYS    31 ",-0.518593810751134,-5.69628288801319e-50,0,3.41776973280792e-49,8796459430.05142
" H   PHE    30 "," HB1 LYS    31 ",-0.0159514130870723,-5.69628288801319e-50,0,3.41776973280792e-49,8796459430.05142
" H   PHE    30 "," H   GLN    32 ",-0.0373093635328761,-5.69628288801319e-50,0,3.41776973280792e-49,8796459430.05142
" H   PHE    30 "," HB1 GLN    32 ",-0.0157963127121102,-5.69628288801319e-50,0,3.41776973280792e-49,8796459430.05142
" H   PHE    30 "," H   TYR    33 ",-0.0247797096134303,-5.69628288801319e-50,0,3.41776973280792e-49,8796459430.05142
" H   PHE    30 "," HB1 TYR    33 ",-0.0147493812399128,-5.69628288801319e-50,0,3.41776973280792e-49,8796459430.05142
" HA  PHE    30 "," HB1 PHE    30 ",-0.736296322935113,-5.69628288801319e-50,0,3.41776973280792e-49,8796459430.05142
" HA  PHE    30 "," HB2 PHE    30 ",-0.304155802781052,-5.69628288801319e-50,0,3.41776973280792e-49,8796459430.05142
" HA  PHE    30 "," H   LYS    31 ",-0.105784984053852,-5.69628288801319e-50,0,3.41776973280792e-49,8796459430.05142
" HA  PHE    30 "," HA  LYS    31 ",-0.0220229381891169,-5.69628288801319e-50,0,3.41776973280792e-49,8796459430.05142
" HA  PHE    30 "," H   GLN    32 ",-0.0202605853846477,-5.69628288801319e-50,0,3.41776973280792e-49,8796459430.05142
" HA  PHE    30 "," H   TYR    33 ",-0.142575758651051,-5.69628288801319e-50,0,3.41776973280792e-49,8796459430.05142
" HA  PHE    30 "," HB1 TYR    33 ",-1.02589960908484,-5.69628288801319e-50,0,3.41776973280792e-49,8796459430.05142
" HA  PHE    30 "," HB2 TYR    33 ",-0.112838110764785,-5.69628288801319e-50,0,3.41776973280792e-49,8796459430.05142
" HA  PHE    30 "," H   ALA    34 ",-0.0528398184610523,-5.69628288801319e-50,0,3.41776973280792e-49,8796459430.05142
" HA  PHE    30 "," HH2 TRP    43 ",-0.0430227765018224,-5.69628288801319e-50,0,3.41776973280792e-49,8796459430.05142
" HB1 PHE    30 "," HB2 PHE    30 ",-7.41146720655646,-5.69628288801319e-50,0,3.41776973280792e-49,8796459430.05142
" HB1 PHE    30 "," H   LYS    31 ",-0.128036456582393,-5.69628288801319e-50,0,3.41776973280792e-49,8796459430.05142
" HB1 PHE    30 "," HA  LYS    31 ",-0.0291020896944038,-5.69628288801319e-50,0,3.41776973280792e-49,8796459430.05142
" HB1 PHE    30 "," HB2 LYS    31 ",-0.0195152240842592,-5.69628288801319e-50,0,3.41776973280792e-49,8796459430.05142
" HB1 PHE    30 "," HB1 TYR    33 ",-0.0208013426936418,-5.69628288801319e-50,0,3.41776973280792e-49,8796459430.05142
" HB1 PHE    30 "," HH2 TRP    43 ",-0.408067242514613,-5.69628288801319e-50,0,3.41776973280792e-49,8796459430.05142
" HB1 PHE    30 "," HZ3 TRP    43 ",-0.42646527498271,-5.69628288801319e-50,0,3.41776973280792e-49,8796459430.05142
" HB1 PHE    30 "," HB1 PHE    52 ",-0.0361524676517691,-5.69628288801319e-50,0,3.41776973280792e-49,8796459430.05142
" HB1 PHE    30 "," HB2 PHE    52 ",-0.109985053107897,-5.69628288801319e-50,0,3.41776973280792e-49,8796459430.05142
" HB2 PHE    30 "," H   LYS    31 ",-0.554804398213858,-5.69628288801319e-50,0,3.41776973280792e-49,8796459430.05142
" HB2 PHE    30 "," HA  LYS    31 ",-0.0192588544194753,-5.69628288801319e-50,0,3.41776973280792e-49,8796459430.05142
" HB2 PHE    30 "," HB1 LYS    31 ",-0.014575068158324,-5.69628288801319e-50,0,3.41776973280792e-49,8796459430.05142
" HB2 PHE    30 "," HB2 LYS    31 ",-0.03158090898683,-5.69628288801319e-50,0,3.41776973280792e-49,8796459430.05142
" HB2 PHE    30 "," HH2 TRP    43 ",-0.0550444531074779,-5.69628288801319e-50,0,3.41776973280792e-49,8796459430.05142
" HB2 PHE    30 "," HZ3 TRP    43 ",-0.106417031979834,-5.69628288801319e-50,0,3.41776973280792e-49,8796459430.05142
" HB2 PHE    30 "," HB2 PHE    52 ",-0.0258714983211674,-5.69628288801319e-50,0,3.41776973280792e-49,8796459430.05142
" H   LYS    31 "," HA  LYS    31 ",-0.441096450720245,-5.69628288801319e-50,0,3.41776973280792e-49,8796459430.05142
" H   LYS    31 "," HB1 LYS    31 ",-1.1448972914585,-5.69628288801319e-50,0,3.41776973280792e-49,8796459430.05142
" H   LYS    31 "," HB2 LYS    31 ",-1.11400376727244,-5.69628288801319e-50,0,3.41776973280792e-49,8796459430.05142
" H   LYS    31 "," HG1 LYS    31 ",-0.0315440148988832,-5.69628288801319e-50,0,3.41776973280792e-49,8796459430.05142
" H   LYS    31 "," HG2 LYS    31 ",-0.0287547389157266,-5.69628288801319e-50,0,3.41776973280792e-49,8796459430.05142
" H   LYS    31 "," HE1 LYS    31 ",-0.0463602443095748,-5.69628288801319e-50,0,3.41776973280792e-49,8796459430.05142
" H   LYS    31 "," H   GLN    32 ",-0.482404047930799,-5.69628288801319e-50,0,3.41776973280792e-49,8796459430.05142
" H   LYS    31 "," HB1 GLN    32 ",-0.0210802449713481,-5.69628288801319e-50,0,3.41776973280792e-49,8796459430.05142
" H   LYS    31 "," H   TYR    33 ",-0.045649608497432,-5.69628288801319e-50,0,3.41776973280792e-49,8796459430.05142
" H   LYS    31 "," H   ALA    34 ",-0.0216467127507144,-5.69628288801319e-50,0,3.41776973280792e-49,8796459430.05142
" H   LYS    31 "," HH2 TRP    43 ",-0.0797016710588033,-5.69628288801319e-50,0,3.41776973280792e-49,8796459430.05142
" H   LYS    31 "," HZ3 TRP    43 ",-0.0297538995072057,-5.69628288801319e-50,0,3.41776973280792e-49,8796459430.05142
" HA  LYS    31 "," HB1 LYS    31 ",-0.346786093446842,-5.69628288801319e-50,0,3.41776973280792e-49,8796459430.05142
" HA  LYS    31 "," HB2 LYS    31 ",-1.41875661740038,-5.69628288801319e-50,0,3.41776973280792e-49,8796459430.05142
" HA  LYS    31 "," HG1 LYS    31 ",-1.5648341554344,-5.69628288801319e-50,0,3.41776973280792e-49,8796459430.05142
" HA  LYS    31 "," HG2 LYS    31 ",-0.175753181036928,-5.69628288801319e-50,0,3.41776973280792e-49,8796459430.05142
" HA  LYS    31 "," HD1 LYS    31 ",-0.0264113229162698,-5.69628288801319e-50,0,3.41776973280792e-49,8796459430.05142
" HA  LYS    31 "," HD2 LYS    31 ",-0.0256316709866051,-5.69628288801319e-50,0,3.41776973280792e-49,8796459430.05142
" HA  LYS    31 "," HE1 LYS    31 ",-0.0828176836322711,-5.69628288801319e-50,0,3.41776973280792e-49,8796459430.05142
" HA  LYS    31 "," HE2 LYS    31 ",-0.0856543452090341,-5.69628288801319e-50,0,3.41776973280792e-49,8796459430.05142
" HA  LYS    31 "," H   GLN    32 ",-0.0942784110261272,-5.69628288801319e-50,0,3.41776973280792e-49,8796459430.05142
" HA  LYS    31 "," H   TYR    33 ",-0.0291911283572912,-5.69628288801319e-50,0,3.41776973280792e-49,8796459430.05142
" HA  LYS    31 "," H   ALA    34 ",-0.197502931421672,-5.69628288801319e-50,0,3.41776973280792e-49,8796459430.05142
" HA  LYS    31 "," H   ASN    35 ",-0.050092352233387,-5.69628288801319e-50,0,3.41776973280792e-49,8796459430.05142
" HA  LYS    31 "," HE1 TRP    43 ",-0.028447499069713,-5.69628288801319e-50,0,3.41776973280792e-49,8796459430.05142
" HA  LYS    31 "," HZ2 TRP    43 ",-0.991576983943297,-5.69628288801319e-50,0,3.41776973280792e-49,8796459430.05142
" HA  LYS    31 "," HH2 TRP    43 ",-0.68736459032906,-5.69628288801319e-50,0,3.41776973280792e-49,8796459430.05142
" HA  LYS    31 "," HZ3 TRP    43 ",-0.0282863140431369,-5.69628288801319e-50,0,3.41776973280792e-49,8796459430.05142
" HB1 LYS    31 "," HB2 LYS    31 ",-6.89517361276597,-5.69628288801319e-50,0,3.41776973280792e-49,8796459430.05142
" HB1 LYS    31 "," HG1 LYS    31 ",-0.285520055061046,-5.69628288801319e-50,0,3.41776973280792e-49,8796459430.05142
" HB1 LYS    31 "," HG2 LYS    31 ",-1.2948323895269,-5.69628288801319e-50,0,3.41776973280792e-49,8796459430.05142
" HB1 LYS    31 "," HD1 LYS    31 ",-0.0623501919766712,-5.69628288801319e-50,0,3.41776973280792e-49,8796459430.05142
" HB1 LYS    31 "," HD2 LYS    31 ",-0.422945811144838,-5.69628288801319e-50,0,3.41776973280792e-49,8796459430.05142
" HB1 LYS    31 "," HE1 LYS    31 ",-0.243324409884011,-5.69628288801319e-50,0,3.41776973280792e-49,8796459430.05142
" HB1 LYS    31 "," HE2 LYS    31 ",-0.0471540000483772,-5.69628288801319e-50,0,3.41776973280792e-49,8796459430.05142
" HB1 LYS    31 "," H   GLN    32 ",-0.561088313107138,-5.69628288801319e-50,0,3.41776973280792e-49,8796459430.05142
" HB1 LYS    31 "," HA  GLN    32 ",-0.0191175213267291,-5.69628288801319e-50,0,3.41776973280792e-49,8796459430.05142
" HB1 LYS    31 "," HB2 GLN    32 ",-0.0199980467156887,-5.69628288801319e-50,0,3.41776973280792e-49,8796459430.05142
" HB1 LYS    31 "," HH2 TRP    43 ",-0.0149669106120942,-5.69628288801319e-50,0,3.41776973280792e-49,8796459430.05142
" HB2 LYS    31 "," HG1 LYS    31 ",-0.664686737086231,-5.69628288801319e-50,0,3.41776973280792e-49,8796459430.05142
" HB2 LYS    31 "," HG2 LYS    31 ",-0.285553450200475,-5.69628288801319e-50,0,3.41776973280792e-49,8796459430.05142
" HB2 LYS    31 "," HD1 LYS    31 ",-0.0863811969565784,-5.69628288801319e-50,0,3.41776973280792e-49,8796459430.05142
" HB2 LYS    31 "," HD2 LYS    31 ",-0.30117545216073,-5.69628288801319e-50,0,3.41776973280792e-49,8796459430.05142
" HB2 LYS    31 "," HE1 LYS    31 ",-6.47695856026354,-5.69628288801319e-50,0,3.41776973280792e-49,8796459430.05142
" HB2 LYS    31 "," HE2 LYS    31 ",-0.511491315478986,-5.69628288801319e-50,0,3.41776973280792e-49,8796459430.05142
" HB2 LYS    31 "," H   GLN    32 ",-0.0533545888662687,-5.69628288801319e-50,0,3.41776973280792e-49,8796459430.05142
" HB2 LYS    31 "," HE1 TRP    43 ",-0.0156725184358325,-5.69628288801319e-50,0,3.41776973280792e-49,8796459430.05142
" HB2 LYS    31 "," HZ2 TRP    43 ",-0.0712488815526009,-5.69628288801319e-50,0,3.41776973280792e-49,8796459430.05142
" HB2 LYS    31 "," HH2 TRP    43 ",-0.0945816017987189,-5.69628288801319e-50,0,3.41776973280792e-49,8796459430.05142
" HB2 LYS    31 "," HZ3 TRP    43 ",-0.044557226947246,-5.69628288801319e-50,0,3.41776973280792e-49,8796459430.05142
" HB2 LYS    31 "," HE3 TRP    43 ",-0.0174315789709628,-5.69628288801319e-50,0,3.41776973280792e-49,8796459430.05142
" HG1 LYS    31 "," HG2 LYS    31 ",-6.51630348569764,-5.69628288801319e-50,0,3.41776973280792e-49,8796459430.05142
" HG1 LYS    31 "," HD1 LYS    31 ",-1.23870184193808,-5.69628288801319e-50,0,3.41776973280792e-49,8796459430.05142
" HG1 LYS    31 "," HD2 LYS    31 ",-0.304299959557012,-5.69628288801319e-50,0,3.41776973280792e-49,8796459430.05142
" HG1 LYS    31 "," HE1 LYS    31 ",-0.24645501098469,-5.69628288801319e-50,0,3.41776973280792e-49,8796459430.05142
" HG1 LYS    31 "," HE2 LYS    31 ",-0.737185802749036,-5.69628288801319e-50,0,3.41776973280792e-49,8796459430.05142
" HG1 LYS    31 "," H   GLN    32 ",-0.0224855126439022,-5.69628288801319e-50,0,3.41776973280792e-49,8796459430.05142
" HG1 LYS    31 "," H   ALA    34 ",-0.0151386209735085,-5.69628288801319e-50,0,3.41776973280792e-49,8796459430.05142
" HG1 LYS    31 "," H   ASN    35 ",-0.0310613581075365,-5.69628288801319e-50,0,3.41776973280792e-49,8796459430.05142
" HG1 LYS    31 ","HD22 ASN    35 ",-0.0458046028587158,-5.69628288801319e-50,0,3.41776973280792e-49,8796459430.05142
" HG1 LYS    31 "," HE1 TRP    43 ",-0.146874497019965,-5.69628288801319e-50,0,3.41776973280792e-49,8796459430.05142
" HG1 LYS    31 "," HZ2 TRP    43 ",-0.360370325739797,-5.69628288801319e-50,0,3.41776973280792e-49,8796459430.05142
" HG1 LYS    31 "," HH2 TRP    43 ",-0.0312608171365796,-5.69628288801319e-50,0,3.41776973280792e-49,8796459430.05142
" HG2 LYS    31 "," HD1 LYS    31 ",-1.36968640983726,-5.69628288801319e-50,0,3.41776973280792e-49,8796459430.05142
" HG2 LYS    31 "," HD2 LYS    31 ",-1.60336906013835,-5.69628288801319e-50,0,3.41776973280792e-49,8796459430.05142
" HG2 LYS    31 "," HE1 LYS    31 ",-0.0972698754446216,-5.69628288801319e-50,0,3.41776973280792e-49,8796459430.05142
" HG2 LYS    31 "," HE2 LYS    31 ",-0.0820166459108242,-5.69628288801319e-50,0,3.41776973280792e-49,8796459430.05142
" HG2 LYS    31 "," H   GLN    32 ",-0.0609162060069284,-5.69628288801319e-50,0,3.41776973280792e-49,8796459430.05142
" HG2 LYS    31 "," HA  GLN    32 ",-0.0277038077677015,-5.69628288801319e-50,0,3.41776973280792e-49,8796459430.05142
" HG2 LYS    31 "," H   ASN    35 ",-0.0192062696746836,-5.69628288801319e-50,0,3.41776973280792e-49,8796459430.05142
" HG2 LYS    31 ","HD21 ASN    35 ",-0.0339842744195907,-5.69628288801319e-50,0,3.41776973280792e-49,8796459430.05142
" HG2 LYS    31 ","HD22 ASN    35 ",-0.165410031043203,-5.69628288801319e-50,0,3.41776973280792e-49,8796459430.05142
" HG2 LYS    31 "," HZ2 TRP    43 ",-0.0217334766813396,-5.69628288801319e-50,0,3.41776973280792e-49,8796459430.05142
" HD1 LYS    31 "," HD2 LYS    31 ",-7.5258180632336,-5.69628288801319e-50,0,3.41776973280792e-49,8796459430.05142
" HD1 LYS    31 "," HE1 LYS    31 ",-0.264780472773997,-5.69628288801319e-50,0,3.41776973280792e-49,8796459430.05142
" HD1 LYS    31 "," HE2 LYS    31 ",-0.705534201095046,-5.69628288801319e-50,0,3.41776973280792e-49,8796459430.05142
" HD1 LYS    31 ","HD22 ASN    35 ",-0.0384810463944385,-5.69628288801319e-50,0,3.41776973280792e-49,8796459430.05142
" HD1 LYS    31 "," HD1 TRP    43 ",-0.0191708221861267,-5.69628288801319e-50,0,3.41776973280792e-49,8796459430.05142
" HD1 LYS    31 "," HE1 TRP    43 ",-0.0525913322536104,-5.69628288801319e-50,0,3.41776973280792e-49,8796459430.05142
" HD1 LYS    31 "," HZ2 TRP    43 ",-0.0177102555550053,-5.69628288801319e-50,0,3.41776973280792e-49,8796459430.05142
" HD2 LYS    31 "," HE1 LYS    31 ",-0.898627312181377,-5.69628288801319e-50,0,3.41776973280792e-49,8796459430.05142
" HD2 LYS    31 "," HE2 LYS    31 ",-0.261930257719452,-5.69628288801319e-50,0,3.41776973280792e-49,8796459430.05142
" HE1 LYS    31 "," HE2 LYS    31 ",-10.6852781537741,-5.69628288801319e-50,0,3.41776973280792e-49,8796459430.05142
" HE1 LYS    31 "," HB1 TRP    43 ",-0.0235257507705564,-5.69628288801319e-50,0,3.41776973280792e-49,8796459430.05142
" HE1 LYS    31 "," HD1 TRP    43 ",-0.0146968759736391,-5.69628288801319e-50,0,3.41776973280792e-49,8796459430.05142
" HE1 LYS    31 "," HE1 TRP    43 ",-0.0289131470091812,-5.69628288801319e-50,0,3.41776973280792e-49,8796459430.05142
" HE1 LYS    31 "," HZ2 TRP    43 ",-0.0358001868111122,-5.69628288801319e-50,0,3.41776973280792e-49,8796459430.05142
" HE1 LYS    31 "," HH2 TRP    43 ",-0.024289511342454,-5.69628288801319e-50,0,3.41776973280792e-49,8796459430.05142
" HE1 LYS    31 "," HZ3 TRP    43 ",-0.0295644489129658,-5.69628288801319e-50,0,3.41776973280792e-49,8796459430.05142
" HE1 LYS    31 "," HE3 TRP    43 ",-0.0435181623835457,-5.69628288801319e-50,0,3.41776973280792e-49,8796459430.05142
" HE2 LYS    31 "," HB1 TRP    43 ",-0.0399193665100165,-5.69628288801319e-50,0,3.41776973280792e-49,8796459430.05142
" HE2 LYS    31 "," HB2 TRP    43 ",-0.0363362747333399,-5.69628288801319e-50,0,3.41776973280792e-49,8796459430.05142
" HE2 LYS    31 "," HD1 TRP    43 ",-0.122529131581041,-5.69628288801319e-50,0,3.41776973280792e-49,8796459430.05142
" HE2 LYS    31 "," HE1 TRP    43 ",-0.427257180028492,-5.69628288801319e-50,0,3.41776973280792e-49,8796459430.05142
" HE2 LYS    31 "," HZ2 TRP    43 ",-0.159149233788374,-5.69628288801319e-50,0,3.41776973280792e-49,8796459430.05142
" HE2 LYS    31 "," HH2 TRP    43 ",-0.0285783607741467,-5.69628288801319e-50,0,3.41776973280792e-49,8796459430.05142
" HE2 LYS    31 "," HZ3 TRP    43 ",-0.0203312755304031,-5.69628288801319e-50,0,3.41776973280792e-49,8796459430.05142
" HE2 LYS    31 "," HE3 TRP    43 ",-0.045180273129556,-5.69628288801319e-50,0,3.41776973280792e-49,8796459430.05142
" HE2 LYS    31 "," HB  VAL    54 ",-0.0165159165076631,-5.69628288801319e-50,0,3.41776973280792e-49,8796459430.05142
" H   GLN    32 "," HA  GLN    32 ",-0.381244279290004,-5.69628288801319e-50,0,3.41776973280792e-49,8796459430.05142
" H   GLN    32 "," HB1 GLN    32 ",-1.15685129315273,-5.69628288801319e-50,0,3.41776973280792e-49,8796459430.05142
" H   GLN    32 "," HB2 GLN    32 ",-0.983271832207074,-5.69628288801319e-50,0,3.41776973280792e-49,8796459430.05142
" H   GLN    32 "," HG1 GLN    32 ",-0.0306168539368806,-5.69628288801319e-50,0,3.41776973280792e-49,8796459430.05142
" H   GLN    32 "," HG2 GLN    32 ",-0.0302128795305165,-5.69628288801319e-50,0,3.41776973280792e-49,8796459430.05142
" H   GLN    32 "," H   TYR    33 ",-0.404347353827269,-5.69628288801319e-50,0,3.41776973280792e-49,8796459430.05142
" H   GLN    32 "," HB1 TYR    33 ",-0.0145103400299589,-5.69628288801319e-50,0,3.41776973280792e-49,8796459430.05142
" H   GLN    32 "," H   ALA    34 ",-0.0333003078572272,-5.69628288801319e-50,0,3.41776973280792e-49,8796459430.05142
" H   GLN    32 "," H   ASN    35 ",-0.0163915506187359,-5.69628288801319e-50,0,3.41776973280792e-49,8796459430.05142
" HA  GLN    32 "," HB1 GLN    32 ",-0.256522358370859,-5.69628288801319e-50,0,3.41776973280792e-49,8796459430.05142
" HA  GLN    32 "," HB2 GLN    32 ",-0.713935745186827,-5.69628288801319e-50,0,3.41776973280792e-49,8796459430.05142
" HA  GLN    32 "," HG1 GLN    32 ",-0.958009812529122,-5.69628288801319e-50,0,3.41776973280792e-49,8796459430.05142
" HA  GLN    32 "," HG2 GLN    32 ",-0.185862029647747,-5.69628288801319e-50,0,3.41776973280792e-49,8796459430.05142
" HA  GLN    32 "," H   TYR    33 ",-0.103298625330468,-5.69628288801319e-50,0,3.41776973280792e-49,8796459430.05142
" HA  GLN    32 "," HA  TYR    33 ",-0.0205823162475357,-5.69628288801319e-50,0,3.41776973280792e-49,8796459430.05142
" HA  GLN    32 "," H   ALA    34 ",-0.0246274619036155,-5.69628288801319e-50,0,3.41776973280792e-49,8796459430.05142
" HA  GLN    32 "," H   ASN    35 ",-0.105084778077305,-5.69628288801319e-50,0,3.41776973280792e-49,8796459430.05142
" HA  GLN    32 "," HB1 ASN    35 ",-0.027376128421075,-5.69628288801319e-50,0,3.41776973280792e-49,8796459430.05142
" HA  GLN    32 "," HB2 ASN    35 ",-0.386369916471202,-5.69628288801319e-50,0,3.41776973280792e-49,8796459430.05142
" HA  GLN    32 ","HD21 ASN    35 ",-0.0853813165125973,-5.69628288801319e-50,0,3.41776973280792e-49,8796459430.05142
" HA  GLN    32 ","HD22 ASN    35 ",-0.0239556059571576,-5.69628288801319e-50,0,3.41776973280792e-49,8796459430.05142
" HA  GLN    32 "," H   ASP    36 ",-0.0529114481998607,-5.69628288801319e-50,0,3.41776973280792e-49,8796459430.05142
" HB1 GLN    32 "," HB2 GLN    32 ",-12.5569781825913,-5.69628288801319e-50,0,3.41776973280792e-49,8796459430.05142
" HB1 GLN    32 "," HG1 GLN    32 ",-0.290679871439198,-5.69628288801319e-50,0,3.41776973280792e-49,8796459430.05142
" HB1 GLN    32 "," HG2 GLN    32 ",-1.07144595673741,-5.69628288801319e-50,0,3.41776973280792e-49,8796459430.05142
" HB1 GLN    32 ","HE21 GLN    32 ",-0.0287670211156736,-5.69628288801319e-50,0,3.41776973280792e-49,8796459430.05142
" HB1 GLN    32 ","HE22 GLN    32 ",-0.0193669653697168,-5.69628288801319e-50,0,3.41776973280792e-49,8796459430.05142
" HB1 GLN    32 "," H   TYR    33 ",-0.780370940277211,-5.69628288801319e-50,0,3.41776973280792e-49,8796459430.05142
" HB1 GLN    32 "," HA  TYR    33 ",-0.0257732725218921,-5.69628288801319e-50,0,3.41776973280792e-49,8796459430.05142
" HB1 GLN    32 "," HB1 TYR    33 ",-0.0160405216371455,-5.69628288801319e-50,0,3.41776973280792e-49,8796459430.05142
" HB1 GLN    32 "," HB2 TYR    33 ",-0.0279046761268603,-5.69628288801319e-50,0,3.41776973280792e-49,8796459430.05142
" HB2 GLN    32 "," HG1 GLN    32 ",-0.769101528626171,-5.69628288801319e-50,0,3.41776973280792e-49,8796459430.05142
" HB2 GLN    32 "," HG2 GLN    32 ",-0.311910883720545,-5.69628288801319e-50,0,3.41776973280792e-49,8796459430.05142
" HB2 GLN    32 ","HE21 GLN    32 ",-0.0331295503204843,-5.69628288801319e-50,0,3.41776973280792e-49,8796459430.05142
" HB2 GLN    32 ","HE22 GLN    32 ",-0.0231318758530819,-5.69628288801319e-50,0,3.41776973280792e-49,8796459430.05142
" HB2 GLN    32 "," H   TYR    33 ",-0.0695802115492394,-5.69628288801319e-50,0,3.41776973280792e-49,8796459430.05142
" HG1 GLN    32 "," HG2 GLN    32 ",-7.47472869382992,-5.69628288801319e-50,0,3.41776973280792e-49,8796459430.05142
" HG1 GLN    32 ","HE21 GLN    32 ",-0.821619309446665,-5.69628288801319e-50,0,3.41776973280792e-49,8796459430.05142
" HG1 GLN    32 ","HE22 GLN    32 ",-0.0901381211925654,-5.69628288801319e-50,0,3.41776973280792e-49,8796459430.05142
" HG1 GLN    32 "," H   TYR    33 ",-0.0275180077384112,-5.69628288801319e-50,0,3.41776973280792e-49,8796459430.05142
" HG1 GLN    32 "," HA  TYR    33 ",-0.0157594858273455,-5.69628288801319e-50,0,3.41776973280792e-49,8796459430.05142
" HG1 GLN    32 "," HB2 ASN    35 ",-0.0277382119271765,-5.69628288801319e-50,0,3.41776973280792e-49,8796459430.05142
" HG1 GLN    32 "," H   ASP    36 ",-0.0153619087599781,-5.69628288801319e-50,0,3.41776973280792e-49,8796459430.05142
" HG2 GLN    32 ","HE21 GLN    32 ",-0.751526305425581,-5.69628288801319e-50,0,3.41776973280792e-49,8796459430.05142
" HG2 GLN    32 ","HE22 GLN    32 ",-0.105252323228265,-5.69628288801319e-50,0,3.41776973280792e-49,8796459430.05142
" HG2 GLN    32 "," H   TYR    33 ",-0.118508435602624,-5.69628288801319e-50,0,3.41776973280792e-49,8796459430.05142
" HG2 GLN    32 "," HA  TYR    33 ",-0.0872095396714164,-5.69628288801319e-50,0,3.41776973280792e-49,8796459430.05142
" HG2 GLN    32 "," HB2 TYR    33 ",-0.023399588322554,-5.69628288801319e-50,0,3.41776973280792e-49,8796459430.05142
" HG2 GLN    32 "," H   ASP    36 ",-0.0162956207066228,-5.69628288801319e-50,0,3.41776973280792e-49,8796459430.05142
" HG2 GLN    32 "," HB2 ASP    36 ",-0.0243439871191,-5.69628288801319e-50,0,3.41776973280792e-49,8796459430.05142
"HE21 GLN    32 ","HE22 GLN    32 ",-9.60415438211851,-5.69628288801319e-50,0,3.41776973280792e-49,8796459430.05142
" H   TYR    33 "," HA  TYR    33 ",-0.427624543069057,-5.69628288801319e-50,0,3.41776973280792e-49,8796459430.05142
" H   TYR    33 "," HB1 TYR    33 ",-0.98915002802589,-5.69628288801319e-50,0,3.41776973280792e-49,8796459430.05142
" H   TYR    33 "," HB2 TYR    33 ",-0.768030219893051,-5.69628288801319e-50,0,3.41776973280792e-49,8796459430.05142
" H   TYR    33 "," H   ALA    34 ",-0.388684473740177,-5.69628288801319e-50,0,3.41776973280792e-49,8796459430.05142
" H   TYR    33 "," H   ASN    35 ",-0.0271964884947848,-5.69628288801319e-50,0,3.41776973280792e-49,8796459430.05142
" H   TYR    33 "," H   ASP    36 ",-0.0194312341294092,-5.69628288801319e-50,0,3.41776973280792e-49,8796459430.05142
" H   TYR    33 "," HB2 ASP    36 ",-0.0164420039587743,-5.69628288801319e-50,0,3.41776973280792e-49,8796459430.05142
" HA  TYR    33 "," HB1 TYR    33 ",-0.272083049533526,-5.69628288801319e-50,0,3.41776973280792e-49,8796459430.05142
" HA  TYR    33 "," HB2 TYR    33 ",-1.22784716758651,-5.69628288801319e-50,0,3.41776973280792e-49,8796459430.05142
" HA  TYR    33 "," H   ALA    34 ",-0.107340011785928,-5.69628288801319e-50,0,3.41776973280792e-49,8796459430.05142
" HA  TYR    33 "," H   ASN    35 ",-0.0218380089486199,-5.69628288801319e-50,0,3.41776973280792e-49,8796459430.05142
" HA  TYR    33 "," H   ASP    36 ",-0.139324642958347,-5.69628288801319e-50,0,3.41776973280792e-49,8796459430.05142
" HA  TYR    33 "," HB1 ASP    36 ",-0.07640439320772,-5.69628288801319e-50,0,3.41776973280792e-49,8796459430.05142
" HA  TYR    33 "," HB2 ASP    36 ",-1.32494096034198,-5.69628288801319e-50,0,3.41776973280792e-49,8796459430.05142
" HA  TYR    33 "," H   ASN    37 ",-0.0323443749913308,-5.69628288801319e-50,0,3.41776973280792e-49,8796459430.05142
" HA  TYR    33 ","HD21 ASN    37 ",-0.153389844150814,-5.69628288801319e-50,0,3.41776973280792e-49,8796459430.05142
" HA  TYR    33 ","HD22 ASN    37 ",-0.0315214298464662,-5.69628288801319e-50,0,3.41776973280792e-49,8796459430.05142
" HB1 TYR    33 "," HB2 TYR    33 ",-9.08303083849333,-5.69628288801319e-50,0,3.41776973280792e-49,8796459430.05142
" HB1 TYR    33 "," H   ALA    34 ",-0.49761950699602,-5.69628288801319e-50,0,3.41776973280792e-49,8796459430.05142
" HB1 TYR    33 "," HA  ALA    34 ",-0.0203391757735577,-5.69628288801319e-50,0,3.41776973280792e-49,8796459430.05142
" HB1 TYR    33 ","HD21 ASN    37 ",-0.019130280492216,-5.69628288801319e-50,0,3.41776973280792e-49,8796459430.05142
" HB2 TYR    33 "," H   ALA    34 ",-0.0561805784110129,-5.69628288801319e-50,0,3.41776973280792e-49,8796459430.05142
" HB2 TYR    33 "," HB2 ASP    36 ",-0.0216053808309196,-5.69628288801319e-50,0,3.41776973280792e-49,8796459430.05142
" HB2 TYR    33 ","HD21 ASN    37 ",-0.0213421942160789,-5.69628288801319e-50,0,3.41776973280792e-49,8796459430.05142
" HH  TYR    33 ","HD21 ASN    37 ",-0.0185338793700616,-5.69628288801319e-50,0,3.41776973280792e-49,8796459430.05142
" HH  TYR    33 ","HD22 ASN    37 ",-0.110739487994531,-5.69628288801319e-50,0,3.41776973280792e-49,8796459430.05142
" H   ALA    34 "," HA  ALA    34 ",-0.408060690366433,-5.69628288801319e-50,0,3.41776973280792e-49,8796459430.05142
" H   ALA    34 "," H   ASN    35 ",-0.395702871903439,-5.69628288801319e-50,0,3.41776973280792e-49,8796459430.05142
" H   ALA    34 "," H   ASP    36 ",-0.0530246728612506,-5.69628288801319e-50,0,3.41776973280792e-49,8796459430.05142
" H   ALA    34 "," HB2 ASP    36 ",-0.0162319730742443,-5.69628288801319e-50,0,3.41776973280792e-49,8796459430.05142
" H   ALA    34 "," H   ASN    37 ",-0.0256502522217476,-5.69628288801319e-50,0,3.41776973280792e-49,8796459430.05142
" H   ALA    34 "," HB2 ASN    37 ",-0.0164110583429082,-5.69628288801319e-50,0,3.41776973280792e-49,8796459430.05142
" H   ALA    34 ","HD21 ASN    37 ",-0.0175343243101373,-5.69628288801319e-50,0,3.41776973280792e-49,8796459430.05142
" H   ALA    34 "," HZ2 TRP    43 ",-0.0362139916252347,-5.69628288801319e-50,0,3.41776973280792e-49,8796459430.05142
" H   ALA    34 "," HH2 TRP    43 ",-0.048378512509917,-5.69628288801319e-50,0,3.41776973280792e-49,8796459430.05142
" HA  ALA    34 "," H   ASN    35 ",-0.0939760102466579,-5.69628288801319e-50,0,3.41776973280792e-49,8796459430.05142
" HA  ALA    34 "," HA  ASN    35 ",-0.0195296864637232,-5.69628288801319e-50,0,3.41776973280792e-49,8796459430.05142
" HA  ALA    34 "," H   ASP    36 ",-0.0287311522665003,-5.69628288801319e-50,0,3.41776973280792e-49,8796459430.05142
" HA  ALA    34 "," H   ASN    37 ",-0.211642282330073,-5.69628288801319e-50,0,3.41776973280792e-49,8796459430.05142
" HA  ALA    34 "," HB1 ASN    37 ",-0.0436925861557048,-5.69628288801319e-50,0,3.41776973280792e-49,8796459430.05142
" HA  ALA    34 "," HB2 ASN    37 ",-0.561587695399654,-5.69628288801319e-50,0,3.41776973280792e-49,8796459430.05142
" HA  ALA    34 ","HD21 ASN    37 ",-0.0423820259147763,-5.69628288801319e-50,0,3.41776973280792e-49,8796459430.05142
" HA  ALA    34 "," H   GLY    38 ",-0.0387958284903768,-5.69628288801319e-50,0,3.41776973280792e-49,8796459430.05142
" HA  ALA    34 "," H   VAL    39 ",-0.119380163878132,-5.69628288801319e-50,0,3.41776973280792e-49,8796459430.05142
" HA  ALA    34 "," HB  VAL    39 ",-0.0751983096846917,-5.69628288801319e-50,0,3.41776973280792e-49,8796459430.05142
" HA  ALA    34 "," HZ2 TRP    43 ",-0.0209176709015634,-5.69628288801319e-50,0,3.41776973280792e-49,8796459430.05142
" H   ASN    35 "," HA  ASN    35 ",-0.408304405535437,-5.69628288801319e-50,0,3.41776973280792e-49,8796459430.05142
" H   ASN    35 "," HB1 ASN    35 ",-0.101813288929506,-5.69628288801319e-50,0,3.41776973280792e-49,8796459430.05142
" H   ASN    35 "," HB2 ASN    35 ",-1.03894114018589,-5.69628288801319e-50,0,3.41776973280792e-49,8796459430.05142
" H   ASN    35 ","HD21 ASN    35 ",-0.0409843443779378,-5.69628288801319e-50,0,3.41776973280792e-49,8796459430.05142
" H   ASN    35 ","HD22 ASN    35 ",-0.0294539656441318,-5.69628288801319e-50,0,3.41776973280792e-49,8796459430.05142
" H   ASN    35 "," H   ASP    36 ",-0.671167385636201,-5.69628288801319e-50,0,3.41776973280792e-49,8796459430.05142
" H   ASN    35 "," HB2 ASP    36 ",-0.0193386181502612,-5.69628288801319e-50,0,3.41776973280792e-49,8796459430.05142
" H   ASN    35 "," H   ASN    37 ",-0.049776377920598,-5.69628288801319e-50,0,3.41776973280792e-49,8796459430.05142
" H   ASN    35 "," H   GLY    38 ",-0.0214446595329717,-5.69628288801319e-50,0,3.41776973280792e-49,8796459430.05142
" H   ASN    35 "," H   VAL    39 ",-0.0155835351970493,-5.69628288801319e-50,0,3.41776973280792e-49,8796459430.05142
" H   ASN    35 "," HZ2 TRP    43 ",-0.01835530709117,-5.69628288801319e-50,0,3.41776973280792e-49,8796459430.05142
" HA  ASN    35 "," HB1 ASN    35 ",-0.581287240782695,-5.69628288801319e-50,0,3.41776973280792e-49,8796459430.05142
" HA  ASN    35 "," HB2 ASN    35 ",-0.244587499281732,-5.69628288801319e-50,0,3.41776973280792e-49,8796459430.05142
" HA  ASN    35 ","HD21 ASN    35 ",-0.0274279788725312,-5.69628288801319e-50,0,3.41776973280792e-49,8796459430.05142
" HA  ASN    35 ","HD22 ASN    35 ",-0.0193278372856803,-5.69628288801319e-50,0,3.41776973280792e-49,8796459430.05142
" HA  ASN    35 "," H   ASP    36 ",-0.113642177750589,-5.69628288801319e-50,0,3.41776973280792e-49,8796459430.05142
" HA  ASN    35 "," HA  ASP    36 ",-0.0257882381723251,-5.69628288801319e-50,0,3.41776973280792e-49,8796459430.05142
" HA  ASN    35 "," H   ASN    37 ",-0.045970117955829,-5.69628288801319e-50,0,3.41776973280792e-49,8796459430.05142
" HA  ASN    35 "," H   GLY    38 ",-0.230407091682177,-5.69628288801319e-50,0,3.41776973280792e-49,8796459430.05142
" HA  ASN    35 "," HA2 GLY    38 ",-0.139182029286567,-5.69628288801319e-50,0,3.41776973280792e-49,8796459430.05142
" HA  ASN    35 "," H   VAL    39 ",-0.0837235050585826,-5.69628288801319e-50,0,3.41776973280792e-49,8796459430.05142
" HA  ASN    35 "," HB2 ASP    40 ",-0.0411701851861026,-5.69628288801319e-50,0,3.41776973280792e-49,8796459430.05142
" HB1 ASN    35 "," HB2 ASN    35 ",-8.96358578069728,-5.69628288801319e-50,0,3.41776973280792e-49,8796459430.05142
" HB1 ASN    35 ","HD21 ASN    35 ",-1.05415894202188,-5.69628288801319e-50,0,3.41776973280792e-49,8796459430.05142
" HB1 ASN    35 ","HD22 ASN    35 ",-0.115187385316571,-5.69628288801319e-50,0,3.41776973280792e-49,8796459430.05142
" HB1 ASN    35 "," H   ASP    36 ",-0.0759354988743368,-5.69628288801319e-50,0,3.41776973280792e-49,8796459430.05142
" HB1 ASN    35 "," HA  ASP    36 ",-0.0236473476761467,-5.69628288801319e-50,0,3.41776973280792e-49,8796459430.05142
" HB2 ASN    35 ","HD21 ASN    35 ",-1.15930266383619,-5.69628288801319e-50,0,3.41776973280792e-49,8796459430.05142
" HB2 ASN    35 ","HD22 ASN    35 ",-0.120286605139191,-5.69628288801319e-50,0,3.41776973280792e-49,8796459430.05142
" HB2 ASN    35 "," H   ASP    36 ",-0.44868649006686,-5.69628288801319e-50,0,3.41776973280792e-49,8796459430.05142
" HB2 ASN    35 "," HA  ASP    36 ",-0.0261306331008498,-5.69628288801319e-50,0,3.41776973280792e-49,8796459430.05142
"HD21 ASN    35 ","HD22 ASN    35 ",-9.28706826018464,-5.69628288801319e-50,0,3.41776973280792e-49,8796459430.05142
" H   ASP    36 "," HA  ASP    36 ",-0.570674145108563,-5.69628288801319e-50,0,3.41776973280792e-49,8796459430.05142
" H   ASP    36 "," HB1 ASP    36 ",-0.107831650007905,-5.69628288801319e-50,0,3.41776973280792e-49,8796459430.05142
" H   ASP    36 "," HB2 ASP    36 ",-1.16381114793061,-5.69628288801319e-50,0,3.41776973280792e-49,8796459430.05142
" H   ASP    36 "," H   ASN    37 ",-0.442356165786164,-5.69628288801319e-50,0,3.41776973280792e-49,8796459430.05142
" H   ASP    36 "," HB2 ASN    37 ",-0.015169789106945,-5.69628288801319e-50,0,3.41776973280792e-49,8796459430.05142
" H   ASP    36 ","HD21 ASN    37 ",-0.0392374275592239,-5.69628288801319e-50,0,3.41776973280792e-49,8796459430.05142
" H   ASP    36 "," H   GLY    38 ",-0.0532930796602542,-5.69628288801319e-50,0,3.41776973280792e-49,8796459430.05142
" HA  ASP    36 "," HB1 ASP    36 ",-0.571215482518703,-5.69628288801319e-50,0,3.41776973280792e-49,8796459430.05142
" HA  ASP    36 "," HB2 ASP    36 ",-0.331203481826442,-5.69628288801319e-50,0,3.41776973280792e-49,8796459430.05142
" HA  ASP    36 "," H   ASN    37 ",-0.143154044705445,-5.69628288801319e-50,0,3.41776973280792e-49,8796459430.05142
" HA  ASP    36 "," HA  ASN    37 ",-0.0241152880262748,-5.69628288801319e-50,0,3.41776973280792e-49,8796459430.05142
" HA  ASP    36 ","HD21 ASN    37 ",-0.0177360976587495,-5.69628288801319e-50,0,3.41776973280792e-49,8796459430.05142
" HA  ASP    36 "," H   GLY    38 ",-0.0666821612130104,-5.69628288801319e-50,0,3.41776973280792e-49,8796459430.05142
" HB1 ASP    36 "," HB2 ASP    36 ",-12.2800753756606,-5.69628288801319e-50,0,3.41776973280792e-49,8796459430.05142
" HB1 ASP    36 "," H   ASN    37 ",-0.0824555917910909,-5.69628288801319e-50,0,3.41776973280792e-49,8796459430.05142
" HB1 ASP    36 "," HA  ASN    37 ",-0.0309773325138671,-5.69628288801319e-50,0,3.41776973280792e-49,8796459430.05142
" HB1 ASP    36 ","HD21 ASN    37 ",-0.165818071432991,-5.69628288801319e-50,0,3.41776973280792e-49,8796459430.05142
" HB1 ASP    36 ","HD22 ASN    37 ",-0.0500873558500773,-5.69628288801319e-50,0,3.41776973280792e-49,8796459430.05142
" HB2 ASP    36 "," H   ASN    37 ",-0.198386862015577,-5.69628288801319e-50,0,3.41776973280792e-49,8796459430.05142
" HB2 ASP    36 "," HA  ASN    37 ",-0.0160225785646071,-5.69628288801319e-50,0,3.41776973280792e-49,8796459430.05142
" HB2 ASP    36 "," HB2 ASN    37 ",-0.0165003628301543,-5.69628288801319e-50,0,3.41776973280792e-49,8796459430.05142
" HB2 ASP    36 ","HD21 ASN    37 ",-0.338292085913884,-5.69628288801319e-50,0,3.41776973280792e-49,8796459430.05142
" HB2 ASP    36 ","HD22 ASN    37 ",-0.0452414075742876,-5.69628288801319e-50,0,3.41776973280792e-49,8796459430.05142
" H   ASN    37 "," HA  ASN    37 ",-0.352868189361237,-5.69628288801319e-50,0,3.41776973280792e-49,8796459430.05142
" H   ASN    37 "," HB1 ASN    37 ",-0.113360747585656,-5.69628288801319e-50,0,3.41776973280792e-49,8796459430.05142
" H   ASN    37 "," HB2 ASN    37 ",-1.20194164238759,-5.69628288801319e-50,0,3.41776973280792e-49,8796459430.05142
" H   ASN    37 ","HD21 ASN    37 ",-0.583939126299838,-5.69628288801319e-50,0,3.41776973280792e-49,8796459430.05142
" H   ASN    37 ","HD22 ASN    37 ",-0.0380865338673362,-5.69628288801319e-50,0,3.41776973280792e-49,8796459430.05142
" H   ASN    37 "," H   GLY    38 ",-1.2910507043998,-5.69628288801319e-50,0,3.41776973280792e-49,8796459430.05142
" H   ASN    37 "," HA2 GLY    38 ",-0.0235058660842143,-5.69628288801319e-50,0,3.41776973280792e-49,8796459430.05142
" H   ASN    37 "," H   VAL    39 ",-0.0545830367200839,-5.69628288801319e-50,0,3.41776973280792e-49,8796459430.05142
" HA  ASN    37 "," HB1 ASN    37 ",-0.64371562625476,-5.69628288801319e-50,0,3.41776973280792e-49,8796459430.05142
" HA  ASN    37 "," HB2 ASN    37 ",-0.279087157793158,-5.69628288801319e-50,0,3.41776973280792e-49,8796459430.05142
" HA  ASN    37 ","HD21 ASN    37 ",-0.128072435615924,-5.69628288801319e-50,0,3.41776973280792e-49,8796459430.05142
" HA  ASN    37 ","HD22 ASN    37 ",-0.05451437433506,-5.69628288801319e-50,0,3.41776973280792e-49,8796459430.05142
" HA  ASN    37 "," H   GLY    38 ",-0.129258662853436,-5.69628288801319e-50,0,3.41776973280792e-49,8796459430.05142
" HA  ASN    37 "," HA1 GLY    38 ",-0.0240636020821545,-5.69628288801319e-50,0,3.41776973280792e-49,8796459430.05142
" HB1 ASN    37 "," HB2 ASN    37 ",-10.8342701384103,-5.69628288801319e-50,0,3.41776973280792e-49,8796459430.05142
" HB1 ASN    37 ","HD21 ASN    37 ",-0.0939954782017495,-5.69628288801319e-50,0,3.41776973280792e-49,8796459430.05142
" HB1 ASN    37 ","HD22 ASN    37 ",-0.0479171476362729,-5.69628288801319e-50,0,3.41776973280792e-49,8796459430.05142
" HB1 ASN    37 "," H   GLY    38 ",-0.0371094558949536,-5.69628288801319e-50,0,3.41776973280792e-49,8796459430.05142
" HB1 ASN    37 "," H   VAL    39 ",-0.0244989196773425,-5.69628288801319e-50,0,3.41776973280792e-49,8796459430.05142
" HB1 ASN    37 "," HB  VAL    39 ",-0.0292047349423478,-5.69628288801319e-50,0,3.41776973280792e-49,8796459430.05142
" HB2 ASN    37 ","HD21 ASN    37 ",-0.666545560919962,-5.69628288801319e-50,0,3.41776973280792e-49,8796459430.05142
" HB2 ASN    37 ","HD22 ASN    37 ",-0.096680929517593,-5.69628288801319e-50,0,3.41776973280792e-49,8796459430.05142
" HB2 ASN    37 "," H   GLY    38 ",-0.0792614211261964,-5.69628288801319e-50,0,3.41776973280792e-49,8796459430.05142
" HB2 ASN    37 "," H   VAL    39 ",-0.0466345863302641,-5.69628288801319e-50,0,3.41776973280792e-49,8796459430.05142
" HB2 ASN    37 "," HB  VAL    39 ",-0.0340122136791213,-5.69628288801319e-50,0,3.41776973280792e-49,8796459430.05142
"HD21 ASN    37 ","HD22 ASN    37 ",-9.5976287569805,-5.69628288801319e-50,0,3.41776973280792e-49,8796459430.05142
"HD21 ASN    37 "," H   GLY    38 ",-0.0152027585342039,-5.69628288801319e-50,0,3.41776973280792e-49,8796459430.05142
" H   GLY    38 "," HA1 GLY    38 ",-0.410343932867741,-5.69628288801319e-50,0,3.41776973280792e-49,8796459430.05142
" H   GLY    38 "," HA2 GLY    38 ",-1.712208382068,-5.69628288801319e-50,0,3.41776973280792e-49,8796459430.05142
" H   GLY    38 "," H   VAL    39 ",-0.529122307500957,-5.69628288801319e-50,0,3.41776973280792e-49,8796459430.05142
" H   GLY    38 "," HB  VAL    39 ",-0.0165417811637647,-5.69628288801319e-50,0,3.41776973280792e-49,8796459430.05142
" HA1 GLY    38 "," HA2 GLY    38 ",-6.09934864216476,-5.69628288801319e-50,0,3.41776973280792e-49,8796459430.05142
" HA1 GLY    38 "," H   VAL    39 ",-0.0919283611580411,-5.69628288801319e-50,0,3.41776973280792e-49,8796459430.05142
" HA1 GLY    38 "," HA  VAL    39 ",-0.0205983788139602,-5.69628288801319e-50,0,3.41776973280792e-49,8796459430.05142
" HA2 GLY    38 "," H   VAL    39 ",-0.248495476590572,-5.69628288801319e-50,0,3.41776973280792e-49,8796459430.05142
" HA2 GLY    38 "," HA  VAL    39 ",-0.0242330380639334,-5.69628288801319e-50,0,3.41776973280792e-49,8796459430.05142
" H   VAL    39 "," HA  VAL    39 ",-0.2572415718595,-5.69628288801319e-50,0,3.41776973280792e-49,8796459430.05142
" H   VAL    39 "," HB  VAL    39 ",-0.89878092171805,-5.69628288801319e-50,0,3.41776973280792e-49,8796459430.05142
" H   VAL    39 "," H   ASP    40 ",-0.0323292350313941,-5.69628288801319e-50,0,3.41776973280792e-49,8796459430.05142
" H   VAL    39 "," HB2 ASP    40 ",-0.0255096648634058,-5.69628288801319e-50,0,3.41776973280792e-49,8796459430.05142
" HA  VAL    39 "," HB  VAL    39 ",-0.237266233572677,-5.69628288801319e-50,0,3.41776973280792e-49,8796459430.05142
" HA  VAL    39 "," H   ASP    40 ",-2.44249208838984,-5.69628288801319e-50,0,3.41776973280792e-49,8796459430.05142
" HA  VAL    39 "," HA  ASP    40 ",-0.0283957744765879,-5.69628288801319e-50,0,3.41776973280792e-49,8796459430.05142
" HA  VAL    39 "," HB1 ASP    40 ",-0.0206200459863104,-5.69628288801319e-50,0,3.41776973280792e-49,8796459430.05142
" HA  VAL    39 "," HB2 ASP    40 ",-0.0283538716457584,-5.69628288801319e-50,0,3.41776973280792e-49,8796459430.05142
" HA  VAL    39 "," HB1 GLU    56 ",-0.0207681967424965,-5.69628288801319e-50,0,3.41776973280792e-49,8796459430.05142
" HA  VAL    39 "," HB2 GLU    56 ",-0.0722424141146998,-5.69628288801319e-50,0,3.41776973280792e-49,8796459430.05142
" HA  VAL    39 "," HG1 GLU    56 ",-0.0316488110022718,-5.69628288801319e-50,0,3.41776973280792e-49,8796459430.05142
" HB  VAL    39 "," H   ASP    40 ",-0.0241040722854863,-5.69628288801319e-50,0,3.41776973280792e-49,8796459430.05142
" H   ASP    40 "," HA  ASP    40 ",-0.360229051416776,-5.69628288801319e-50,0,3.41776973280792e-49,8796459430.05142
" H   ASP    40 "," HB1 ASP    40 ",-0.292854415384388,-5.69628288801319e-50,0,3.41776973280792e-49,8796459430.05142
" H   ASP    40 "," HB2 ASP    40 ",-0.184045541836373,-5.69628288801319e-50,0,3.41776973280792e-49,8796459430.05142
" H   ASP    40 "," H   GLY    41 ",-0.057222438486457,-5.69628288801319e-50,0,3.41776973280792e-49,8796459430.05142
" H   ASP    40 "," HA1 GLY    41 ",-0.0213428495614011,-5.69628288801319e-50,0,3.41776973280792e-49,8796459430.05142
" H   ASP    40 "," HA  GLU    56 ",-0.0148273867806162,-5.69628288801319e-50,0,3.41776973280792e-49,8796459430.05142
" H   ASP    40 "," HB1 GLU    56 ",-0.0196510325755965,-5.69628288801319e-50,0,3.41776973280792e-49,8796459430.05142
" H   ASP    40 "," HB2 GLU    56 ",-0.132161341167514,-5.69628288801319e-50,0,3.41776973280792e-49,8796459430.05142
" H   ASP    40 "," HG1 GLU    56 ",-0.205236083132509,-5.69628288801319e-50,0,3.41776973280792e-49,8796459430.05142
" H   ASP    40 "," HG2 GLU    56 ",-0.0227166695485292,-5.69628288801319e-50,0,3.41776973280792e-49,8796459430.05142
" HA  ASP    40 "," HB1 ASP    40 ",-0.265616066345494,-5.69628288801319e-50,0,3.41776973280792e-49,8796459430.05142
" HA  ASP    40 "," HB2 ASP    40 ",-0.763855856949949,-5.69628288801319e-50,0,3.41776973280792e-49,8796459430.05142
" HA  ASP    40 "," H   GLY    41 ",-4.9831399857762,-5.69628288801319e-50,0,3.41776973280792e-49,8796459430.05142
" HA  ASP    40 "," HA1 GLY    41 ",-0.0412524693360318,-5.69628288801319e-50,0,3.41776973280792e-49,8796459430.05142
" HA  ASP    40 "," HA2 GLY    41 ",-0.0407619406109988,-5.69628288801319e-50,0,3.41776973280792e-49,8796459430.05142
" HA  ASP    40 "," HD1 TRP    43 ",-0.0228446860461898,-5.69628288801319e-50,0,3.41776973280792e-49,8796459430.05142
" HA  ASP    40 "," HE1 TRP    43 ",-0.214765509686867,-5.69628288801319e-50,0,3.41776973280792e-49,8796459430.05142
" HA  ASP    40 "," HZ2 TRP    43 ",-0.0214565999965016,-5.69628288801319e-50,0,3.41776973280792e-49,8796459430.05142
" HA  ASP    40 "," HB  VAL    54 ",-0.0145649817097162,-5.69628288801319e-50,0,3.41776973280792e-49,8796459430.05142
" HB1 ASP    40 "," HB2 ASP    40 ",-8.14537567388411,-5.69628288801319e-50,0,3.41776973280792e-49,8796459430.05142
" HB1 ASP    40 "," H   GLY    41 ",-0.0359031974786365,-5.69628288801319e-50,0,3.41776973280792e-49,8796459430.05142
" HB1 ASP    40 "," HA2 GLY    41 ",-0.0172747834224307,-5.69628288801319e-50,0,3.41776973280792e-49,8796459430.05142
" HB2 ASP    40 "," H   GLY    41 ",-0.0353966706071279,-5.69628288801319e-50,0,3.41776973280792e-49,8796459430.05142
" HB2 ASP    40 "," HE1 TRP    43 ",-0.018674339231083,-5.69628288801319e-50,0,3.41776973280792e-49,8796459430.05142
" H   GLY    41 "," HA1 GLY    41 ",-0.539936661819224,-5.69628288801319e-50,0,3.41776973280792e-49,8796459430.05142
" H   GLY    41 "," HA2 GLY    41 ",-0.372522199542718,-5.69628288801319e-50,0,3.41776973280792e-49,8796459430.05142
" H   GLY    41 "," H   VAL    42 ",-0.0567492463569173,-5.69628288801319e-50,0,3.41776973280792e-49,8796459430.05142
" H   GLY    41 "," HA  VAL    42 ",-0.0148556709010419,-5.69628288801319e-50,0,3.41776973280792e-49,8796459430.05142
" H   GLY    41 "," HD1 TRP    43 ",-0.105304075206073,-5.69628288801319e-50,0,3.41776973280792e-49,8796459430.05142
" H   GLY    41 "," HE1 TRP    43 ",-0.181865097927612,-5.69628288801319e-50,0,3.41776973280792e-49,8796459430.05142
" H   GLY    41 "," HA  VAL    54 ",-0.0180955796942829,-5.69628288801319e-50,0,3.41776973280792e-49,8796459430.05142
" H   GLY    41 "," HB  VAL    54 ",-0.0278520281076289,-5.69628288801319e-50,0,3.41776973280792e-49,8796459430.05142
" H   GLY    41 "," H   THR    55 ",-0.0479319471620014,-5.69628288801319e-50,0,3.41776973280792e-49,8796459430.05142
" H   GLY    41 "," HB2 GLU    56 ",-0.0168551707122942,-5.69628288801319e-50,0,3.41776973280792e-49,8796459430.05142
" HA1 GLY    41 "," HA2 GLY    41 ",-9.23324348057773,-5.69628288801319e-50,0,3.41776973280792e-49,8796459430.05142
" HA1 GLY    41 "," H   VAL    42 ",-1.59443448208055,-5.69628288801319e-50,0,3.41776973280792e-49,8796459430.05142
" HA1 GLY    41 "," HA  VAL    42 ",-0.0246607381985661,-5.69628288801319e-50,0,3.41776973280792e-49,8796459430.05142
" HA1 GLY    41 "," HB  VAL    42 ",-0.0163858302594966,-5.69628288801319e-50,0,3.41776973280792e-49,8796459430.05142
" HA1 GLY    41 "," H   THR    55 ",-0.0950794381751887,-5.69628288801319e-50,0,3.41776973280792e-49,8796459430.05142
" HA1 GLY    41 "," HA  THR    55 ",-0.0145637305258589,-5.69628288801319e-50,0,3.41776973280792e-49,8796459430.05142
" HA1 GLY    41 "," H   GLU    56 ",-0.0292393645533825,-5.69628288801319e-50,0,3.41776973280792e-49,8796459430.05142
" HA1 GLY    41 "," HA  GLU    56 ",-0.435375396549667,-5.69628288801319e-50,0,3.41776973280792e-49,8796459430.05142
" HA1 GLY    41 "," HB2 GLU    56 ",-0.0478582583355413,-5.69628288801319e-50,0,3.41776973280792e-49,8796459430.05142
" HA1 GLY    41 "," HG1 GLU    56 ",-0.0832553126326192,-5.69628288801319e-50,0,3.41776973280792e-49,8796459430.05142
" HA2 GLY    41 "," H   VAL    42 ",-0.246467935304014,-5.69628288801319e-50,0,3.41776973280792e-49,8796459430.05142
" HA2 GLY    41 "," HA  VAL    42 ",-0.0305025950841653,-5.69628288801319e-50,0,3.41776973280792e-49,8796459430.05142
" HA2 GLY    41 "," HB  VAL    42 ",-0.0157451657295742,-5.69628288801319e-50,0,3.41776973280792e-49,8796459430.05142
" HA2 GLY    41 "," HA  GLU    56 ",-0.0461582403175685,-5.69628288801319e-50,0,3.41776973280792e-49,8796459430.05142
" HA2 GLY    41 "," HG1 GLU    56 ",-0.0318830471077179,-5.69628288801319e-50,0,3.41776973280792e-49,8796459430.05142
" H   VAL    42 "," HA  VAL    42 ",-0.347925305108919,-5.69628288801319e-50,0,3.41776973280792e-49,8796459430.05142
" H   VAL    42 "," HB  VAL    42 ",-0.369323538985042,-5.69628288801319e-50,0,3.41776973280792e-49,8796459430.05142
" H   VAL    42 "," H   TRP    43 ",-0.0301653180354391,-5.69628288801319e-50,0,3.41776973280792e-49,8796459430.05142
" H   VAL    42 "," HA  VAL    54 ",-0.0219469851157603,-5.69628288801319e-50,0,3.41776973280792e-49,8796459430.05142
" H   VAL    42 "," H   THR    55 ",-0.470149557043755,-5.69628288801319e-50,0,3.41776973280792e-49,8796459430.05142
" H   VAL    42 "," HA  THR    55 ",-0.0179250000957414,-5.69628288801319e-50,0,3.41776973280792e-49,8796459430.05142
" H   VAL    42 "," HB  THR    55 ",-0.0970117946306652,-5.69628288801319e-50,0,3.41776973280792e-49,8796459430.05142
" H   VAL    42 "," HA  GLU    56 ",-0.0447058411115303,-5.69628288801319e-50,0,3.41776973280792e-49,8796459430.05142
" HA  VAL    42 "," HB  VAL    42 ",-2.08891808527353,-5.69628288801319e-50,0,3.41776973280792e-49,8796459430.05142
" HA  VAL    42 "," H   TRP    43 ",-2.31275509588664,-5.69628288801319e-50,0,3.41776973280792e-49,8796459430.05142
" HA  VAL    42 "," HA  TRP    43 ",-0.0264636525848752,-5.69628288801319e-50,0,3.41776973280792e-49,8796459430.05142
" HA  VAL    42 "," HB2 TRP    43 ",-0.0394740568606185,-5.69628288801319e-50,0,3.41776973280792e-49,8796459430.05142
" HA  VAL    42 "," HD1 TRP    43 ",-0.0610733742742799,-5.69628288801319e-50,0,3.41776973280792e-49,8796459430.05142
" HA  VAL    42 "," H   THR    55 ",-0.0256165439883083,-5.69628288801319e-50,0,3.41776973280792e-49,8796459430.05142
" HB  VAL    42 "," H   TRP    43 ",-0.0489118611750766,-5.69628288801319e-50,0,3.41776973280792e-49,8796459430.05142
" H   TRP    43 "," HA  TRP    43 ",-0.39569415339022,-5.69628288801319e-50,0,3.41776973280792e-49,8796459430.05142
" H   TRP    43 "," HB1 TRP    43 ",-0.120023950108042,-5.69628288801319e-50,0,3.41776973280792e-49,8796459430.05142
" H   TRP    43 "," HB2 TRP    43 ",-2.09493093495008,-5.69628288801319e-50,0,3.41776973280792e-49,8796459430.05142
" H   TRP    43 "," HD1 TRP    43 ",-0.303767777475075,-5.69628288801319e-50,0,3.41776973280792e-49,8796459430.05142
" H   TRP    43 "," H   THR    44 ",-0.0231568984044315,-5.69628288801319e-50,0,3.41776973280792e-49,8796459430.05142
" H   TRP    43 "," HA  VAL    54 ",-0.0261281954745372,-5.69628288801319e-50,0,3.41776973280792e-49,8796459430.05142
" H   TRP    43 "," H   THR    55 ",-0.0181828600645923,-5.69628288801319e-50,0,3.41776973280792e-49,8796459430.05142
" HA  TRP    43 "," HB1 TRP    43 ",-0.743545906536114,-5.69628288801319e-50,0,3.41776973280792e-49,8796459430.05142
" HA  TRP    43 "," HB2 TRP    43 ",-0.394736393565565,-5.69628288801319e-50,0,3.41776973280792e-49,8796459430.05142
" HA  TRP    43 "," HD1 TRP    43 ",-0.0723177841524202,-5.69628288801319e-50,0,3.41776973280792e-49,8796459430.05142
" HA  TRP    43 "," HE3 TRP    43 ",-0.11096104822488,-5.69628288801319e-50,0,3.41776973280792e-49,8796459430.05142
" HA  TRP    43 "," H   THR    44 ",-2.01131400742188,-5.69628288801319e-50,0,3.41776973280792e-49,8796459430.05142
" HA  TRP    43 "," HA  THR    44 ",-0.0265899925854143,-5.69628288801319e-50,0,3.41776973280792e-49,8796459430.05142
" HA  TRP    43 "," H   THR    53 ",-0.0222190187491782,-5.69628288801319e-50,0,3.41776973280792e-49,8796459430.05142
" HA  TRP    43 "," H   VAL    54 ",-0.0159662390362943,-5.69628288801319e-50,0,3.41776973280792e-49,8796459430.05142
" HA  TRP    43 "," HA  VAL    54 ",-0.878925581542201,-5.69628288801319e-50,0,3.41776973280792e-49,8796459430.05142
" HA  TRP    43 "," HB  VAL    54 ",-0.125015196427108,-5.69628288801319e-50,0,3.41776973280792e-49,8796459430.05142
" HA  TRP    43 "," H   THR    55 ",-0.0474905987660399,-5.69628288801319e-50,0,3.41776973280792e-49,8796459430.05142
" HB1 TRP    43 "," HB2 TRP    43 ",-8.36337740401896,-5.69628288801319e-50,0,3.41776973280792e-49,8796459430.05142
" HB1 TRP    43 "," HD1 TRP    43 ",-0.062711845939499,-5.69628288801319e-50,0,3.41776973280792e-49,8796459430.05142
" HB1 TRP    43 "," HZ3 TRP    43 ",-0.0156255214427431,-5.69628288801319e-50,0,3.41776973280792e-49,8796459430.05142
" HB1 TRP    43 "," HE3 TRP    43 ",-0.764836122676237,-5.69628288801319e-50,0,3.41776973280792e-49,8796459430.05142
" HB1 TRP    43 "," H   THR    44 ",-0.222747785795717,-5.69628288801319e-50,0,3.41776973280792e-49,8796459430.05142
" HB1 TRP    43 "," HA  THR    44 ",-0.0311239349978385,-5.69628288801319e-50,0,3.41776973280792e-49,8796459430.05142
" HB1 TRP    43 "," HA  VAL    54 ",-0.0153027633478892,-5.69628288801319e-50,0,3.41776973280792e-49,8796459430.05142
" HB1 TRP    43 "," HB  VAL    54 ",-0.0161040159684366,-5.69628288801319e-50,0,3.41776973280792e-49,8796459430.05142
" HB2 TRP    43 "," HD1 TRP    43 ",-0.458422097386014,-5.69628288801319e-50,0,3.41776973280792e-49,8796459430.05142
" HB2 TRP    43 "," HE1 TRP    43 ",-0.0159971597122732,-5.69628288801319e-50,0,3.41776973280792e-49,8796459430.05142
" HB2 TRP    43 "," HE3 TRP    43 ",-0.0461242463221518,-5.69628288801319e-50,0,3.41776973280792e-49,8796459430.05142
" HB2 TRP    43 "," H   THR    44 ",-0.0386574472978309,-5.69628288801319e-50,0,3.41776973280792e-49,8796459430.05142
" HD1 TRP    43 "," HE1 TRP    43 ",-0.639297777752267,-5.69628288801319e-50,0,3.41776973280792e-49,8796459430.05142
" HD1 TRP    43 "," HZ2 TRP    43 ",-0.0154732399876462,-5.69628288801319e-50,0,3.41776973280792e-49,8796459430.05142
" HD1 TRP    43 "," HA  VAL    54 ",-0.0186939313322143,-5.69628288801319e-50,0,3.41776973280792e-49,8796459430.05142
" HD1 TRP    43 "," HB  VAL    54 ",-0.0310862167517909,-5.69628288801319e-50,0,3.41776973280792e-49,8796459430.05142
" HE1 TRP    43 "," HZ2 TRP    43 ",-0.766290175933007,-5.69628288801319e-50,0,3.41776973280792e-49,8796459430.05142
" HE1 TRP    43 "," HH2 TRP    43 ",-0.0175794629964945,-5.69628288801319e-50,0,3.41776973280792e-49,8796459430.05142
" HE1 TRP    43 "," HB  VAL    54 ",-0.122392847424992,-5.69628288801319e-50,0,3.41776973280792e-49,8796459430.05142
" HZ2 TRP    43 "," HH2 TRP    43 ",-0.853735098008482,-5.69628288801319e-50,0,3.41776973280792e-49,8796459430.05142
" HZ2 TRP    43 "," HZ3 TRP    43 ",-0.033478536151723,-5.69628288801319e-50,0,3.41776973280792e-49,8796459430.05142
" HZ2 TRP    43 "," HE3 TRP    43 ",-0.0154499927439844,-5.69628288801319e-50,0,3.41776973280792e-49,8796459430.05142
" HZ2 TRP    43 "," HB  VAL    54 ",-0.144315712556881,-5.69628288801319e-50,0,3.41776973280792e-49,8796459430.05142
" HH2 TRP    43 "," HZ3 TRP    43 ",-0.952925623446631,-5.69628288801319e-50,0,3.41776973280792e-49,8796459430.05142
" HH2 TRP    43 "," HE3 TRP    43 ",-0.0392020780806085,-5.69628288801319e-50,0,3.41776973280792e-49,8796459430.05142
" HH2 TRP    43 "," HB1 PHE    52 ",-0.023286666024405,-5.69628288801319e-50,0,3.41776973280792e-49,8796459430.05142
" HH2 TRP    43 "," HB2 PHE    52 ",-0.0200274736029356,-5.69628288801319e-50,0,3.41776973280792e-49,8796459430.05142
" HH2 TRP    43 "," HB  VAL    54 ",-0.0438015513891732,-5.69628288801319e-50,0,3.41776973280792e-49,8796459430.05142
" HZ3 TRP    43 "," HE3 TRP    43 ",-1.13446734169185,-5.69628288801319e-50,0,3.41776973280792e-49,8796459430.05142
" HZ3 TRP    43 "," HA  PHE    52 ",-0.0197536034064672,-5.69628288801319e-50,0,3.41776973280792e-49,8796459430.05142
" HZ3 TRP    43 "," HB1 PHE    52 ",-1.08884734538335,-5.69628288801319e-50,0,3.41776973280792e-49,8796459430.05142
" HZ3 TRP    43 "," HB2 PHE    52 ",-0.288437804286781,-5.69628288801319e-50,0,3.41776973280792e-49,8796459430.05142
" HZ3 TRP    43 "," H   THR    53 ",-0.0177243309644041,-5.69628288801319e-50,0,3.41776973280792e-49,8796459430.05142
" HZ3 TRP    43 "," HB  VAL    54 ",-0.0254819644164947,-5.69628288801319e-50,0,3.41776973280792e-49,8796459430.05142
" HE3 TRP    43 "," H   THR    44 ",-0.146432057838704,-5.69628288801319e-50,0,3.41776973280792e-49,8796459430.05142
" HE3 TRP    43 "," HA  PHE    52 ",-0.0252317103127124,-5.69628288801319e-50,0,3.41776973280792e-49,8796459430.05142
" HE3 TRP    43 "," HB1 PHE    52 ",-0.362602883478014,-5.69628288801319e-50,0,3.41776973280792e-49,8796459430.05142
" HE3 TRP    43 "," HB2 PHE    52 ",-0.0294861617406658,-5.69628288801319e-50,0,3.41776973280792e-49,8796459430.05142
" HE3 TRP    43 "," H   THR    53 ",-0.0450949645801637,-5.69628288801319e-50,0,3.41776973280792e-49,8796459430.05142
" HE3 TRP    43 "," HB  VAL    54 ",-0.0470466045199488,-5.69628288801319e-50,0,3.41776973280792e-49,8796459430.05142
" H   THR    44 "," HA  THR    44 ",-0.357514241721057,-5.69628288801319e-50,0,3.41776973280792e-49,8796459430.05142
" H   THR    44 "," HB  THR    44 ",-0.0709112361692622,-5.69628288801319e-50,0,3.41776973280792e-49,8796459430.05142
" H   THR    44 "," HG1 THR    44 ",-0.0568597301975186,-5.69628288801319e-50,0,3.41776973280792e-49,8796459430.05142
" H   THR    44 "," H   TYR    45 ",-0.0366276505148741,-5.69628288801319e-50,0,3.41776973280792e-49,8796459430.05142
" H   THR    44 "," HA  TYR    45 ",-0.0170328692758201,-5.69628288801319e-50,0,3.41776973280792e-49,8796459430.05142
" H   THR    44 "," HA  PHE    52 ",-0.0301246713098191,-5.69628288801319e-50,0,3.41776973280792e-49,8796459430.05142
" H   THR    44 "," HB1 PHE    52 ",-0.033317708136875,-5.69628288801319e-50,0,3.41776973280792e-49,8796459430.05142
" H   THR    44 "," H   THR    53 ",-0.381445097603729,-5.69628288801319e-50,0,3.41776973280792e-49,8796459430.05142
" H   THR    44 "," HA  THR    53 ",-0.0169880442915135,-5.69628288801319e-50,0,3.41776973280792e-49,8796459430.05142
" H   THR    44 "," HB  THR    53 ",-0.0593630934916493,-5.69628288801319e-50,0,3.41776973280792e-49,8796459430.05142
" H   THR    44 "," H   VAL    54 ",-0.0160634916729418,-5.69628288801319e-50,0,3.41776973280792e-49,8796459430.05142
" H   THR    44 "," HA  VAL    54 ",-0.0857205852757988,-5.69628288801319e-50,0,3.41776973280792e-49,8796459430.05142
" H   THR    44 "," HB  VAL    54 ",-0.0212388902718053,-5.69628288801319e-50,0,3.41776973280792e-49,8796459430.05142
" HA  THR    44 "," HB  THR    44 ",-0.564578102212706,-5.69628288801319e-50,0,3.41776973280792e-49,8796459430.05142
" HA  THR    44 "," HG1 THR    44 ",-0.0482054600474567,-5.69628288801319e-50,0,3.41776973280792e-49,8796459430.05142
" HA  THR    44 "," H   TYR    45 ",-3.84420750582278,-5.69628288801319e-50,0,3.41776973280792e-49,8796459430.05142
" HA  THR    44 "," HA  TYR    45 ",-0.0386200244079828,-5.69628288801319e-50,0,3.41776973280792e-49,8796459430.05142
" HA  THR    44 "," HB1 TYR    45 ",-0.042854046086087,-5.69628288801319e-50,0,3.41776973280792e-49,8796459430.05142
" HA  THR    44 "," HB2 TYR    45 ",-0.0473535025242708,-5.69628288801319e-50,0,3.41776973280792e-49,8796459430.05142
" HA  THR    44 "," H   THR    53 ",-0.0227303461141811,-5.69628288801319e-50,0,3.41776973280792e-49,8796459430.05142
" HB  THR    44 "," HG1 THR    44 ",-2.49767892376647,-5.69628288801319e-50,0,3.41776973280792e-49,8796459430.05142
" HB  THR    44 "," H   TYR    45 ",-0.546885935115381,-5.69628288801319e-50,0,3.41776973280792e-49,8796459430.05142
" HB  THR    44 "," HA  TYR    45 ",-0.0408744405177107,-5.69628288801319e-50,0,3.41776973280792e-49,8796459430.05142
" HB  THR    44 "," H   THR    53 ",-0.0321986706744038,-5.69628288801319e-50,0,3.41776973280792e-49,8796459430.05142
" HB  THR    44 "," HB  THR    53 ",-0.0666283367574412,-5.69628288801319e-50,0,3.41776973280792e-49,8796459430.05142
" HB  THR    44 "," HG1 THR    53 ",-0.0147443905568454,-5.69628288801319e-50,0,3.41776973280792e-49,8796459430.05142
" HG1 THR    44 "," H   TYR    45 ",-0.0197464776034545,-5.69628288801319e-50,0,3.41776973280792e-49,8796459430.05142
" HG1 THR    44 "," H   THR    53 ",-0.0207501871061521,-5.69628288801319e-50,0,3.41776973280792e-49,8796459430.05142
" HG1 THR    44 "," HB  THR    53 ",-0.355006279475756,-5.69628288801319e-50,0,3.41776973280792e-49,8796459430.05142
" HG1 THR    44 "," HG1 THR    53 ",-0.0181026590297547,-5.69628288801319e-50,0,3.41776973280792e-49,8796459430.05142
" HG1 THR    44 "," HG1 THR    55 ",-0.0318079780553248,-5.69628288801319e-50,0,3.41776973280792e-49,8796459430.05142
" H   TYR    45 "," HA  TYR    45 ",-0.338608651969043,-5.69628288801319e-50,0,3.41776973280792e-49,8796459430.05142
" H   TYR    45 "," HB1 TYR    45 ",-0.617977678162498,-5.69628288801319e-50,0,3.41776973280792e-49,8796459430.05142
" H   TYR    45 "," HB2 TYR    45 ",-0.236675924272499,-5.69628288801319e-50,0,3.41776973280792e-49,8796459430.05142
" H   TYR    45 "," H   ASP    46 ",-0.0275547945777987,-5.69628288801319e-50,0,3.41776973280792e-49,8796459430.05142
" H   TYR    45 "," HA  PHE    52 ",-0.0175123968724452,-5.69628288801319e-50,0,3.41776973280792e-49,8796459430.05142
" H   TYR    45 "," H   THR    53 ",-0.0177284673412669,-5.69628288801319e-50,0,3.41776973280792e-49,8796459430.05142
" HA  TYR    45 "," HB1 TYR    45 ",-0.257194570741665,-5.69628288801319e-50,0,3.41776973280792e-49,8796459430.05142
" HA  TYR    45 "," HB2 TYR    45 ",-0.839883950251813,-5.69628288801319e-50,0,3.41776973280792e-49,8796459430.05142
" HA  TYR    45 "," H   ASP    46 ",-1.5353509753339,-5.69628288801319e-50,0,3.41776973280792e-49,8796459430.05142
" HA  TYR    45 "," HA  ASP    46 ",-0.0210299923218075,-5.69628288801319e-50,0,3.41776973280792e-49,8796459430.05142
" HA  TYR    45 "," HB1 ASP    46 ",-0.0213705850458466,-5.69628288801319e-50,0,3.41776973280792e-49,8796459430.05142
" HA  TYR    45 "," HB2 ASP    46 ",-0.0152229862518105,-5.69628288801319e-50,0,3.41776973280792e-49,8796459430.05142
" HA  TYR    45 "," H   PHE    52 ",-0.0188947004580453,-5.69628288801319e-50,0,3.41776973280792e-49,8796459430.05142
" HA  TYR    45 "," HA  PHE    52 ",-0.925126060117444,-5.69628288801319e-50,0,3.41776973280792e-49,8796459430.05142
" HA  TYR    45 "," HB1 PHE    52 ",-0.0239251046243494,-5.69628288801319e-50,0,3.41776973280792e-49,8796459430.05142
" HA  TYR    45 "," H   THR    53 ",-0.104726996937683,-5.69628288801319e-50,0,3.41776973280792e-49,8796459430.05142
" HA  TYR    45 "," HG1 THR    53 ",-0.0168900736255845,-5.69628288801319e-50,0,3.41776973280792e-49,8796459430.05142
" HB1 TYR    45 "," HB2 TYR    45 ",-7.33816591643688,-5.69628288801319e-50,0,3.41776973280792e-49,8796459430.05142
" HB1 TYR    45 "," H   ASP    46 ",-0.0402989258189081,-5.69628288801319e-50,0,3.41776973280792e-49,8796459430.05142
" HB1 TYR    45 "," HA  ASP    46 ",-0.0180078468258352,-5.69628288801319e-50,0,3.41776973280792e-49,8796459430.05142
" HB2 TYR    45 "," H   ASP    46 ",-0.0361021230025312,-5.69628288801319e-50,0,3.41776973280792e-49,8796459430.05142
" HB2 TYR    45 "," HA  PHE    52 ",-0.0774128337395289,-5.69628288801319e-50,0,3.41776973280792e-49,8796459430.05142
" HB2 TYR    45 "," HB1 PHE    52 ",-0.0158411478848843,-5.69628288801319e-50,0,3.41776973280792e-49,8796459430.05142
" HB2 TYR    45 "," HZ  PHE    52 ",-0.0213442069397135,-5.69628288801319e-50,0,3.41776973280792e-49,8796459430.05142
" HB2 TYR    45 "," H   THR    53 ",-0.0146870592135035,-5.69628288801319e-50,0,3.41776973280792e-49,8796459430.05142
" HH  TYR    45 "," HA  ASP    47 ",-0.145999374385235,-5.69628288801319e-50,0,3.41776973280792e-49,8796459430.05142
" HH  TYR    45 "," HB1 ASP    47 ",-0.0644440690009155,-5.69628288801319e-50,0,3.41776973280792e-49,8796459430.05142
" HH  TYR    45 "," HB2 ASP    47 ",-0.117716048877086,-5.69628288801319e-50,0,3.41776973280792e-49,8796459430.05142
" HH  TYR    45 "," HA  LYS    50 ",-0.107048473271768,-5.69628288801319e-50,0,3.41776973280792e-49,8796459430.05142
" HH  TYR    45 "," HB1 LYS    50 ",-0.0197886992722932,-5.69628288801319e-50,0,3.41776973280792e-49,8796459430.05142
" HH  TYR    45 "," HG1 LYS    50 ",-0.0173657171126211,-5.69628288801319e-50,0,3.41776973280792e-49,8796459430.05142
" HH  TYR    45 "," HG2 LYS    50 ",-0.0393865950758602,-5.69628288801319e-50,0,3.41776973280792e-49,8796459430.05142
" H   ASP    46 "," HA  ASP    46 ",-0.283695165270317,-5.69628288801319e-50,0,3.41776973280792e-49,8796459430.05142
" H   ASP    46 "," HB1 ASP    46 ",-0.785082224512223,-5.69628288801319e-50,0,3.41776973280792e-49,8796459430.05142
" H   ASP    46 "," HB2 ASP    46 ",-0.200369321808187,-5.69628288801319e-50,0,3.41776973280792e-49,8796459430.05142
" H   ASP    46 "," H   ASP    47 ",-0.0389904671213585,-5.69628288801319e-50,0,3.41776973280792e-49,8796459430.05142
" H   ASP    46 "," HA  ASP    47 ",-0.0200463743035722,-5.69628288801319e-50,0,3.41776973280792e-49,8796459430.05142
" H   ASP    46 "," H   THR    51 ",-0.150420582555143,-5.69628288801319e-50,0,3.41776973280792e-49,8796459430.05142
" H   ASP    46 "," HA  THR    51 ",-0.0163828308488432,-5.69628288801319e-50,0,3.41776973280792e-49,8796459430.05142
" H   ASP    46 "," HB  THR    51 ",-0.0663283418421495,-5.69628288801319e-50,0,3.41776973280792e-49,8796459430.05142
" H   ASP    46 "," HA  PHE    52 ",-0.0527235497388534,-5.69628288801319e-50,0,3.41776973280792e-49,8796459430.05142
" HA  ASP    46 "," HB1 ASP    46 ",-0.309622358117784,-5.69628288801319e-50,0,3.41776973280792e-49,8796459430.05142
" HA  ASP    46 "," HB2 ASP    46 ",-1.15333563617762,-5.69628288801319e-50,0,3.41776973280792e-49,8796459430.05142
" HA  ASP    46 "," H   ASP    47 ",-2.5428371387736,-5.69628288801319e-50,0,3.41776973280792e-49,8796459430.05142
" HA  ASP    46 "," HA  ASP    47 ",-0.0309297794222422,-5.69628288801319e-50,0,3.41776973280792e-49,8796459430.05142
" HA  ASP    46 "," HB1 ASP    47 ",-0.0279344795358694,-5.69628288801319e-50,0,3.41776973280792e-49,8796459430.05142
" HA  ASP    46 "," H   ALA    48 ",-0.0887528481102419,-5.69628288801319e-50,0,3.41776973280792e-49,8796459430.05142
" HA  ASP    46 "," H   THR    49 ",-0.0192932054563719,-5.69628288801319e-50,0,3.41776973280792e-49,8796459430.05142
" HB1 ASP    46 "," HB2 ASP    46 ",-8.30075777443317,-5.69628288801319e-50,0,3.41776973280792e-49,8796459430.05142
" HB1 ASP    46 "," H   ASP    47 ",-0.0333571989593594,-5.69628288801319e-50,0,3.41776973280792e-49,8796459430.05142
" HB1 ASP    46 "," H   ALA    48 ",-0.0225103544941032,-5.69628288801319e-50,0,3.41776973280792e-49,8796459430.05142
" HB1 ASP    46 "," H   THR    49 ",-0.080377437827071,-5.69628288801319e-50,0,3.41776973280792e-49,8796459430.05142
" HB1 ASP    46 "," HG1 THR    49 ",-0.364518577042494,-5.69628288801319e-50,0,3.41776973280792e-49,8796459430.05142
" HB1 ASP    46 "," H   LYS    50 ",-0.02002591633957,-5.69628288801319e-50,0,3.41776973280792e-49,8796459430.05142
" HB1 ASP    46 "," H   THR    51 ",-0.102479383209204,-5.69628288801319e-50,0,3.41776973280792e-49,8796459430.05142
" HB1 ASP    46 "," HB  THR    51 ",-0.126799298861369,-5.69628288801319e-50,0,3.41776973280792e-49,8796459430.05142
" HB2 ASP    46 "," H   ASP    47 ",-0.0364619225400678,-5.69628288801319e-50,0,3.41776973280792e-49,8796459430.05142
" HB2 ASP    46 "," H   ALA    48 ",-0.0162587540034999,-5.69628288801319e-50,0,3.41776973280792e-49,8796459430.05142
" HB2 ASP    46 "," H   THR    49 ",-0.0179490457222045,-5.69628288801319e-50,0,3.41776973280792e-49,8796459430.05142
" HB2 ASP    46 "," HG1 THR    49 ",-0.0408331886593486,-5.69628288801319e-50,0,3.41776973280792e-49,8796459430.05142
" H   ASP    47 "," HA  ASP    47 ",-0.393257908196954,-5.69628288801319e-50,0,3.41776973280792e-49,8796459430.05142
" H   ASP    47 "," HB1 ASP    47 ",-0.742476466970261,-5.69628288801319e-50,0,3.41776973280792e-49,8796459430.05142
" H   ASP    47 "," HB2 ASP    47 ",-0.109664891408901,-5.69628288801319e-50,0,3.41776973280792e-49,8796459430.05142
" H   ASP    47 "," H   ALA    48 ",-1.07424659829322,-5.69628288801319e-50,0,3.41776973280792e-49,8796459430.05142
" H   ASP    47 "," H   THR    49 ",-0.0320626686761893,-5.69628288801319e-50,0,3.41776973280792e-49,8796459430.05142
" H   ASP    47 "," H   LYS    50 ",-0.0274097104126277,-5.69628288801319e-50,0,3.41776973280792e-49,8796459430.05142
" HA  ASP    47 "," HB1 ASP    47 ",-0.874049700690677,-5.69628288801319e-50,0,3.41776973280792e-49,8796459430.05142
" HA  ASP    47 "," HB2 ASP    47 ",-1.8493903258974,-5.69628288801319e-50,0,3.41776973280792e-49,8796459430.05142
" HA  ASP    47 "," H   ALA    48 ",-0.137189007409685,-5.69628288801319e-50,0,3.41776973280792e-49,8796459430.05142
" HA  ASP    47 "," HA  ALA    48 ",-0.0168416510577712,-5.69628288801319e-50,0,3.41776973280792e-49,8796459430.05142
" HA  ASP    47 "," H   THR    49 ",-0.0394140682087412,-5.69628288801319e-50,0,3.41776973280792e-49,8796459430.05142
" HA  ASP    47 "," H   LYS    50 ",-0.474569487667275,-5.69628288801319e-50,0,3.41776973280792e-49,8796459430.05142
" HA  ASP    47 "," HA  LYS    50 ",-0.899341039531187,-5.69628288801319e-50,0,3.41776973280792e-49,8796459430.05142
" HA  ASP    47 "," HB1 LYS    50 ",-0.0154260929836652,-5.69628288801319e-50,0,3.41776973280792e-49,8796459430.05142
" HA  ASP    47 "," HG1 LYS    50 ",-0.0851604139995536,-5.69628288801319e-50,0,3.41776973280792e-49,8796459430.05142
" HA  ASP    47 "," HG2 LYS    50 ",-0.0297166980138967,-5.69628288801319e-50,0,3.41776973280792e-49,8796459430.05142
" HA  ASP    47 "," H   THR    51 ",-0.05794124216728,-5.69628288801319e-50,0,3.41776973280792e-49,8796459430.05142
" HB1 ASP    47 "," HB2 ASP    47 ",-11.0186599337116,-5.69628288801319e-50,0,3.41776973280792e-49,8796459430.05142
" HB1 ASP    47 "," H   ALA    48 ",-0.0533808645044377,-5.69628288801319e-50,0,3.41776973280792e-49,8796459430.05142
" HB1 ASP    47 "," HA  LYS    50 ",-0.0162746053192123,-5.69628288801319e-50,0,3.41776973280792e-49,8796459430.05142
" HB2 ASP    47 "," H   ALA    48 ",-0.0513687526482633,-5.69628288801319e-50,0,3.41776973280792e-49,8796459430.05142
" HB2 ASP    47 "," HA  ALA    48 ",-0.0158270630897146,-5.69628288801319e-50,0,3.41776973280792e-49,8796459430.05142
" HB2 ASP    47 "," H   LYS    50 ",-0.0251829835590564,-5.69628288801319e-50,0,3.41776973280792e-49,8796459430.05142
" HB2 ASP    47 "," HA  LYS    50 ",-0.038741588735438,-5.69628288801319e-50,0,3.41776973280792e-49,8796459430.05142
" HB2 ASP    47 "," HG1 LYS    50 ",-0.0299077990677534,-5.69628288801319e-50,0,3.41776973280792e-49,8796459430.05142
" HB2 ASP    47 "," HG2 LYS    50 ",-0.0154253183959292,-5.69628288801319e-50,0,3.41776973280792e-49,8796459430.05142
" H   ALA    48 "," HA  ALA    48 ",-0.365294876762041,-5.69628288801319e-50,0,3.41776973280792e-49,8796459430.05142
" H   ALA    48 "," H   THR    49 ",-0.490412203799145,-5.69628288801319e-50,0,3.41776973280792e-49,8796459430.05142
" H   ALA    48 "," HG1 THR    49 ",-0.0317704180291886,-5.69628288801319e-50,0,3.41776973280792e-49,8796459430.05142
" H   ALA    48 "," H   LYS    50 ",-0.097964862518209,-5.69628288801319e-50,0,3.41776973280792e-49,8796459430.05142
" HA  ALA    48 "," H   THR    49 ",-0.106279772475099,-5.69628288801319e-50,0,3.41776973280792e-49,8796459430.05142
" HA  ALA    48 "," HA  THR    49 ",-0.0240999824817779,-5.69628288801319e-50,0,3.41776973280792e-49,8796459430.05142
" HA  ALA    48 "," H   LYS    50 ",-0.0449323381582158,-5.69628288801319e-50,0,3.41776973280792e-49,8796459430.05142
" HA  ALA    48 "," HG1 LYS    50 ",-0.0191848239357249,-5.69628288801319e-50,0,3.41776973280792e-49,8796459430.05142
" HA  ALA    48 "," HE2 LYS    50 ",-0.0168147441093156,-5.69628288801319e-50,0,3.41776973280792e-49,8796459430.05142
" H   THR    49 "," HA  THR    49 ",-0.317531912149192,-5.69628288801319e-50,0,3.41776973280792e-49,8796459430.05142
" H   THR    49 "," HB  THR    49 ",-0.0764847781441318,-5.69628288801319e-50,0,3.41776973280792e-49,8796459430.05142
" H   THR    49 "," HG1 THR    49 ",-3.77564829176882,-5.69628288801319e-50,0,3.41776973280792e-49,8796459430.05142
" H   THR    49 "," H   LYS    50 ",-1.26015161863299,-5.69628288801319e-50,0,3.41776973280792e-49,8796459430.05142
" H   THR    49 "," HA  LYS    50 ",-0.0228188002310196,-5.69628288801319e-50,0,3.41776973280792e-49,8796459430.05142
" H   THR    49 "," HG1 LYS    50 ",-0.0157301958986552,-5.69628288801319e-50,0,3.41776973280792e-49,8796459430.05142
" H   THR    49 "," H   THR    51 ",-0.0744967508799738,-5.69628288801319e-50,0,3.41776973280792e-49,8796459430.05142
" H   THR    49 "," HB  THR    51 ",-0.0163645206480804,-5.69628288801319e-50,0,3.41776973280792e-49,8796459430.05142
" H   THR    49 "," HG1 THR    51 ",-0.0183609349634297,-5.69628288801319e-50,0,3.41776973280792e-49,8796459430.05142
" HA  THR    49 "," HB  THR    49 ",-0.86547681497043,-5.69628288801319e-50,0,3.41776973280792e-49,8796459430.05142
" HA  THR    49 "," HG1 THR    49 ",-0.120347360381413,-5.69628288801319e-50,0,3.41776973280792e-49,8796459430.05142
" HA  THR    49 "," H   LYS    50 ",-0.20857895682031,-5.69628288801319e-50,0,3.41776973280792e-49,8796459430.05142
" HA  THR    49 "," HB2 LYS    50 ",-0.0352198554251939,-5.69628288801319e-50,0,3.41776973280792e-49,8796459430.05142
" HA  THR    49 "," HG1 LYS    50 ",-0.0278042984700576,-5.69628288801319e-50,0,3.41776973280792e-49,8796459430.05142
" HA  THR    49 "," HD2 LYS    50 ",-0.0373035433289421,-5.69628288801319e-50,0,3.41776973280792e-49,8796459430.05142
" HA  THR    49 "," H   THR    51 ",-0.0203980523458089,-5.69628288801319e-50,0,3.41776973280792e-49,8796459430.05142
" HA  THR    49 "," HG1 THR    51 ",-0.0420169496173572,-5.69628288801319e-50,0,3.41776973280792e-49,8796459430.05142
" HB  THR    49 "," HG1 THR    49 ",-0.422440135923905,-5.69628288801319e-50,0,3.41776973280792e-49,8796459430.05142
" HB  THR    49 "," H   LYS    50 ",-0.0357136626679103,-5.69628288801319e-50,0,3.41776973280792e-49,8796459430.05142
" HB  THR    49 "," H   THR    51 ",-0.0412149734330561,-5.69628288801319e-50,0,3.41776973280792e-49,8796459430.05142
" HB  THR    49 "," HB  THR    51 ",-0.0713383583639496,-5.69628288801319e-50,0,3.41776973280792e-49,8796459430.05142
" HB  THR    49 "," HG1 THR    51 ",-0.529877870126201,-5.69628288801319e-50,0,3.41776973280792e-49,8796459430.05142
" HG1 THR    49 "," H   LYS    50 ",-0.0915744039843795,-5.69628288801319e-50,0,3.41776973280792e-49,8796459430.05142
" HG1 THR    49 "," H   THR    51 ",-0.0865060613626672,-5.69628288801319e-50,0,3.41776973280792e-49,8796459430.05142
" HG1 THR    49 "," HB  THR    51 ",-0.0877620188595244,-5.69628288801319e-50,0,3.41776973280792e-49,8796459430.05142
" HG1 THR    49 "," HG1 THR    51 ",-0.0474471764971555,-5.69628288801319e-50,0,3.41776973280792e-49,8796459430.05142
" H   LYS    50 "," HA  LYS    50 ",-1.37959078870922,-5.69628288801319e-50,0,3.41776973280792e-49,8796459430.05142
" H   LYS    50 "," HB1 LYS    50 ",-0.0422017190439992,-5.69628288801319e-50,0,3.41776973280792e-49,8796459430.05142
" H   LYS    50 "," HB2 LYS    50 ",-0.0934780698353472,-5.69628288801319e-50,0,3.41776973280792e-49,8796459430.05142
" H   LYS    50 "," HG1 LYS    50 ",-0.403380200422195,-5.69628288801319e-50,0,3.41776973280792e-49,8796459430.05142
" H   LYS    50 "," HG2 LYS    50 ",-0.0406081272043389,-5.69628288801319e-50,0,3.41776973280792e-49,8796459430.05142
" H   LYS    50 "," HD2 LYS    50 ",-0.0298871272397814,-5.69628288801319e-50,0,3.41776973280792e-49,8796459430.05142
" H   LYS    50 "," HE2 LYS    50 ",-0.0191709862691031,-5.69628288801319e-50,0,3.41776973280792e-49,8796459430.05142
" H   LYS    50 "," H   THR    51 ",-0.5006437011758,-5.69628288801319e-50,0,3.41776973280792e-49,8796459430.05142
" H   LYS    50 "," HB  THR    51 ",-0.0183225862163885,-5.69628288801319e-50,0,3.41776973280792e-49,8796459430.05142
" H   LYS    50 "," HG1 THR    51 ",-0.0465565228275891,-5.69628288801319e-50,0,3.41776973280792e-49,8796459430.05142
" HA  LYS    50 "," HB1 LYS    50 ",-0.802440233335334,-5.69628288801319e-50,0,3.41776973280792e-49,8796459430.05142
" HA  LYS    50 "," HB2 LYS    50 ",-0.264838033467256,-5.69628288801319e-50,0,3.41776973280792e-49,8796459430.05142
" HA  LYS    50 "," HG1 LYS    50 ",-0.701709150888288,-5.69628288801319e-50,0,3.41776973280792e-49,8796459430.05142
" HA  LYS    50 "," HG2 LYS    50 ",-0.365652012513736,-5.69628288801319e-50,0,3.41776973280792e-49,8796459430.05142
" HA  LYS    50 "," HD1 LYS    50 ",-0.0243987756297409,-5.69628288801319e-50,0,3.41776973280792e-49,8796459430.05142
" HA  LYS    50 "," HD2 LYS    50 ",-0.0293672000042159,-5.69628288801319e-50,0,3.41776973280792e-49,8796459430.05142
" HA  LYS    50 "," H   THR    51 ",-0.344216035465215,-5.69628288801319e-50,0,3.41776973280792e-49,8796459430.05142
" HA  LYS    50 "," HA  THR    51 ",-0.0249694811338204,-5.69628288801319e-50,0,3.41776973280792e-49,8796459430.05142
" HA  LYS    50 "," HG1 THR    51 ",-0.0245406323950985,-5.69628288801319e-50,0,3.41776973280792e-49,8796459430.05142
" HB1 LYS    50 "," HB2 LYS    50 ",-8.49199344328414,-5.69628288801319e-50,0,3.41776973280792e-49,8796459430.05142
" HB1 LYS    50 "," HG1 LYS    50 ",-0.353200003512454,-5.69628288801319e-50,0,3.41776973280792e-49,8796459430.05142
" HB1 LYS    50 "," HG2 LYS    50 ",-2.23508223667775,-5.69628288801319e-50,0,3.41776973280792e-49,8796459430.05142
" HB1 LYS    50 "," HD1 LYS    50 ",-0.518725640788715,-5.69628288801319e-50,0,3.41776973280792e-49,8796459430.05142
" HB1 LYS    50 "," HD2 LYS    50 ",-0.180588889995032,-5.69628288801319e-50,0,3.41776973280792e-49,8796459430.05142
" HB1 LYS    50 "," HE2 LYS    50 ",-0.0205292690977877,-5.69628288801319e-50,0,3.41776973280792e-49,8796459430.05142
" HB1 LYS    50 "," H   THR    51 ",-0.0244494059611347,-5.69628288801319e-50,0,3.41776973280792e-49,8796459430.05142
" HB1 LYS    50 "," HA  THR    51 ",-0.0168742337045935,-5.69628288801319e-50,0,3.41776973280792e-49,8796459430.05142
" HB1 LYS    50 "," HG1 THR    51 ",-0.0151624234079443,-5.69628288801319e-50,0,3.41776973280792e-49,8796459430.05142
" HB2 LYS    50 "," HG1 LYS    50 ",-0.396226738122388,-5.69628288801319e-50,0,3.41776973280792e-49,8796459430.05142
" HB2 LYS    50 "," HG2 LYS    50 ",-0.323623639860538,-5.69628288801319e-50,0,3.41776973280792e-49,8796459430.05142
" HB2 LYS    50 "," HD1 LYS    50 ",-0.550606991201117,-5.69628288801319e-50,0,3.41776973280792e-49,8796459430.05142
" HB2 LYS    50 "," HD2 LYS    50 ",-1.54459202033015,-5.69628288801319e-50,0,3.41776973280792e-49,8796459430.05142
" HB2 LYS    50 "," HE1 LYS    50 ",-0.0256118076352355,-5.69628288801319e-50,0,3.41776973280792e-49,8796459430.05142
" HB2 LYS    50 "," HE2 LYS    50 ",-0.0335087072516289,-5.69628288801319e-50,0,3.41776973280792e-49,8796459430.05142
" HB2 LYS    50 "," H   THR    51 ",-0.035808802909921,-5.69628288801319e-50,0,3.41776973280792e-49,8796459430.05142
" HB2 LYS    50 "," HA  THR    51 ",-0.0166538158832403,-5.69628288801319e-50,0,3.41776973280792e-49,8796459430.05142
" HB2 LYS    50 "," HG1 THR    51 ",-0.0571710351134403,-5.69628288801319e-50,0,3.41776973280792e-49,8796459430.05142
" HG1 LYS    50 "," HG2 LYS    50 ",-8.82070248180038,-5.69628288801319e-50,0,3.41776973280792e-49,8796459430.05142
" HG1 LYS    50 "," HD1 LYS    50 ",-0.332330749219432,-5.69628288801319e-50,0,3.41776973280792e-49,8796459430.05142
" HG1 LYS    50 "," HD2 LYS    50 ",-0.752408082576171,-5.69628288801319e-50,0,3.41776973280792e-49,8796459430.05142
" HG1 LYS    50 "," HE1 LYS    50 ",-0.100375707445476,-5.69628288801319e-50,0,3.41776973280792e-49,8796459430.05142
" HG1 LYS    50 "," HE2 LYS    50 ",-1.21962094477713,-5.69628288801319e-50,0,3.41776973280792e-49,8796459430.05142
" HG1 LYS    50 "," H   THR    51 ",-0.0149282517880845,-5.69628288801319e-50,0,3.41776973280792e-49,8796459430.05142
" HG2 LYS    50 "," HD1 LYS    50 ",-1.66836828702419,-5.69628288801319e-50,0,3.41776973280792e-49,8796459430.05142
" HG2 LYS    50 "," HD2 LYS    50 ",-0.315739824017026,-5.69628288801319e-50,0,3.41776973280792e-49,8796459430.05142
" HG2 LYS    50 "," HE1 LYS    50 ",-0.0744594418909672,-5.69628288801319e-50,0,3.41776973280792e-49,8796459430.05142
" HG2 LYS    50 "," HE2 LYS    50 ",-0.242277579010274,-5.69628288801319e-50,0,3.41776973280792e-49,8796459430.05142
" HD1 LYS    50 "," HD2 LYS    50 ",-7.20451940597036,-5.69628288801319e-50,0,3.41776973280792e-49,8796459430.05142
" HD1 LYS    50 "," HE1 LYS    50 ",-0.784888771553616,-5.69628288801319e-50,0,3.41776973280792e-49,8796459430.05142
" HD1 LYS    50 "," HE2 LYS    50 ",-0.273930819004692,-5.69628288801319e-50,0,3.41776973280792e-49,8796459430.05142
" HD2 LYS    50 "," HE1 LYS    50 ",-1.3265209069307,-5.69628288801319e-50,0,3.41776973280792e-49,8796459430.05142
" HD2 LYS    50 "," HE2 LYS    50 ",-0.81297664361106,-5.69628288801319e-50,0,3.41776973280792e-49,8796459430.05142
" HE1 LYS    50 "," HE2 LYS    50 ",-7.30743861259365,-5.69628288801319e-50,0,3.41776973280792e-49,8796459430.05142
" H   THR    51 "," HA  THR    51 ",-0.33595955692994,-5.69628288801319e-50,0,3.41776973280792e-49,8796459430.05142
" H   THR    51 "," HB  THR    51 ",-1.06830571774281,-5.69628288801319e-50,0,3.41776973280792e-49,8796459430.05142
" H   THR    51 "," HG1 THR    51 ",-0.712696825699535,-5.69628288801319e-50,0,3.41776973280792e-49,8796459430.05142
" H   THR    51 "," H   PHE    52 ",-0.0288541984696437,-5.69628288801319e-50,0,3.41776973280792e-49,8796459430.05142
" HA  THR    51 "," HB  THR    51 ",-0.285894637744803,-5.69628288801319e-50,0,3.41776973280792e-49,8796459430.05142
" HA  THR    51 "," HG1 THR    51 ",-0.347590340881849,-5.69628288801319e-50,0,3.41776973280792e-49,8796459430.05142
" HA  THR    51 "," H   PHE    52 ",-3.43947967900714,-5.69628288801319e-50,0,3.41776973280792e-49,8796459430.05142
" HA  THR    51 "," HA  PHE    52 ",-0.0293885270086321,-5.69628288801319e-50,0,3.41776973280792e-49,8796459430.05142
" HA  THR    51 "," HB2 PHE    52 ",-0.0225718159601352,-5.69628288801319e-50,0,3.41776973280792e-49,8796459430.05142
" HB  THR    51 "," HG1 THR    51 ",-1.37430678767289,-5.69628288801319e-50,0,3.41776973280792e-49,8796459430.05142
" HB  THR    51 "," H   PHE    52 ",-0.0512496500613658,-5.69628288801319e-50,0,3.41776973280792e-49,8796459430.05142
" HB  THR    51 "," HG1 THR    53 ",-0.0170911205096428,-5.69628288801319e-50,0,3.41776973280792e-49,8796459430.05142
" HG1 THR    51 "," H   PHE    52 ",-0.0198379806937963,-5.69628288801319e-50,0,3.41776973280792e-49,8796459430.05142
" H   PHE    52 "," HA  PHE    52 ",-0.327245698606757,-5.69628288801319e-50,0,3.41776973280792e-49,8796459430.05142
" H   PHE    52 "," HB1 PHE    52 ",-0.0849060401986819,-5.69628288801319e-50,0,3.41776973280792e-49,8796459430.05142
" H   PHE    52 "," HB2 PHE    52 ",-0.587148433543601,-5.69628288801319e-50,0,3.41776973280792e-49,8796459430.05142
" H   PHE    52 "," H   THR    53 ",-0.0259690093324287,-5.69628288801319e-50,0,3.41776973280792e-49,8796459430.05142
" HA  PHE    52 "," HB1 PHE    52 ",-1.3927579764308,-5.69628288801319e-50,0,3.41776973280792e-49,8796459430.05142
" HA  PHE    52 "," HB2 PHE    52 ",-0.303910281677136,-5.69628288801319e-50,0,3.41776973280792e-49,8796459430.05142
" HA  PHE    52 "," H   THR    53 ",-2.0153177060143,-5.69628288801319e-50,0,3.41776973280792e-49,8796459430.05142
" HA  PHE    52 "," HA  THR    53 ",-0.0278711231118213,-5.69628288801319e-50,0,3.41776973280792e-49,8796459430.05142
" HA  PHE    52 "," HB  THR    53 ",-0.0157679955690593,-5.69628288801319e-50,0,3.41776973280792e-49,8796459430.05142
" HA  PHE    52 "," HG1 THR    53 ",-0.0479920814625702,-5.69628288801319e-50,0,3.41776973280792e-49,8796459430.05142
" HB1 PHE    52 "," HB2 PHE    52 ",-8.83818363918993,-5.69628288801319e-50,0,3.41776973280792e-49,8796459430.05142
" HB1 PHE    52 "," H   THR    53 ",-0.440399059938492,-5.69628288801319e-50,0,3.41776973280792e-49,8796459430.05142
" HB1 PHE    52 "," HA  THR    53 ",-0.0370486969395954,-5.69628288801319e-50,0,3.41776973280792e-49,8796459430.05142
" HB2 PHE    52 "," H   THR    53 ",-0.0623993239171867,-5.69628288801319e-50,0,3.41776973280792e-49,8796459430.05142
" HB2 PHE    52 "," HA  THR    53 ",-0.0254141108209786,-5.69628288801319e-50,0,3.41776973280792e-49,8796459430.05142
" H   THR    53 "," HA  THR    53 ",-0.351680611440129,-5.69628288801319e-50,0,3.41776973280792e-49,8796459430.05142
" H   THR    53 "," HB  THR    53 ",-0.314150140260834,-5.69628288801319e-50,0,3.41776973280792e-49,8796459430.05142
" H   THR    53 "," HG1 THR    53 ",-0.277478107596712,-5.69628288801319e-50,0,3.41776973280792e-49,8796459430.05142
" H   THR    53 "," H   VAL    54 ",-0.0359419772369082,-5.69628288801319e-50,0,3.41776973280792e-49,8796459430.05142
" H   THR    53 "," HA  VAL    54 ",-0.0146336729464675,-5.69628288801319e-50,0,3.41776973280792e-49,8796459430.05142
" HA  THR    53 "," HB  THR    53 ",-0.268069275333101,-5.69628288801319e-50,0,3.41776973280792e-49,8796459430.05142
" HA  THR    53 "," HG1 THR    53 ",-0.339445480198432,-5.69628288801319e-50,0,3.41776973280792e-49,8796459430.05142
" HA  THR    53 "," H   VAL    54 ",-1.71800613450858,-5.69628288801319e-50,0,3.41776973280792e-49,8796459430.05142
" HA  THR    53 "," HA  VAL    54 ",-0.023027593581434,-5.69628288801319e-50,0,3.41776973280792e-49,8796459430.05142
" HA  THR    53 "," HB  VAL    54 ",-0.0190016609994623,-5.69628288801319e-50,0,3.41776973280792e-49,8796459430.05142
" HB  THR    53 "," HG1 THR    53 ",-1.28994746485908,-5.69628288801319e-50,0,3.41776973280792e-49,8796459430.05142
" HB  THR    53 "," H   VAL    54 ",-0.113249826700954,-5.69628288801319e-50,0,3.41776973280792e-49,8796459430.05142
" HB  THR    53 "," HA  VAL    54 ",-0.022795554551062,-5.69628288801319e-50,0,3.41776973280792e-49,8796459430.05142
" HB  THR    53 "," HG1 THR    55 ",-0.0450262906875108,-5.69628288801319e-50,0,3.41776973280792e-49,8796459430.05142
" HG1 THR    53 "," H   VAL    54 ",-0.0227900127119589,-5.69628288801319e-50,0,3.41776973280792e-49,8796459430.05142
" H   VAL    54 "," HA  VAL    54 ",-0.317267846322107,-5.69628288801319e-50,0,3.41776973280792e-49,8796459430.05142
" H   VAL    54 "," HB  VAL    54 ",-0.111720435407269,-5.69628288801319e-50,0,3.41776973280792e-49,8796459430.05142
" H   VAL    54 "," H   THR    55 ",-0.0311524867817807,-5.69628288801319e-50,0,3.41776973280792e-49,8796459430.05142
" H   VAL    54 "," HA  THR    55 ",-0.024988542802919,-5.69628288801319e-50,0,3.41776973280792e-49,8796459430.05142
" H   VAL    54 "," HG1 THR    55 ",-0.0578036405220972,-5.69628288801319e-50,0,3.41776973280792e-49,8796459430.05142
" HA  VAL    54 "," HB  VAL    54 ",-1.06180290312772,-5.69628288801319e-50,0,3.41776973280792e-49,8796459430.05142
" HA  VAL    54 "," H   THR    55 ",-1.64530698561985,-5.69628288801319e-50,0,3.41776973280792e-49,8796459430.05142
" HA  VAL    54 "," HA  THR    55 ",-0.0326988966526796,-5.69628288801319e-50,0,3.41776973280792e-49,8796459430.05142
" HA  VAL    54 "," HB  THR    55 ",-0.0296006936494346,-5.69628288801319e-50,0,3.41776973280792e-49,8796459430.05142
" HA  VAL    54 "," HG1 THR    55 ",-0.0954129856338916,-5.69628288801319e-50,0,3.41776973280792e-49,8796459430.05142
" HB  VAL    54 "," H   THR    55 ",-0.0486167289773626,-5.69628288801319e-50,0,3.41776973280792e-49,8796459430.05142
" H   THR    55 "," HA  THR    55 ",-0.33837977509046,-5.69628288801319e-50,0,3.41776973280792e-49,8796459430.05142
" H   THR    55 "," HB  THR    55 ",-0.452964824405542,-5.69628288801319e-50,0,3.41776973280792e-49,8796459430.05142
" H   THR    55 "," HG1 THR    55 ",-0.224302315528371,-5.69628288801319e-50,0,3.41776973280792e-49,8796459430.05142
" H   THR    55 "," H   GLU    56 ",-0.0559397755466173,-5.69628288801319e-50,0,3.41776973280792e-49,8796459430.05142
" H   THR    55 "," HA  GLU    56 ",-0.0181906157522191,-5.69628288801319e-50,0,3.41776973280792e-49,8796459430.05142
" HA  THR    55 "," HB  THR    55 ",-0.328677893971346,-5.69628288801319e-50,0,3.41776973280792e-49,8796459430.05142
" HA  THR    55 "," HG1 THR    55 ",-0.28956503952759,-5.69628288801319e-50,0,3.41776973280792e-49,8796459430.05142
" HA  THR    55 "," H   GLU    56 ",-4.41187781937752,-5.69628288801319e-50,0,3.41776973280792e-49,8796459430.05142
" HA  THR    55 "," HA  GLU    56 ",-0.0347931421616758,-5.69628288801319e-50,0,3.41776973280792e-49,8796459430.05142
" HA  THR    55 "," HB1 GLU    56 ",-0.025496095749609,-5.69628288801319e-50,0,3.41776973280792e-49,8796459430.05142
" HA  THR    55 "," HB2 GLU    56 ",-0.0446576172182698,-5.69628288801319e-50,0,3.41776973280792e-49,8796459430.05142
" HB  THR    55 "," HG1 THR    55 ",-2.18886055505904,-5.69628288801319e-50,0,3.41776973280792e-49,8796459430.05142
" HB  THR    55 "," H   GLU    56 ",-0.0372889827915812,-5.69628288801319e-50,0,3.41776973280792e-49,8796459430.05142
" HG1 THR    55 "," H   GLU    56 ",-0.0162524613701535,-5.69628288801319e-50,0,3.41776973280792e-49,8796459430.05142
" H   GLU    56 "," HA  GLU    56 ",-0.361602915311553,-5.69628288801319e-50,0,3.41776973280792e-49,8796459430.05142
" H   GLU    56 "," HB1 GLU    56 ",-0.650500289370578,-5.69628288801319e-50,0,3.41776973280792e-49,8796459430.05142
" H   GLU    56 "," HB2 GLU    56 ",-0.983987502740214,-5.69628288801319e-50,0,3.41776973280792e-49,8796459430.05142
" H   GLU    56 "," HG1 GLU    56 ",-0.0307921659041688,-5.69628288801319e-50,0,3.41776973280792e-49,8796459430.05142
" H   GLU    56 "," HG2 GLU    56 ",-0.0251237646007117,-5.69628288801319e-50,0,3.41776973280792e-49,8796459430.05142
" HA  GLU    56 "," HB1 GLU    56 ",-0.249643336932239,-5.69628288801319e-50,0,3.41776973280792e-49,8796459430.05142
" HA  GLU    56 "," HB2 GLU    56 ",-0.530661715501372,-5.69628288801319e-50,0,3.41776973280792e-49,8796459430.05142
" HA  GLU    56 "," HG1 GLU    56 ",-1.01399508325683,-5.69628288801319e-50,0,3.41776973280792e-49,8796459430.05142
" HA  GLU    56 "," HG2 GLU    56 ",-0.379866582356408,-5.69628288801319e-50,0,3.41776973280792e-49,8796459430.05142
" HB1 GLU    56 "," HB2 GLU    56 ",-10.6560249785584,-5.69628288801319e-50,0,3.41776973280792e-49,8796459430.05142
" HB1 GLU    56 "," HG1 GLU    56 ",-0.25752736602816,-5.69628288801319e-50,0,3.41776973280792e-49,8796459430.05142
" HB1 GLU    56 "," HG2 GLU    56 ",-0.727561815881086,-5.69628288801319e-50,0,3.41776973280792e-49,8796459430.05142
" HB2 GLU    56 "," HG1 GLU    56 ",-0.834754758716945,-5.69628288801319e-50,0,3.41776973280792e-49,8796459430.05142
" HB2 GLU    56 "," HG2 GLU    56 ",-0.258230841840945,-5.69628288801319e-50,0,3.41776973280792e-49,8796459430.05142
" HG1 GLU    56 "," HG2 GLU    56 ",-7.26027806835709,-5.69628288801319e-50,0,3.41776973280792e-49,8796459430.05142
