"atom1","atom2","sigma_value","sigma_0_coef","sigma_0_freq","sigma_2wH_coef","sigma_2wH_freq"
" HA  MET     1 "," H1  MET     1 ",-0.701806510098625,-5.69628288801319e-50,0,3.41776973280792e-49,8796459430.05142
" HA  MET     1 "," H2  MET     1 ",-0.216339824241391,-5.69628288801319e-50,0,3.41776973280792e-49,8796459430.05142
" HA  MET     1 "," H3  MET     1 ",-0.505109789809187,-5.69628288801319e-50,0,3.41776973280792e-49,8796459430.05142
" HB1 MET     1 "," H1  MET     1 ",-0.0268630900632672,-5.69628288801319e-50,0,3.41776973280792e-49,8796459430.05142
" HB1 MET     1 "," H2  MET     1 ",-0.0215753205937426,-5.69628288801319e-50,0,3.41776973280792e-49,8796459430.05142
" HB1 MET     1 "," H3  MET     1 ",-0.507601073552373,-5.69628288801319e-50,0,3.41776973280792e-49,8796459430.05142
" HB2 MET     1 "," H1  MET     1 ",-0.0108326042693298,-5.69628288801319e-50,0,3.41776973280792e-49,8796459430.05142
" HB2 MET     1 "," H2  MET     1 ",-0.0143250954344975,-5.69628288801319e-50,0,3.41776973280792e-49,8796459430.05142
" HB2 MET     1 "," H3  MET     1 ",-0.0326250832148709,-5.69628288801319e-50,0,3.41776973280792e-49,8796459430.05142
" HG1 MET     1 "," H1  MET     1 ",-0.00992239336713624,-5.69628288801319e-50,0,3.41776973280792e-49,8796459430.05142
" HG1 MET     1 "," H2  MET     1 ",-0.00717964017540849,-5.69628288801319e-50,0,3.41776973280792e-49,8796459430.05142
" HG1 MET     1 "," H3  MET     1 ",-0.0124857595897582,-5.69628288801319e-50,0,3.41776973280792e-49,8796459430.05142
" HG2 MET     1 "," H1  MET     1 ",-0.0102341297621983,-5.69628288801319e-50,0,3.41776973280792e-49,8796459430.05142
" HG2 MET     1 "," H2  MET     1 ",-0.0186059006947551,-5.69628288801319e-50,0,3.41776973280792e-49,8796459430.05142
" HG2 MET     1 "," H3  MET     1 ",-0.0116477299935023,-5.69628288801319e-50,0,3.41776973280792e-49,8796459430.05142
" H   GLN     2 "," H1  MET     1 ",-0.122641409786865,-5.69628288801319e-50,0,3.41776973280792e-49,8796459430.05142
" H   GLN     2 "," H2  MET     1 ",-0.347533603985676,-5.69628288801319e-50,0,3.41776973280792e-49,8796459430.05142
" H   GLN     2 "," H3  MET     1 ",-0.0108903843888785,-5.69628288801319e-50,0,3.41776973280792e-49,8796459430.05142
" HA  GLN     2 "," H1  MET     1 ",-0.0896626387805511,-5.69628288801319e-50,0,3.41776973280792e-49,8796459430.05142
" HA  GLN     2 "," H2  MET     1 ",-0.0129476873013604,-5.69628288801319e-50,0,3.41776973280792e-49,8796459430.05142
" HA  GLN     2 "," H3  MET     1 ",-0.0236227088054253,-5.69628288801319e-50,0,3.41776973280792e-49,8796459430.05142
" HB1 GLN     2 "," H1  MET     1 ",-0.129436692556179,-5.69628288801319e-50,0,3.41776973280792e-49,8796459430.05142
" HB1 GLN     2 "," H2  MET     1 ",-0.0193240598441057,-5.69628288801319e-50,0,3.41776973280792e-49,8796459430.05142
" HB1 GLN     2 "," H3  MET     1 ",-0.00898639326816883,-5.69628288801319e-50,0,3.41776973280792e-49,8796459430.05142
" HG2 GLN     2 "," H1  MET     1 ",-0.00706664192546594,-5.69628288801319e-50,0,3.41776973280792e-49,8796459430.05142
" HG2 GLN     2 "," H2  MET     1 ",-0.0657747550623617,-5.69628288801319e-50,0,3.41776973280792e-49,8796459430.05142
" HG2 GLN     2 "," H3  MET     1 ",-0.0111343873030578,-5.69628288801319e-50,0,3.41776973280792e-49,8796459430.05142
" HD1 LYS    50 "," H1  MET     1 ",-0.0272069859392149,-5.69628288801319e-50,0,3.41776973280792e-49,8796459430.05142
" HD1 LYS    50 "," H2  MET     1 ",-0.079772376011535,-5.69628288801319e-50,0,3.41776973280792e-49,8796459430.05142
" HD1 LYS    50 "," H3  MET     1 ",-0.00682748865789342,-5.69628288801319e-50,0,3.41776973280792e-49,8796459430.05142
" HD2 LYS    50 "," H1  MET     1 ",-0.0118801442382237,-5.69628288801319e-50,0,3.41776973280792e-49,8796459430.05142
" HD2 LYS    50 "," H2  MET     1 ",-0.00774160546816207,-5.69628288801319e-50,0,3.41776973280792e-49,8796459430.05142
" HD2 LYS    50 "," H3  MET     1 ",-0.0516013487238591,-5.69628288801319e-50,0,3.41776973280792e-49,8796459430.05142
" HE1 LYS    50 "," H1  MET     1 ",-0.057050942982201,-5.69628288801319e-50,0,3.41776973280792e-49,8796459430.05142
" HE1 LYS    50 "," H2  MET     1 ",-0.0240239924190399,-5.69628288801319e-50,0,3.41776973280792e-49,8796459430.05142
" HE1 LYS    50 "," H3  MET     1 ",-0.0164916265316788,-5.69628288801319e-50,0,3.41776973280792e-49,8796459430.05142
" HA  MET     1 "," HZ1 LYS    50 ",-0.0166466060267665,-5.69628288801319e-50,0,3.41776973280792e-49,8796459430.05142
" HA  MET     1 "," HZ2 LYS    50 ",-0.0414152897842703,-5.69628288801319e-50,0,3.41776973280792e-49,8796459430.05142
" HA  MET     1 "," HZ3 LYS    50 ",-0.153343484389685,-5.69628288801319e-50,0,3.41776973280792e-49,8796459430.05142
" HB1 MET     1 "," HE1 MET     1 ",-0.0906267877087907,-5.69628288801319e-50,0,3.41776973280792e-49,8796459430.05142
" HB1 MET     1 "," HE2 MET     1 ",-0.0225745096247205,-5.69628288801319e-50,0,3.41776973280792e-49,8796459430.05142
" HB1 MET     1 "," HE3 MET     1 ",-0.0239456282182254,-5.69628288801319e-50,0,3.41776973280792e-49,8796459430.05142
" HB2 MET     1 "," HE1 MET     1 ",-0.00673603526458905,-5.69628288801319e-50,0,3.41776973280792e-49,8796459430.05142
" HB2 MET     1 "," HE2 MET     1 ",-0.0604590563149627,-5.69628288801319e-50,0,3.41776973280792e-49,8796459430.05142
" HB2 MET     1 "," HE3 MET     1 ",-0.0103489664280158,-5.69628288801319e-50,0,3.41776973280792e-49,8796459430.05142
" HG1 MET     1 "," HE1 MET     1 ",-0.0126294917599246,-5.69628288801319e-50,0,3.41776973280792e-49,8796459430.05142
" HG1 MET     1 "," HE2 MET     1 ",-0.007242272744141,-5.69628288801319e-50,0,3.41776973280792e-49,8796459430.05142
" HG1 MET     1 "," HE3 MET     1 ",-0.344199250758398,-5.69628288801319e-50,0,3.41776973280792e-49,8796459430.05142
" HG2 MET     1 "," HE1 MET     1 ",-0.00981826006726083,-5.69628288801319e-50,0,3.41776973280792e-49,8796459430.05142
" HG2 MET     1 "," HE2 MET     1 ",-0.0658622276539946,-5.69628288801319e-50,0,3.41776973280792e-49,8796459430.05142
" HG2 MET     1 "," HE3 MET     1 ",-0.0189841033426434,-5.69628288801319e-50,0,3.41776973280792e-49,8796459430.05142
" HA  LYS    19 "," HE1 MET     1 ",-0.0229353162424186,-5.69628288801319e-50,0,3.41776973280792e-49,8796459430.05142
" HA  LYS    19 "," HE2 MET     1 ",-0.0171833007423056,-5.69628288801319e-50,0,3.41776973280792e-49,8796459430.05142
" HA  LYS    19 "," HE3 MET     1 ",-0.0621216306812534,-5.69628288801319e-50,0,3.41776973280792e-49,8796459430.05142
" HB1 LYS    19 "," HE1 MET     1 ",-0.0178903721587165,-5.69628288801319e-50,0,3.41776973280792e-49,8796459430.05142
" HB1 LYS    19 "," HE2 MET     1 ",-0.0269736143683762,-5.69628288801319e-50,0,3.41776973280792e-49,8796459430.05142
" HB1 LYS    19 "," HE3 MET     1 ",-0.122955225220248,-5.69628288801319e-50,0,3.41776973280792e-49,8796459430.05142
" HB2 LYS    19 "," HE1 MET     1 ",-0.00826450483829711,-5.69628288801319e-50,0,3.41776973280792e-49,8796459430.05142
" HB2 LYS    19 "," HE2 MET     1 ",-0.21932986326204,-5.69628288801319e-50,0,3.41776973280792e-49,8796459430.05142
" HB2 LYS    19 "," HE3 MET     1 ",-0.271246660876942,-5.69628288801319e-50,0,3.41776973280792e-49,8796459430.05142
" HG2 LYS    19 "," HE1 MET     1 ",-0.0175344738881885,-5.69628288801319e-50,0,3.41776973280792e-49,8796459430.05142
" HG2 LYS    19 "," HE2 MET     1 ",-0.00707062137920875,-5.69628288801319e-50,0,3.41776973280792e-49,8796459430.05142
" HG2 LYS    19 "," HE3 MET     1 ",-0.0498022973891586,-5.69628288801319e-50,0,3.41776973280792e-49,8796459430.05142
" HD1 LYS    19 "," HE1 MET     1 ",-0.25392366643866,-5.69628288801319e-50,0,3.41776973280792e-49,8796459430.05142
" HD1 LYS    19 "," HE2 MET     1 ",-0.0499156647564276,-5.69628288801319e-50,0,3.41776973280792e-49,8796459430.05142
" HD1 LYS    19 "," HE3 MET     1 ",-0.00847210730124136,-5.69628288801319e-50,0,3.41776973280792e-49,8796459430.05142
" HD2 LYS    19 "," HE1 MET     1 ",-0.56497761773989,-5.69628288801319e-50,0,3.41776973280792e-49,8796459430.05142
" HD2 LYS    19 "," HE2 MET     1 ",-0.0179402845234513,-5.69628288801319e-50,0,3.41776973280792e-49,8796459430.05142
" HD2 LYS    19 "," HE3 MET     1 ",-0.0201835262039007,-5.69628288801319e-50,0,3.41776973280792e-49,8796459430.05142
" HE2 LYS    19 "," HE1 MET     1 ",-0.602668723953341,-5.69628288801319e-50,0,3.41776973280792e-49,8796459430.05142
" HE2 LYS    19 "," HE2 MET     1 ",-0.00871543278807854,-5.69628288801319e-50,0,3.41776973280792e-49,8796459430.05142
" HE2 LYS    19 "," HE3 MET     1 ",-0.157730343957693,-5.69628288801319e-50,0,3.41776973280792e-49,8796459430.05142
" H   ALA    20 "," HE1 MET     1 ",-0.0218447572516691,-5.69628288801319e-50,0,3.41776973280792e-49,8796459430.05142
" H   ALA    20 "," HE2 MET     1 ",-0.02958266035074,-5.69628288801319e-50,0,3.41776973280792e-49,8796459430.05142
" H   ALA    20 "," HE3 MET     1 ",-0.0119876440598757,-5.69628288801319e-50,0,3.41776973280792e-49,8796459430.05142
" HB1 GLN     2 "," HZ1 LYS    19 ",-0.00805694732553882,-5.69628288801319e-50,0,3.41776973280792e-49,8796459430.05142
" HB1 GLN     2 "," HZ2 LYS    19 ",-0.0142737219727651,-5.69628288801319e-50,0,3.41776973280792e-49,8796459430.05142
" HB1 GLN     2 "," HZ3 LYS    19 ",-0.00962392950192201,-5.69628288801319e-50,0,3.41776973280792e-49,8796459430.05142
" HB2 GLN     2 ","HG21 THR    17 ",-0.0373715975833799,-5.69628288801319e-50,0,3.41776973280792e-49,8796459430.05142
" HB2 GLN     2 ","HG22 THR    17 ",-0.0142296024711077,-5.69628288801319e-50,0,3.41776973280792e-49,8796459430.05142
" HB2 GLN     2 ","HG23 THR    17 ",-0.0138077585012034,-5.69628288801319e-50,0,3.41776973280792e-49,8796459430.05142
" HB2 GLN     2 "," HZ1 LYS    19 ",-0.272088288213595,-5.69628288801319e-50,0,3.41776973280792e-49,8796459430.05142
" HB2 GLN     2 "," HZ2 LYS    19 ",-0.0191696282345004,-5.69628288801319e-50,0,3.41776973280792e-49,8796459430.05142
" HB2 GLN     2 "," HZ3 LYS    19 ",-0.0300834555199207,-5.69628288801319e-50,0,3.41776973280792e-49,8796459430.05142
" HG1 GLN     2 ","HG21 THR    17 ",-0.0509974631449471,-5.69628288801319e-50,0,3.41776973280792e-49,8796459430.05142
" HG1 GLN     2 ","HG22 THR    17 ",-0.0543233888254113,-5.69628288801319e-50,0,3.41776973280792e-49,8796459430.05142
" HG1 GLN     2 ","HG23 THR    17 ",-0.310818100583811,-5.69628288801319e-50,0,3.41776973280792e-49,8796459430.05142
" HG1 GLN     2 "," HZ1 LYS    19 ",-0.479464029772198,-5.69628288801319e-50,0,3.41776973280792e-49,8796459430.05142
" HG1 GLN     2 "," HZ2 LYS    19 ",-0.169796584177222,-5.69628288801319e-50,0,3.41776973280792e-49,8796459430.05142
" HG1 GLN     2 "," HZ3 LYS    19 ",-0.355615359816091,-5.69628288801319e-50,0,3.41776973280792e-49,8796459430.05142
" HG2 GLN     2 ","HG21 THR    17 ",-0.0604145262688387,-5.69628288801319e-50,0,3.41776973280792e-49,8796459430.05142
" HG2 GLN     2 ","HG22 THR    17 ",-0.484156982382911,-5.69628288801319e-50,0,3.41776973280792e-49,8796459430.05142
" HG2 GLN     2 ","HG23 THR    17 ",-0.355002413700423,-5.69628288801319e-50,0,3.41776973280792e-49,8796459430.05142
" HG2 GLN     2 "," HZ1 LYS    19 ",-0.0676347487757836,-5.69628288801319e-50,0,3.41776973280792e-49,8796459430.05142
" HG2 GLN     2 "," HZ2 LYS    19 ",-0.0303858960083738,-5.69628288801319e-50,0,3.41776973280792e-49,8796459430.05142
" HG2 GLN     2 "," HZ3 LYS    19 ",-0.0105277041701665,-5.69628288801319e-50,0,3.41776973280792e-49,8796459430.05142
"HE21 GLN     2 ","HG21 THR    17 ",-0.736844818318744,-5.69628288801319e-50,0,3.41776973280792e-49,8796459430.05142
"HE21 GLN     2 ","HG22 THR    17 ",-0.0108171479378474,-5.69628288801319e-50,0,3.41776973280792e-49,8796459430.05142
"HE21 GLN     2 ","HG23 THR    17 ",-0.0118485398053963,-5.69628288801319e-50,0,3.41776973280792e-49,8796459430.05142
"HE22 GLN     2 ","HG21 THR    17 ",-0.00758070377934359,-5.69628288801319e-50,0,3.41776973280792e-49,8796459430.05142
"HE22 GLN     2 ","HG22 THR    17 ",-0.0656287416349693,-5.69628288801319e-50,0,3.41776973280792e-49,8796459430.05142
"HE22 GLN     2 ","HG23 THR    17 ",-0.0402124353945703,-5.69628288801319e-50,0,3.41776973280792e-49,8796459430.05142
"HE22 GLN     2 "," HZ1 LYS    19 ",-0.0112751385350841,-5.69628288801319e-50,0,3.41776973280792e-49,8796459430.05142
"HE22 GLN     2 "," HZ2 LYS    19 ",-0.168889564760574,-5.69628288801319e-50,0,3.41776973280792e-49,8796459430.05142
"HE22 GLN     2 "," HZ3 LYS    19 ",-0.0122625892616615,-5.69628288801319e-50,0,3.41776973280792e-49,8796459430.05142
" H   TYR     3 ","HG21 THR    18 ",-0.0120592403007783,-5.69628288801319e-50,0,3.41776973280792e-49,8796459430.05142
" H   TYR     3 ","HG22 THR    18 ",-0.160605042972457,-5.69628288801319e-50,0,3.41776973280792e-49,8796459430.05142
" H   TYR     3 ","HG23 THR    18 ",-0.134967018727894,-5.69628288801319e-50,0,3.41776973280792e-49,8796459430.05142
" HB1 TYR     3 ","HG21 THR    18 ",-0.0107888441421085,-5.69628288801319e-50,0,3.41776973280792e-49,8796459430.05142
" HB1 TYR     3 ","HG22 THR    18 ",-0.0122522073482577,-5.69628288801319e-50,0,3.41776973280792e-49,8796459430.05142
" HB1 TYR     3 ","HG23 THR    18 ",-0.00886344922475788,-5.69628288801319e-50,0,3.41776973280792e-49,8796459430.05142
" HB1 TYR     3 "," HB1 ALA    26 ",-0.0736347823866942,-5.69628288801319e-50,0,3.41776973280792e-49,8796459430.05142
" HB1 TYR     3 "," HB2 ALA    26 ",-0.218410518222701,-5.69628288801319e-50,0,3.41776973280792e-49,8796459430.05142
" HB1 TYR     3 "," HB3 ALA    26 ",-0.0134718679002881,-5.69628288801319e-50,0,3.41776973280792e-49,8796459430.05142
" HB2 TYR     3 ","HG21 THR    18 ",-0.0843089917683685,-5.69628288801319e-50,0,3.41776973280792e-49,8796459430.05142
" HB2 TYR     3 ","HG22 THR    18 ",-0.0214749602206421,-5.69628288801319e-50,0,3.41776973280792e-49,8796459430.05142
" HB2 TYR     3 ","HG23 THR    18 ",-0.0225026351055024,-5.69628288801319e-50,0,3.41776973280792e-49,8796459430.05142
" HB2 TYR     3 "," HB1 ALA    26 ",-0.0136499393649394,-5.69628288801319e-50,0,3.41776973280792e-49,8796459430.05142
" HB2 TYR     3 "," HB2 ALA    26 ",-0.0449247401375339,-5.69628288801319e-50,0,3.41776973280792e-49,8796459430.05142
" HB2 TYR     3 "," HB3 ALA    26 ",-0.0206749220367856,-5.69628288801319e-50,0,3.41776973280792e-49,8796459430.05142
" HH  TYR     3 "," HB1 ALA    20 ",-0.00606624231555722,-5.69628288801319e-50,0,3.41776973280792e-49,8796459430.05142
" HH  TYR     3 "," HB2 ALA    20 ",-0.168529900244957,-5.69628288801319e-50,0,3.41776973280792e-49,8796459430.05142
" HH  TYR     3 "," HB3 ALA    20 ",-0.249483306705903,-5.69628288801319e-50,0,3.41776973280792e-49,8796459430.05142
" H   LYS     4 ","HG21 THR    51 ",-0.0172986962195774,-5.69628288801319e-50,0,3.41776973280792e-49,8796459430.05142
" H   LYS     4 ","HG22 THR    51 ",-0.00943368851209793,-5.69628288801319e-50,0,3.41776973280792e-49,8796459430.05142
" H   LYS     4 ","HG23 THR    51 ",-0.0762471630650524,-5.69628288801319e-50,0,3.41776973280792e-49,8796459430.05142
" HA  LYS     4 ","HG21 THR    16 ",-0.0110054236768445,-5.69628288801319e-50,0,3.41776973280792e-49,8796459430.05142
" HA  LYS     4 ","HG22 THR    16 ",-0.0315742865729492,-5.69628288801319e-50,0,3.41776973280792e-49,8796459430.05142
" HA  LYS     4 ","HG23 THR    16 ",-0.019601814912923,-5.69628288801319e-50,0,3.41776973280792e-49,8796459430.05142
" HA  LYS     4 ","HG21 THR    17 ",-0.00898698179094961,-5.69628288801319e-50,0,3.41776973280792e-49,8796459430.05142
" HA  LYS     4 ","HG22 THR    17 ",-0.0996659894089807,-5.69628288801319e-50,0,3.41776973280792e-49,8796459430.05142
" HA  LYS     4 ","HG23 THR    17 ",-0.0153809006184757,-5.69628288801319e-50,0,3.41776973280792e-49,8796459430.05142
" HA  LYS     4 ","HG21 THR    51 ",-0.0121551210952494,-5.69628288801319e-50,0,3.41776973280792e-49,8796459430.05142
" HA  LYS     4 ","HG22 THR    51 ",-0.0172202558739135,-5.69628288801319e-50,0,3.41776973280792e-49,8796459430.05142
" HA  LYS     4 ","HG23 THR    51 ",-0.0919203079907369,-5.69628288801319e-50,0,3.41776973280792e-49,8796459430.05142
" HB1 LYS     4 ","HG21 VAL     6 ",-0.0261078571394098,-5.69628288801319e-50,0,3.41776973280792e-49,8796459430.05142
" HB1 LYS     4 ","HG22 VAL     6 ",-0.010913168626951,-5.69628288801319e-50,0,3.41776973280792e-49,8796459430.05142
" HB1 LYS     4 ","HG23 VAL     6 ",-0.00574131431203006,-5.69628288801319e-50,0,3.41776973280792e-49,8796459430.05142
" HB1 LYS     4 ","HG21 THR    17 ",-0.216034259479843,-5.69628288801319e-50,0,3.41776973280792e-49,8796459430.05142
" HB1 LYS     4 ","HG22 THR    17 ",-0.203619667648445,-5.69628288801319e-50,0,3.41776973280792e-49,8796459430.05142
" HB1 LYS     4 ","HG23 THR    17 ",-0.429736413382992,-5.69628288801319e-50,0,3.41776973280792e-49,8796459430.05142
" HB1 LYS     4 ","HG21 THR    51 ",-0.490157962485761,-5.69628288801319e-50,0,3.41776973280792e-49,8796459430.05142
" HB1 LYS     4 ","HG22 THR    51 ",-0.0285003276873775,-5.69628288801319e-50,0,3.41776973280792e-49,8796459430.05142
" HB1 LYS     4 ","HG23 THR    51 ",-0.1184459277668,-5.69628288801319e-50,0,3.41776973280792e-49,8796459430.05142
" HB2 LYS     4 "," HZ1 LYS     4 ",-0.170908556557541,-5.69628288801319e-50,0,3.41776973280792e-49,8796459430.05142
" HB2 LYS     4 "," HZ2 LYS     4 ",-0.0222498990530378,-5.69628288801319e-50,0,3.41776973280792e-49,8796459430.05142
" HB2 LYS     4 "," HZ3 LYS     4 ",-0.012483239136396,-5.69628288801319e-50,0,3.41776973280792e-49,8796459430.05142
" HB2 LYS     4 ","HG21 THR    17 ",-0.00767089387043216,-5.69628288801319e-50,0,3.41776973280792e-49,8796459430.05142
" HB2 LYS     4 ","HG22 THR    17 ",-0.0104829180158526,-5.69628288801319e-50,0,3.41776973280792e-49,8796459430.05142
" HB2 LYS     4 ","HG23 THR    17 ",-0.00854132743739048,-5.69628288801319e-50,0,3.41776973280792e-49,8796459430.05142
" HB2 LYS     4 ","HG21 THR    51 ",-0.0384828500821017,-5.69628288801319e-50,0,3.41776973280792e-49,8796459430.05142
" HB2 LYS     4 ","HG22 THR    51 ",-0.0084375825684954,-5.69628288801319e-50,0,3.41776973280792e-49,8796459430.05142
" HB2 LYS     4 ","HG23 THR    51 ",-0.0253025158553514,-5.69628288801319e-50,0,3.41776973280792e-49,8796459430.05142
" HG1 LYS     4 "," HZ1 LYS     4 ",-0.0983364393739161,-5.69628288801319e-50,0,3.41776973280792e-49,8796459430.05142
" HG1 LYS     4 "," HZ2 LYS     4 ",-0.00964140858167481,-5.69628288801319e-50,0,3.41776973280792e-49,8796459430.05142
" HG1 LYS     4 "," HZ3 LYS     4 ",-0.0156175566376188,-5.69628288801319e-50,0,3.41776973280792e-49,8796459430.05142
" HG1 LYS     4 ","HG21 VAL     6 ",-0.0165618624725438,-5.69628288801319e-50,0,3.41776973280792e-49,8796459430.05142
" HG1 LYS     4 ","HG22 VAL     6 ",-0.0119731381049057,-5.69628288801319e-50,0,3.41776973280792e-49,8796459430.05142
" HG1 LYS     4 ","HG23 VAL     6 ",-0.0140983051857138,-5.69628288801319e-50,0,3.41776973280792e-49,8796459430.05142
" HG1 LYS     4 ","HG21 THR    17 ",-0.187735695332579,-5.69628288801319e-50,0,3.41776973280792e-49,8796459430.05142
" HG1 LYS     4 ","HG22 THR    17 ",-0.00663144839194728,-5.69628288801319e-50,0,3.41776973280792e-49,8796459430.05142
" HG1 LYS     4 ","HG23 THR    17 ",-0.00883418043142868,-5.69628288801319e-50,0,3.41776973280792e-49,8796459430.05142
" HG1 LYS     4 ","HG21 THR    51 ",-0.00783947596246083,-5.69628288801319e-50,0,3.41776973280792e-49,8796459430.05142
" HG1 LYS     4 ","HG22 THR    51 ",-0.0122993627423513,-5.69628288801319e-50,0,3.41776973280792e-49,8796459430.05142
" HG1 LYS     4 ","HG23 THR    51 ",-0.0193420298698848,-5.69628288801319e-50,0,3.41776973280792e-49,8796459430.05142
" HG2 LYS     4 "," HZ1 LYS     4 ",-0.0180938504958872,-5.69628288801319e-50,0,3.41776973280792e-49,8796459430.05142
" HG2 LYS     4 "," HZ2 LYS     4 ",-0.0137479355377335,-5.69628288801319e-50,0,3.41776973280792e-49,8796459430.05142
" HG2 LYS     4 "," HZ3 LYS     4 ",-0.266842823064796,-5.69628288801319e-50,0,3.41776973280792e-49,8796459430.05142
" HG2 LYS     4 ","HG21 VAL     6 ",-0.0197021288623497,-5.69628288801319e-50,0,3.41776973280792e-49,8796459430.05142
" HG2 LYS     4 ","HG22 VAL     6 ",-0.0191744670363297,-5.69628288801319e-50,0,3.41776973280792e-49,8796459430.05142
" HG2 LYS     4 ","HG23 VAL     6 ",-0.0170314958662981,-5.69628288801319e-50,0,3.41776973280792e-49,8796459430.05142
" HG2 LYS     4 ","HG21 THR    17 ",-0.0513789193835727,-5.69628288801319e-50,0,3.41776973280792e-49,8796459430.05142
" HG2 LYS     4 ","HG22 THR    17 ",-0.421243792682247,-5.69628288801319e-50,0,3.41776973280792e-49,8796459430.05142
" HG2 LYS     4 ","HG23 THR    17 ",-0.198601960078912,-5.69628288801319e-50,0,3.41776973280792e-49,8796459430.05142
" HG2 LYS     4 ","HG21 THR    51 ",-0.0563798967624979,-5.69628288801319e-50,0,3.41776973280792e-49,8796459430.05142
" HG2 LYS     4 ","HG22 THR    51 ",-0.0492545994113739,-5.69628288801319e-50,0,3.41776973280792e-49,8796459430.05142
" HG2 LYS     4 ","HG23 THR    51 ",-0.256181567372379,-5.69628288801319e-50,0,3.41776973280792e-49,8796459430.05142
" HD1 LYS     4 "," HZ1 LYS     4 ",-0.108013096421262,-5.69628288801319e-50,0,3.41776973280792e-49,8796459430.05142
" HD1 LYS     4 "," HZ2 LYS     4 ",-0.0160783517275772,-5.69628288801319e-50,0,3.41776973280792e-49,8796459430.05142
" HD1 LYS     4 "," HZ3 LYS     4 ",-0.258593668458687,-5.69628288801319e-50,0,3.41776973280792e-49,8796459430.05142
" HD1 LYS     4 ","HG21 VAL     6 ",-0.0414048628993215,-5.69628288801319e-50,0,3.41776973280792e-49,8796459430.05142
" HD1 LYS     4 ","HG22 VAL     6 ",-0.0110968514711716,-5.69628288801319e-50,0,3.41776973280792e-49,8796459430.05142
" HD1 LYS     4 ","HG23 VAL     6 ",-0.00949626811006543,-5.69628288801319e-50,0,3.41776973280792e-49,8796459430.05142
" HD1 LYS     4 ","HG21 THR    17 ",-0.0432931505638939,-5.69628288801319e-50,0,3.41776973280792e-49,8796459430.05142
" HD1 LYS     4 ","HG22 THR    17 ",-0.0107356316871486,-5.69628288801319e-50,0,3.41776973280792e-49,8796459430.05142
" HD1 LYS     4 ","HG23 THR    17 ",-0.18667687033414,-5.69628288801319e-50,0,3.41776973280792e-49,8796459430.05142
" HD1 LYS     4 ","HG21 THR    51 ",-0.00670500244290305,-5.69628288801319e-50,0,3.41776973280792e-49,8796459430.05142
" HD1 LYS     4 ","HG22 THR    51 ",-0.00604566265481397,-5.69628288801319e-50,0,3.41776973280792e-49,8796459430.05142
" HD1 LYS     4 ","HG23 THR    51 ",-0.0140296819827617,-5.69628288801319e-50,0,3.41776973280792e-49,8796459430.05142
" HD2 LYS     4 "," HZ1 LYS     4 ",-0.0207885968729471,-5.69628288801319e-50,0,3.41776973280792e-49,8796459430.05142
" HD2 LYS     4 "," HZ2 LYS     4 ",-0.0105325980144945,-5.69628288801319e-50,0,3.41776973280792e-49,8796459430.05142
" HD2 LYS     4 "," HZ3 LYS     4 ",-0.0061384287498649,-5.69628288801319e-50,0,3.41776973280792e-49,8796459430.05142
" HD2 LYS     4 ","HG21 THR    17 ",-0.109408962640736,-5.69628288801319e-50,0,3.41776973280792e-49,8796459430.05142
" HD2 LYS     4 ","HG22 THR    17 ",-0.507990601578003,-5.69628288801319e-50,0,3.41776973280792e-49,8796459430.05142
" HD2 LYS     4 ","HG23 THR    17 ",-0.0364828877414608,-5.69628288801319e-50,0,3.41776973280792e-49,8796459430.05142
" HD2 LYS     4 ","HG21 THR    51 ",-0.522509968462513,-5.69628288801319e-50,0,3.41776973280792e-49,8796459430.05142
" HD2 LYS     4 ","HG22 THR    51 ",-0.0179087734579992,-5.69628288801319e-50,0,3.41776973280792e-49,8796459430.05142
" HD2 LYS     4 ","HG23 THR    51 ",-0.0400484510177106,-5.69628288801319e-50,0,3.41776973280792e-49,8796459430.05142
" HE1 LYS     4 "," HZ1 LYS     4 ",-0.279784639483074,-5.69628288801319e-50,0,3.41776973280792e-49,8796459430.05142
" HE1 LYS     4 "," HZ2 LYS     4 ",-0.00972933593205714,-5.69628288801319e-50,0,3.41776973280792e-49,8796459430.05142
" HE1 LYS     4 "," HZ3 LYS     4 ",-0.00714858216360131,-5.69628288801319e-50,0,3.41776973280792e-49,8796459430.05142
" HE1 LYS     4 ","HG21 VAL     6 ",-0.00896422048829732,-5.69628288801319e-50,0,3.41776973280792e-49,8796459430.05142
" HE1 LYS     4 ","HG22 VAL     6 ",-0.0962846564088435,-5.69628288801319e-50,0,3.41776973280792e-49,8796459430.05142
" HE1 LYS     4 ","HG23 VAL     6 ",-0.0383670428574876,-5.69628288801319e-50,0,3.41776973280792e-49,8796459430.05142
" HE1 LYS     4 ","HG21 THR    17 ",-0.0600899554781242,-5.69628288801319e-50,0,3.41776973280792e-49,8796459430.05142
" HE1 LYS     4 ","HG22 THR    17 ",-0.00788946061571688,-5.69628288801319e-50,0,3.41776973280792e-49,8796459430.05142
" HE1 LYS     4 ","HG23 THR    17 ",-0.0683564874073535,-5.69628288801319e-50,0,3.41776973280792e-49,8796459430.05142
" HE2 LYS     4 "," HZ1 LYS     4 ",-0.00562256460499408,-5.69628288801319e-50,0,3.41776973280792e-49,8796459430.05142
" HE2 LYS     4 "," HZ2 LYS     4 ",-0.0162285564456755,-5.69628288801319e-50,0,3.41776973280792e-49,8796459430.05142
" HE2 LYS     4 "," HZ3 LYS     4 ",-0.011893883288549,-5.69628288801319e-50,0,3.41776973280792e-49,8796459430.05142
" HE2 LYS     4 ","HG11 VAL     6 ",-0.0107612801250336,-5.69628288801319e-50,0,3.41776973280792e-49,8796459430.05142
" HE2 LYS     4 ","HG12 VAL     6 ",-0.00967877343327369,-5.69628288801319e-50,0,3.41776973280792e-49,8796459430.05142
" HE2 LYS     4 ","HG13 VAL     6 ",-0.0121849561043146,-5.69628288801319e-50,0,3.41776973280792e-49,8796459430.05142
" HE2 LYS     4 ","HG21 VAL     6 ",-0.0084593004759093,-5.69628288801319e-50,0,3.41776973280792e-49,8796459430.05142
" HE2 LYS     4 ","HG22 VAL     6 ",-0.00686106316711436,-5.69628288801319e-50,0,3.41776973280792e-49,8796459430.05142
" HE2 LYS     4 ","HG23 VAL     6 ",-0.00990379814209693,-5.69628288801319e-50,0,3.41776973280792e-49,8796459430.05142
" HE2 LYS     4 ","HG21 THR    51 ",-0.0173566025346307,-5.69628288801319e-50,0,3.41776973280792e-49,8796459430.05142
" HE2 LYS     4 ","HG22 THR    51 ",-0.0120130183792155,-5.69628288801319e-50,0,3.41776973280792e-49,8796459430.05142
" HE2 LYS     4 ","HG23 THR    51 ",-0.00770525276685628,-5.69628288801319e-50,0,3.41776973280792e-49,8796459430.05142
" HB1 GLU    15 "," HZ1 LYS     4 ",-0.0364051913631723,-5.69628288801319e-50,0,3.41776973280792e-49,8796459430.05142
" HB1 GLU    15 "," HZ2 LYS     4 ",-0.056744447375431,-5.69628288801319e-50,0,3.41776973280792e-49,8796459430.05142
" HB1 GLU    15 "," HZ3 LYS     4 ",-0.00675310440227624,-5.69628288801319e-50,0,3.41776973280792e-49,8796459430.05142
" HB2 GLU    15 "," HZ1 LYS     4 ",-0.0156733117976688,-5.69628288801319e-50,0,3.41776973280792e-49,8796459430.05142
" HB2 GLU    15 "," HZ2 LYS     4 ",-0.00900930609779539,-5.69628288801319e-50,0,3.41776973280792e-49,8796459430.05142
" HB2 GLU    15 "," HZ3 LYS     4 ",-0.00794609915250258,-5.69628288801319e-50,0,3.41776973280792e-49,8796459430.05142
" HG1 GLU    15 "," HZ1 LYS     4 ",-0.0750128107863657,-5.69628288801319e-50,0,3.41776973280792e-49,8796459430.05142
" HG1 GLU    15 "," HZ2 LYS     4 ",-0.0267922767422713,-5.69628288801319e-50,0,3.41776973280792e-49,8796459430.05142
" HG1 GLU    15 "," HZ3 LYS     4 ",-0.025845773322129,-5.69628288801319e-50,0,3.41776973280792e-49,8796459430.05142
" HG2 GLU    15 "," HZ1 LYS     4 ",-0.0131008737147241,-5.69628288801319e-50,0,3.41776973280792e-49,8796459430.05142
" HG2 GLU    15 "," HZ2 LYS     4 ",-0.138619607232501,-5.69628288801319e-50,0,3.41776973280792e-49,8796459430.05142
" HG2 GLU    15 "," HZ3 LYS     4 ",-0.30880361725666,-5.69628288801319e-50,0,3.41776973280792e-49,8796459430.05142
" H   LEU     5 ","HG21 VAL     6 ",-0.0265797342940989,-5.69628288801319e-50,0,3.41776973280792e-49,8796459430.05142
" H   LEU     5 ","HG22 VAL     6 ",-0.653853489910794,-5.69628288801319e-50,0,3.41776973280792e-49,8796459430.05142
" H   LEU     5 ","HG23 VAL     6 ",-0.0103434506029963,-5.69628288801319e-50,0,3.41776973280792e-49,8796459430.05142
" H   LEU     5 ","HG21 THR    16 ",-0.236284108712387,-5.69628288801319e-50,0,3.41776973280792e-49,8796459430.05142
" H   LEU     5 ","HG22 THR    16 ",-0.400507404095918,-5.69628288801319e-50,0,3.41776973280792e-49,8796459430.05142
" H   LEU     5 ","HG23 THR    16 ",-0.0158532186823263,-5.69628288801319e-50,0,3.41776973280792e-49,8796459430.05142
" H   LEU     5 ","HG21 THR    17 ",-0.0110161644775216,-5.69628288801319e-50,0,3.41776973280792e-49,8796459430.05142
" H   LEU     5 ","HG22 THR    17 ",-0.00651622518324161,-5.69628288801319e-50,0,3.41776973280792e-49,8796459430.05142
" H   LEU     5 ","HG23 THR    17 ",-0.0488540432166493,-5.69628288801319e-50,0,3.41776973280792e-49,8796459430.05142
" H   LEU     5 ","HG21 THR    51 ",-0.0329305065680597,-5.69628288801319e-50,0,3.41776973280792e-49,8796459430.05142
" H   LEU     5 ","HG22 THR    51 ",-0.0478516664347558,-5.69628288801319e-50,0,3.41776973280792e-49,8796459430.05142
" H   LEU     5 ","HG23 THR    51 ",-0.128582653828139,-5.69628288801319e-50,0,3.41776973280792e-49,8796459430.05142
" HA  LEU     5 ","HD11 LEU     5 ",-0.283756479323832,-5.69628288801319e-50,0,3.41776973280792e-49,8796459430.05142
" HA  LEU     5 ","HD12 LEU     5 ",-0.305222937081289,-5.69628288801319e-50,0,3.41776973280792e-49,8796459430.05142
" HA  LEU     5 ","HD13 LEU     5 ",-0.305405508372944,-5.69628288801319e-50,0,3.41776973280792e-49,8796459430.05142
" HA  LEU     5 ","HD21 LEU     5 ",-0.0541606609787026,-5.69628288801319e-50,0,3.41776973280792e-49,8796459430.05142
" HA  LEU     5 ","HD22 LEU     5 ",-0.0285946827887562,-5.69628288801319e-50,0,3.41776973280792e-49,8796459430.05142
" HA  LEU     5 ","HD23 LEU     5 ",-0.531131697978195,-5.69628288801319e-50,0,3.41776973280792e-49,8796459430.05142
" HA  LEU     5 ","HG21 VAL     6 ",-0.478774488653431,-5.69628288801319e-50,0,3.41776973280792e-49,8796459430.05142
" HA  LEU     5 ","HG22 VAL     6 ",-0.0138488121812729,-5.69628288801319e-50,0,3.41776973280792e-49,8796459430.05142
" HA  LEU     5 ","HG23 VAL     6 ",-0.0618464295909218,-5.69628288801319e-50,0,3.41776973280792e-49,8796459430.05142
" HA  LEU     5 ","HG21 THR    51 ",-0.227341793930473,-5.69628288801319e-50,0,3.41776973280792e-49,8796459430.05142
" HA  LEU     5 ","HG22 THR    51 ",-0.0197681739229222,-5.69628288801319e-50,0,3.41776973280792e-49,8796459430.05142
" HA  LEU     5 ","HG23 THR    51 ",-0.0058077581473296,-5.69628288801319e-50,0,3.41776973280792e-49,8796459430.05142
" HB1 LEU     5 ","HD11 LEU     5 ",-0.16043002413172,-5.69628288801319e-50,0,3.41776973280792e-49,8796459430.05142
" HB1 LEU     5 ","HD12 LEU     5 ",-0.0851426723785839,-5.69628288801319e-50,0,3.41776973280792e-49,8796459430.05142
" HB1 LEU     5 ","HD13 LEU     5 ",-0.00649308461977449,-5.69628288801319e-50,0,3.41776973280792e-49,8796459430.05142
" HB1 LEU     5 ","HD21 LEU     5 ",-0.0151302087637385,-5.69628288801319e-50,0,3.41776973280792e-49,8796459430.05142
" HB1 LEU     5 ","HD22 LEU     5 ",-0.0343154390883062,-5.69628288801319e-50,0,3.41776973280792e-49,8796459430.05142
" HB1 LEU     5 ","HD23 LEU     5 ",-0.0087119247502261,-5.69628288801319e-50,0,3.41776973280792e-49,8796459430.05142
" HB1 LEU     5 ","HG21 THR    16 ",-0.255335422942155,-5.69628288801319e-50,0,3.41776973280792e-49,8796459430.05142
" HB1 LEU     5 ","HG22 THR    16 ",-0.0321692696909476,-5.69628288801319e-50,0,3.41776973280792e-49,8796459430.05142
" HB1 LEU     5 ","HG23 THR    16 ",-0.0170595480823397,-5.69628288801319e-50,0,3.41776973280792e-49,8796459430.05142
" HB2 LEU     5 ","HD11 LEU     5 ",-0.00682684492714885,-5.69628288801319e-50,0,3.41776973280792e-49,8796459430.05142
" HB2 LEU     5 ","HD12 LEU     5 ",-0.0103813803645797,-5.69628288801319e-50,0,3.41776973280792e-49,8796459430.05142
" HB2 LEU     5 ","HD13 LEU     5 ",-0.0195619627746862,-5.69628288801319e-50,0,3.41776973280792e-49,8796459430.05142
" HB2 LEU     5 ","HD21 LEU     5 ",-0.661563937927452,-5.69628288801319e-50,0,3.41776973280792e-49,8796459430.05142
" HB2 LEU     5 ","HD22 LEU     5 ",-0.0869804993829671,-5.69628288801319e-50,0,3.41776973280792e-49,8796459430.05142
" HB2 LEU     5 ","HD23 LEU     5 ",-0.056938646707612,-5.69628288801319e-50,0,3.41776973280792e-49,8796459430.05142
" HB2 LEU     5 ","HG21 THR    16 ",-0.275162108249923,-5.69628288801319e-50,0,3.41776973280792e-49,8796459430.05142
" HB2 LEU     5 ","HG22 THR    16 ",-0.663679690245557,-5.69628288801319e-50,0,3.41776973280792e-49,8796459430.05142
" HB2 LEU     5 ","HG23 THR    16 ",-0.486389436887602,-5.69628288801319e-50,0,3.41776973280792e-49,8796459430.05142
" HG  LEU     5 ","HD11 LEU     5 ",-0.0206590693526544,-5.69628288801319e-50,0,3.41776973280792e-49,8796459430.05142
" HG  LEU     5 ","HD12 LEU     5 ",-0.0113474844393256,-5.69628288801319e-50,0,3.41776973280792e-49,8796459430.05142
" HG  LEU     5 ","HD13 LEU     5 ",-0.10537544029017,-5.69628288801319e-50,0,3.41776973280792e-49,8796459430.05142
" HG  LEU     5 ","HD21 LEU     5 ",-0.017186099823108,-5.69628288801319e-50,0,3.41776973280792e-49,8796459430.05142
" HG  LEU     5 ","HD22 LEU     5 ",-0.0532485246952138,-5.69628288801319e-50,0,3.41776973280792e-49,8796459430.05142
" HG  LEU     5 ","HD23 LEU     5 ",-0.0565684889727703,-5.69628288801319e-50,0,3.41776973280792e-49,8796459430.05142
" HG  LEU     5 "," HD1 ILE     7 ",-0.421672773721881,-5.69628288801319e-50,0,3.41776973280792e-49,8796459430.05142
" HG  LEU     5 "," HD2 ILE     7 ",-0.0746333534907477,-5.69628288801319e-50,0,3.41776973280792e-49,8796459430.05142
" HG  LEU     5 "," HD3 ILE     7 ",-0.0665287296741136,-5.69628288801319e-50,0,3.41776973280792e-49,8796459430.05142
" HG  LEU     5 ","HG21 THR    16 ",-0.0128002054530614,-5.69628288801319e-50,0,3.41776973280792e-49,8796459430.05142
" HG  LEU     5 ","HG22 THR    16 ",-0.0152837839495557,-5.69628288801319e-50,0,3.41776973280792e-49,8796459430.05142
" HG  LEU     5 ","HG23 THR    16 ",-0.0102024697918682,-5.69628288801319e-50,0,3.41776973280792e-49,8796459430.05142
" HG  LEU     5 ","HG11 VAL    54 ",-0.0240836123588874,-5.69628288801319e-50,0,3.41776973280792e-49,8796459430.05142
" HG  LEU     5 ","HG12 VAL    54 ",-0.0150820137411152,-5.69628288801319e-50,0,3.41776973280792e-49,8796459430.05142
" HG  LEU     5 ","HG13 VAL    54 ",-0.0252759069252002,-5.69628288801319e-50,0,3.41776973280792e-49,8796459430.05142
" H   VAL     6 ","HD11 LEU     5 ",-0.0102684520009201,-5.69628288801319e-50,0,3.41776973280792e-49,8796459430.05142
" H   VAL     6 ","HD12 LEU     5 ",-0.0570573951797483,-5.69628288801319e-50,0,3.41776973280792e-49,8796459430.05142
" H   VAL     6 ","HD13 LEU     5 ",-0.276806417641709,-5.69628288801319e-50,0,3.41776973280792e-49,8796459430.05142
" HA  VAL     6 ","HD11 LEU     5 ",-0.00823799597110162,-5.69628288801319e-50,0,3.41776973280792e-49,8796459430.05142
" HA  VAL     6 ","HD12 LEU     5 ",-0.526121878260529,-5.69628288801319e-50,0,3.41776973280792e-49,8796459430.05142
" HA  VAL     6 ","HD13 LEU     5 ",-0.0132518916590407,-5.69628288801319e-50,0,3.41776973280792e-49,8796459430.05142
" HB  VAL     6 ","HD11 LEU     5 ",-0.511835538198206,-5.69628288801319e-50,0,3.41776973280792e-49,8796459430.05142
" HB  VAL     6 ","HD12 LEU     5 ",-0.0151853550159465,-5.69628288801319e-50,0,3.41776973280792e-49,8796459430.05142
" HB  VAL     6 ","HD13 LEU     5 ",-0.00887201745392055,-5.69628288801319e-50,0,3.41776973280792e-49,8796459430.05142
" HA  ILE     7 ","HD11 LEU     5 ",-0.00734947027321768,-5.69628288801319e-50,0,3.41776973280792e-49,8796459430.05142
" HA  ILE     7 ","HD12 LEU     5 ",-0.0901420720638164,-5.69628288801319e-50,0,3.41776973280792e-49,8796459430.05142
" HA  ILE     7 ","HD13 LEU     5 ",-0.0484212257746358,-5.69628288801319e-50,0,3.41776973280792e-49,8796459430.05142
"HG11 ILE     7 ","HD11 LEU     5 ",-0.00957624053179629,-5.69628288801319e-50,0,3.41776973280792e-49,8796459430.05142
"HG11 ILE     7 ","HD12 LEU     5 ",-0.406160061876314,-5.69628288801319e-50,0,3.41776973280792e-49,8796459430.05142
"HG11 ILE     7 ","HD13 LEU     5 ",-0.0185741836769006,-5.69628288801319e-50,0,3.41776973280792e-49,8796459430.05142
"HG12 ILE     7 ","HD11 LEU     5 ",-0.185729327014615,-5.69628288801319e-50,0,3.41776973280792e-49,8796459430.05142
"HG12 ILE     7 ","HD12 LEU     5 ",-0.0475509791233527,-5.69628288801319e-50,0,3.41776973280792e-49,8796459430.05142
"HG12 ILE     7 ","HD13 LEU     5 ",-0.015295926524077,-5.69628288801319e-50,0,3.41776973280792e-49,8796459430.05142
" HA  PHE    30 ","HD11 LEU     5 ",-0.0126904702950709,-5.69628288801319e-50,0,3.41776973280792e-49,8796459430.05142
" HA  PHE    30 ","HD12 LEU     5 ",-0.144797975517501,-5.69628288801319e-50,0,3.41776973280792e-49,8796459430.05142
" HA  PHE    30 ","HD13 LEU     5 ",-0.00775553121167035,-5.69628288801319e-50,0,3.41776973280792e-49,8796459430.05142
" HB1 PHE    30 ","HD11 LEU     5 ",-0.0157877228974423,-5.69628288801319e-50,0,3.41776973280792e-49,8796459430.05142
" HB1 PHE    30 ","HD12 LEU     5 ",-0.0885924345544775,-5.69628288801319e-50,0,3.41776973280792e-49,8796459430.05142
" HB1 PHE    30 ","HD13 LEU     5 ",-0.00765975171919006,-5.69628288801319e-50,0,3.41776973280792e-49,8796459430.05142
" HB2 PHE    30 ","HD11 LEU     5 ",-0.0467406266043149,-5.69628288801319e-50,0,3.41776973280792e-49,8796459430.05142
" HB2 PHE    30 ","HD12 LEU     5 ",-0.0134485054200172,-5.69628288801319e-50,0,3.41776973280792e-49,8796459430.05142
" HB2 PHE    30 ","HD13 LEU     5 ",-0.0270989049910728,-5.69628288801319e-50,0,3.41776973280792e-49,8796459430.05142
" HZ2 TRP    43 ","HD11 LEU     5 ",-0.00984779361403167,-5.69628288801319e-50,0,3.41776973280792e-49,8796459430.05142
" HZ2 TRP    43 ","HD12 LEU     5 ",-0.0197925577255517,-5.69628288801319e-50,0,3.41776973280792e-49,8796459430.05142
" HZ2 TRP    43 ","HD13 LEU     5 ",-0.288193773374203,-5.69628288801319e-50,0,3.41776973280792e-49,8796459430.05142
" HH2 TRP    43 ","HD11 LEU     5 ",-0.0479651478644555,-5.69628288801319e-50,0,3.41776973280792e-49,8796459430.05142
" HH2 TRP    43 ","HD12 LEU     5 ",-0.0532102906380446,-5.69628288801319e-50,0,3.41776973280792e-49,8796459430.05142
" HH2 TRP    43 ","HD13 LEU     5 ",-0.243083583925277,-5.69628288801319e-50,0,3.41776973280792e-49,8796459430.05142
" HZ3 TRP    43 ","HD11 LEU     5 ",-0.551983869502218,-5.69628288801319e-50,0,3.41776973280792e-49,8796459430.05142
" HZ3 TRP    43 ","HD12 LEU     5 ",-0.617669271435111,-5.69628288801319e-50,0,3.41776973280792e-49,8796459430.05142
" HZ3 TRP    43 ","HD13 LEU     5 ",-0.2657911124354,-5.69628288801319e-50,0,3.41776973280792e-49,8796459430.05142
" HE3 TRP    43 ","HD11 LEU     5 ",-0.0132087585525882,-5.69628288801319e-50,0,3.41776973280792e-49,8796459430.05142
" HE3 TRP    43 ","HD12 LEU     5 ",-0.442033419817252,-5.69628288801319e-50,0,3.41776973280792e-49,8796459430.05142
" HE3 TRP    43 ","HD13 LEU     5 ",-0.0126733706700899,-5.69628288801319e-50,0,3.41776973280792e-49,8796459430.05142
" H   PHE    52 ","HD11 LEU     5 ",-0.0119307399213374,-5.69628288801319e-50,0,3.41776973280792e-49,8796459430.05142
" H   PHE    52 ","HD12 LEU     5 ",-0.0246520996228329,-5.69628288801319e-50,0,3.41776973280792e-49,8796459430.05142
" H   PHE    52 ","HD13 LEU     5 ",-0.0671074129993561,-5.69628288801319e-50,0,3.41776973280792e-49,8796459430.05142
" HA  PHE    52 ","HD11 LEU     5 ",-0.0891479172340544,-5.69628288801319e-50,0,3.41776973280792e-49,8796459430.05142
" HA  PHE    52 ","HD12 LEU     5 ",-0.00739324849300081,-5.69628288801319e-50,0,3.41776973280792e-49,8796459430.05142
" HA  PHE    52 ","HD13 LEU     5 ",-0.0117263172664855,-5.69628288801319e-50,0,3.41776973280792e-49,8796459430.05142
" HB1 PHE    52 ","HD11 LEU     5 ",-0.0124088952272798,-5.69628288801319e-50,0,3.41776973280792e-49,8796459430.05142
" HB1 PHE    52 ","HD12 LEU     5 ",-0.00706780786547447,-5.69628288801319e-50,0,3.41776973280792e-49,8796459430.05142
" HB1 PHE    52 ","HD13 LEU     5 ",-0.253599885770469,-5.69628288801319e-50,0,3.41776973280792e-49,8796459430.05142
" HB2 PHE    52 ","HD11 LEU     5 ",-0.00839659599235345,-5.69628288801319e-50,0,3.41776973280792e-49,8796459430.05142
" HB2 PHE    52 ","HD12 LEU     5 ",-0.10204826373281,-5.69628288801319e-50,0,3.41776973280792e-49,8796459430.05142
" HB2 PHE    52 ","HD13 LEU     5 ",-0.133582846162316,-5.69628288801319e-50,0,3.41776973280792e-49,8796459430.05142
" H   THR    53 ","HD11 LEU     5 ",-0.167899350354686,-5.69628288801319e-50,0,3.41776973280792e-49,8796459430.05142
" H   THR    53 ","HD12 LEU     5 ",-0.608153696868946,-5.69628288801319e-50,0,3.41776973280792e-49,8796459430.05142
" H   THR    53 ","HD13 LEU     5 ",-0.0439491456141978,-5.69628288801319e-50,0,3.41776973280792e-49,8796459430.05142
" HA  THR    53 ","HD11 LEU     5 ",-0.578092909890157,-5.69628288801319e-50,0,3.41776973280792e-49,8796459430.05142
" HA  THR    53 ","HD12 LEU     5 ",-0.0520660176117643,-5.69628288801319e-50,0,3.41776973280792e-49,8796459430.05142
" HA  THR    53 ","HD13 LEU     5 ",-0.513258330554934,-5.69628288801319e-50,0,3.41776973280792e-49,8796459430.05142
" H   VAL    54 ","HD11 LEU     5 ",-0.402293440647678,-5.69628288801319e-50,0,3.41776973280792e-49,8796459430.05142
" H   VAL    54 ","HD12 LEU     5 ",-0.0106308638893966,-5.69628288801319e-50,0,3.41776973280792e-49,8796459430.05142
" H   VAL    54 ","HD13 LEU     5 ",-0.130725245770526,-5.69628288801319e-50,0,3.41776973280792e-49,8796459430.05142
" HB  VAL    54 ","HD11 LEU     5 ",-0.00770517561532399,-5.69628288801319e-50,0,3.41776973280792e-49,8796459430.05142
" HB  VAL    54 ","HD12 LEU     5 ",-0.0201367878248421,-5.69628288801319e-50,0,3.41776973280792e-49,8796459430.05142
" HB  VAL    54 ","HD13 LEU     5 ",-0.00573064108680122,-5.69628288801319e-50,0,3.41776973280792e-49,8796459430.05142
" H   VAL     6 ","HD21 LEU     5 ",-0.0280625934974124,-5.69628288801319e-50,0,3.41776973280792e-49,8796459430.05142
" H   VAL     6 ","HD22 LEU     5 ",-0.0606552646048574,-5.69628288801319e-50,0,3.41776973280792e-49,8796459430.05142
" H   VAL     6 ","HD23 LEU     5 ",-0.0221404049719425,-5.69628288801319e-50,0,3.41776973280792e-49,8796459430.05142
"HG11 ILE     7 ","HD21 LEU     5 ",-0.0156839030350134,-5.69628288801319e-50,0,3.41776973280792e-49,8796459430.05142
"HG11 ILE     7 ","HD22 LEU     5 ",-0.0185538671674488,-5.69628288801319e-50,0,3.41776973280792e-49,8796459430.05142
"HG11 ILE     7 ","HD23 LEU     5 ",-0.489371722701658,-5.69628288801319e-50,0,3.41776973280792e-49,8796459430.05142
"HG12 ILE     7 ","HD21 LEU     5 ",-0.00671745460762992,-5.69628288801319e-50,0,3.41776973280792e-49,8796459430.05142
"HG12 ILE     7 ","HD22 LEU     5 ",-0.435194793248305,-5.69628288801319e-50,0,3.41776973280792e-49,8796459430.05142
"HG12 ILE     7 ","HD23 LEU     5 ",-0.272217080855945,-5.69628288801319e-50,0,3.41776973280792e-49,8796459430.05142
" HB  THR    16 ","HD21 LEU     5 ",-0.185502304728127,-5.69628288801319e-50,0,3.41776973280792e-49,8796459430.05142
" HB  THR    16 ","HD22 LEU     5 ",-0.0241129887389853,-5.69628288801319e-50,0,3.41776973280792e-49,8796459430.05142
" HB  THR    16 ","HD23 LEU     5 ",-0.0144110378037144,-5.69628288801319e-50,0,3.41776973280792e-49,8796459430.05142
" HA  PHE    30 ","HD21 LEU     5 ",-0.00931554584383292,-5.69628288801319e-50,0,3.41776973280792e-49,8796459430.05142
" HA  PHE    30 ","HD22 LEU     5 ",-0.00966538426955178,-5.69628288801319e-50,0,3.41776973280792e-49,8796459430.05142
" HA  PHE    30 ","HD23 LEU     5 ",-0.00939804024095795,-5.69628288801319e-50,0,3.41776973280792e-49,8796459430.05142
" HB1 PHE    30 ","HD21 LEU     5 ",-0.434775192891111,-5.69628288801319e-50,0,3.41776973280792e-49,8796459430.05142
" HB1 PHE    30 ","HD22 LEU     5 ",-0.0879430786801402,-5.69628288801319e-50,0,3.41776973280792e-49,8796459430.05142
" HB1 PHE    30 ","HD23 LEU     5 ",-0.00595984201226612,-5.69628288801319e-50,0,3.41776973280792e-49,8796459430.05142
" HB2 PHE    30 ","HD21 LEU     5 ",-0.0300684059721275,-5.69628288801319e-50,0,3.41776973280792e-49,8796459430.05142
" HB2 PHE    30 ","HD22 LEU     5 ",-0.0744079941049107,-5.69628288801319e-50,0,3.41776973280792e-49,8796459430.05142
" HB2 PHE    30 ","HD23 LEU     5 ",-0.00964458250773012,-5.69628288801319e-50,0,3.41776973280792e-49,8796459430.05142
" HA  LYS    31 ","HD21 LEU     5 ",-0.0218738889715547,-5.69628288801319e-50,0,3.41776973280792e-49,8796459430.05142
" HA  LYS    31 ","HD22 LEU     5 ",-0.0132343571801102,-5.69628288801319e-50,0,3.41776973280792e-49,8796459430.05142
" HA  LYS    31 ","HD23 LEU     5 ",-0.259550235996846,-5.69628288801319e-50,0,3.41776973280792e-49,8796459430.05142
" HB1 TYR    33 ","HD21 LEU     5 ",-0.0178250433746469,-5.69628288801319e-50,0,3.41776973280792e-49,8796459430.05142
" HB1 TYR    33 ","HD22 LEU     5 ",-0.493067589772093,-5.69628288801319e-50,0,3.41776973280792e-49,8796459430.05142
" HB1 TYR    33 ","HD23 LEU     5 ",-0.0150020280546533,-5.69628288801319e-50,0,3.41776973280792e-49,8796459430.05142
" HB2 TYR    33 ","HD21 LEU     5 ",-0.0876500488255652,-5.69628288801319e-50,0,3.41776973280792e-49,8796459430.05142
" HB2 TYR    33 ","HD22 LEU     5 ",-0.0309206065364916,-5.69628288801319e-50,0,3.41776973280792e-49,8796459430.05142
" HB2 TYR    33 ","HD23 LEU     5 ",-0.0248185557777992,-5.69628288801319e-50,0,3.41776973280792e-49,8796459430.05142
" H   ALA    34 ","HD21 LEU     5 ",-0.47301120708314,-5.69628288801319e-50,0,3.41776973280792e-49,8796459430.05142
" H   ALA    34 ","HD22 LEU     5 ",-0.492245068017491,-5.69628288801319e-50,0,3.41776973280792e-49,8796459430.05142
" H   ALA    34 ","HD23 LEU     5 ",-0.0680303161772629,-5.69628288801319e-50,0,3.41776973280792e-49,8796459430.05142
" HA  ALA    34 ","HD21 LEU     5 ",-0.137565953654069,-5.69628288801319e-50,0,3.41776973280792e-49,8796459430.05142
" HA  ALA    34 ","HD22 LEU     5 ",-0.0206132676118882,-5.69628288801319e-50,0,3.41776973280792e-49,8796459430.05142
" HA  ALA    34 ","HD23 LEU     5 ",-0.0139594755761826,-5.69628288801319e-50,0,3.41776973280792e-49,8796459430.05142
" HZ2 TRP    43 ","HD21 LEU     5 ",-0.00761108698330316,-5.69628288801319e-50,0,3.41776973280792e-49,8796459430.05142
" HZ2 TRP    43 ","HD22 LEU     5 ",-0.00816269834015997,-5.69628288801319e-50,0,3.41776973280792e-49,8796459430.05142
" HZ2 TRP    43 ","HD23 LEU     5 ",-0.00695616009525592,-5.69628288801319e-50,0,3.41776973280792e-49,8796459430.05142
" HH2 TRP    43 ","HD21 LEU     5 ",-0.0353479555260022,-5.69628288801319e-50,0,3.41776973280792e-49,8796459430.05142
" HH2 TRP    43 ","HD22 LEU     5 ",-0.00901812911141323,-5.69628288801319e-50,0,3.41776973280792e-49,8796459430.05142
" HH2 TRP    43 ","HD23 LEU     5 ",-0.158598671799314,-5.69628288801319e-50,0,3.41776973280792e-49,8796459430.05142
" HZ3 TRP    43 ","HD21 LEU     5 ",-0.0155093059475225,-5.69628288801319e-50,0,3.41776973280792e-49,8796459430.05142
" HZ3 TRP    43 ","HD22 LEU     5 ",-0.00845592326140024,-5.69628288801319e-50,0,3.41776973280792e-49,8796459430.05142
" HZ3 TRP    43 ","HD23 LEU     5 ",-0.0106195584812073,-5.69628288801319e-50,0,3.41776973280792e-49,8796459430.05142
" HB2 PHE    52 ","HD21 LEU     5 ",-0.0213682556244802,-5.69628288801319e-50,0,3.41776973280792e-49,8796459430.05142
" HB2 PHE    52 ","HD22 LEU     5 ",-0.019807004101573,-5.69628288801319e-50,0,3.41776973280792e-49,8796459430.05142
" HB2 PHE    52 ","HD23 LEU     5 ",-0.029004973691204,-5.69628288801319e-50,0,3.41776973280792e-49,8796459430.05142
" H   VAL     6 ","HG11 VAL     6 ",-0.0123050758547016,-5.69628288801319e-50,0,3.41776973280792e-49,8796459430.05142
" H   VAL     6 ","HG12 VAL     6 ",-0.00877518760145587,-5.69628288801319e-50,0,3.41776973280792e-49,8796459430.05142
" H   VAL     6 ","HG13 VAL     6 ",-0.0124191222684447,-5.69628288801319e-50,0,3.41776973280792e-49,8796459430.05142
" H   VAL     6 ","HG21 VAL     6 ",-0.0178529255929834,-5.69628288801319e-50,0,3.41776973280792e-49,8796459430.05142
" H   VAL     6 ","HG22 VAL     6 ",-0.0808317070929513,-5.69628288801319e-50,0,3.41776973280792e-49,8796459430.05142
" H   VAL     6 ","HG23 VAL     6 ",-0.291674520727358,-5.69628288801319e-50,0,3.41776973280792e-49,8796459430.05142
" H   VAL     6 ","HG21 THR    51 ",-0.282562681334094,-5.69628288801319e-50,0,3.41776973280792e-49,8796459430.05142
" H   VAL     6 ","HG22 THR    51 ",-0.0563826667959013,-5.69628288801319e-50,0,3.41776973280792e-49,8796459430.05142
" H   VAL     6 ","HG23 THR    51 ",-0.55141808938959,-5.69628288801319e-50,0,3.41776973280792e-49,8796459430.05142
" H   VAL     6 ","HG21 THR    53 ",-0.577613871592816,-5.69628288801319e-50,0,3.41776973280792e-49,8796459430.05142
" H   VAL     6 ","HG22 THR    53 ",-0.384815270914239,-5.69628288801319e-50,0,3.41776973280792e-49,8796459430.05142
" H   VAL     6 ","HG23 THR    53 ",-0.451920747655204,-5.69628288801319e-50,0,3.41776973280792e-49,8796459430.05142
" H   VAL     6 ","HG11 VAL    54 ",-0.142581532665781,-5.69628288801319e-50,0,3.41776973280792e-49,8796459430.05142
" H   VAL     6 ","HG12 VAL    54 ",-0.0112797287323956,-5.69628288801319e-50,0,3.41776973280792e-49,8796459430.05142
" H   VAL     6 ","HG13 VAL    54 ",-0.0102117968471515,-5.69628288801319e-50,0,3.41776973280792e-49,8796459430.05142
" HA  VAL     6 ","HG11 VAL     6 ",-0.0136270659192545,-5.69628288801319e-50,0,3.41776973280792e-49,8796459430.05142
" HA  VAL     6 ","HG12 VAL     6 ",-0.242367640110942,-5.69628288801319e-50,0,3.41776973280792e-49,8796459430.05142
" HA  VAL     6 ","HG13 VAL     6 ",-0.0105136364761335,-5.69628288801319e-50,0,3.41776973280792e-49,8796459430.05142
" HA  VAL     6 ","HG21 VAL     6 ",-0.0305395575991311,-5.69628288801319e-50,0,3.41776973280792e-49,8796459430.05142
" HA  VAL     6 ","HG22 VAL     6 ",-0.00940140505737561,-5.69628288801319e-50,0,3.41776973280792e-49,8796459430.05142
" HA  VAL     6 ","HG23 VAL     6 ",-0.0222248234749601,-5.69628288801319e-50,0,3.41776973280792e-49,8796459430.05142
" HB  VAL     6 ","HG11 VAL     6 ",-0.044881176224297,-5.69628288801319e-50,0,3.41776973280792e-49,8796459430.05142
" HB  VAL     6 ","HG12 VAL     6 ",-0.0150358749845057,-5.69628288801319e-50,0,3.41776973280792e-49,8796459430.05142
" HB  VAL     6 ","HG13 VAL     6 ",-0.00767381943518267,-5.69628288801319e-50,0,3.41776973280792e-49,8796459430.05142
" HB  VAL     6 ","HG21 VAL     6 ",-0.237050771628608,-5.69628288801319e-50,0,3.41776973280792e-49,8796459430.05142
" HB  VAL     6 ","HG22 VAL     6 ",-0.272242461290423,-5.69628288801319e-50,0,3.41776973280792e-49,8796459430.05142
" HB  VAL     6 ","HG23 VAL     6 ",-0.480290685040244,-5.69628288801319e-50,0,3.41776973280792e-49,8796459430.05142
" HB  VAL     6 ","HG21 THR    51 ",-0.510836079807996,-5.69628288801319e-50,0,3.41776973280792e-49,8796459430.05142
" HB  VAL     6 ","HG22 THR    51 ",-0.0557992456753857,-5.69628288801319e-50,0,3.41776973280792e-49,8796459430.05142
" HB  VAL     6 ","HG23 THR    51 ",-0.0746225002715091,-5.69628288801319e-50,0,3.41776973280792e-49,8796459430.05142
" HB  VAL     6 ","HG21 THR    53 ",-0.0559005912711541,-5.69628288801319e-50,0,3.41776973280792e-49,8796459430.05142
" HB  VAL     6 ","HG22 THR    53 ",-0.0187466117365643,-5.69628288801319e-50,0,3.41776973280792e-49,8796459430.05142
" HB  VAL     6 ","HG23 THR    53 ",-0.0143146013170304,-5.69628288801319e-50,0,3.41776973280792e-49,8796459430.05142
" H   ILE     7 ","HG11 VAL     6 ",-0.012456198447487,-5.69628288801319e-50,0,3.41776973280792e-49,8796459430.05142
" H   ILE     7 ","HG12 VAL     6 ",-0.34481587218931,-5.69628288801319e-50,0,3.41776973280792e-49,8796459430.05142
" H   ILE     7 ","HG13 VAL     6 ",-0.565897973925981,-5.69628288801319e-50,0,3.41776973280792e-49,8796459430.05142
" HA  ILE     7 ","HG11 VAL     6 ",-0.0102010701925637,-5.69628288801319e-50,0,3.41776973280792e-49,8796459430.05142
" HA  ILE     7 ","HG12 VAL     6 ",-0.121184221475723,-5.69628288801319e-50,0,3.41776973280792e-49,8796459430.05142
" HA  ILE     7 ","HG13 VAL     6 ",-0.0125589930979233,-5.69628288801319e-50,0,3.41776973280792e-49,8796459430.05142
" H   ASN     8 ","HG11 VAL     6 ",-0.011387132034263,-5.69628288801319e-50,0,3.41776973280792e-49,8796459430.05142
" H   ASN     8 ","HG12 VAL     6 ",-0.0324905048142622,-5.69628288801319e-50,0,3.41776973280792e-49,8796459430.05142
" H   ASN     8 ","HG13 VAL     6 ",-0.0294756669262526,-5.69628288801319e-50,0,3.41776973280792e-49,8796459430.05142
" HA  ASN     8 ","HG11 VAL     6 ",-0.0118934380783289,-5.69628288801319e-50,0,3.41776973280792e-49,8796459430.05142
" HA  ASN     8 ","HG12 VAL     6 ",-0.0244491023237257,-5.69628288801319e-50,0,3.41776973280792e-49,8796459430.05142
" HA  ASN     8 ","HG13 VAL     6 ",-0.618160285321147,-5.69628288801319e-50,0,3.41776973280792e-49,8796459430.05142
" HB2 ASN     8 ","HG11 VAL     6 ",-0.13425076220486,-5.69628288801319e-50,0,3.41776973280792e-49,8796459430.05142
" HB2 ASN     8 ","HG12 VAL     6 ",-0.0148869718955283,-5.69628288801319e-50,0,3.41776973280792e-49,8796459430.05142
" HB2 ASN     8 ","HG13 VAL     6 ",-0.0135620513755787,-5.69628288801319e-50,0,3.41776973280792e-49,8796459430.05142
"HD21 ASN     8 ","HG11 VAL     6 ",-0.00789556654086766,-5.69628288801319e-50,0,3.41776973280792e-49,8796459430.05142
"HD21 ASN     8 ","HG12 VAL     6 ",-0.0224015638493664,-5.69628288801319e-50,0,3.41776973280792e-49,8796459430.05142
"HD21 ASN     8 ","HG13 VAL     6 ",-0.00900694264534873,-5.69628288801319e-50,0,3.41776973280792e-49,8796459430.05142
"HD22 ASN     8 ","HG11 VAL     6 ",-0.0221187205868137,-5.69628288801319e-50,0,3.41776973280792e-49,8796459430.05142
"HD22 ASN     8 ","HG12 VAL     6 ",-0.0838599740545781,-5.69628288801319e-50,0,3.41776973280792e-49,8796459430.05142
"HD22 ASN     8 ","HG13 VAL     6 ",-0.205680674949339,-5.69628288801319e-50,0,3.41776973280792e-49,8796459430.05142
" HA  GLU    15 ","HG11 VAL     6 ",-0.366390904615016,-5.69628288801319e-50,0,3.41776973280792e-49,8796459430.05142
" HA  GLU    15 ","HG12 VAL     6 ",-0.400199515700763,-5.69628288801319e-50,0,3.41776973280792e-49,8796459430.05142
" HA  GLU    15 ","HG13 VAL     6 ",-0.406061486621428,-5.69628288801319e-50,0,3.41776973280792e-49,8796459430.05142
" HG1 GLU    15 ","HG11 VAL     6 ",-0.0275172161403126,-5.69628288801319e-50,0,3.41776973280792e-49,8796459430.05142
" HG1 GLU    15 ","HG12 VAL     6 ",-0.0715002710621237,-5.69628288801319e-50,0,3.41776973280792e-49,8796459430.05142
" HG1 GLU    15 ","HG13 VAL     6 ",-0.0198963387645831,-5.69628288801319e-50,0,3.41776973280792e-49,8796459430.05142
" HG2 GLU    15 ","HG11 VAL     6 ",-0.0105858414723035,-5.69628288801319e-50,0,3.41776973280792e-49,8796459430.05142
" HG2 GLU    15 ","HG12 VAL     6 ",-0.00758606983618757,-5.69628288801319e-50,0,3.41776973280792e-49,8796459430.05142
" HG2 GLU    15 ","HG13 VAL     6 ",-0.012233554138091,-5.69628288801319e-50,0,3.41776973280792e-49,8796459430.05142
" HA  THR    53 ","HG11 VAL     6 ",-0.0368941738332414,-5.69628288801319e-50,0,3.41776973280792e-49,8796459430.05142
" HA  THR    53 ","HG12 VAL     6 ",-0.00806948752715249,-5.69628288801319e-50,0,3.41776973280792e-49,8796459430.05142
" HA  THR    53 ","HG13 VAL     6 ",-0.0778088633884369,-5.69628288801319e-50,0,3.41776973280792e-49,8796459430.05142
" H   ILE     7 ","HG21 VAL     6 ",-0.533314103607262,-5.69628288801319e-50,0,3.41776973280792e-49,8796459430.05142
" H   ILE     7 ","HG22 VAL     6 ",-0.0159261074010949,-5.69628288801319e-50,0,3.41776973280792e-49,8796459430.05142
" H   ILE     7 ","HG23 VAL     6 ",-0.00730803609562873,-5.69628288801319e-50,0,3.41776973280792e-49,8796459430.05142
" HA  GLU    15 ","HG21 VAL     6 ",-0.0171881530309598,-5.69628288801319e-50,0,3.41776973280792e-49,8796459430.05142
" HA  GLU    15 ","HG22 VAL     6 ",-0.0147131288005278,-5.69628288801319e-50,0,3.41776973280792e-49,8796459430.05142
" HA  GLU    15 ","HG23 VAL     6 ",-0.0187509493941553,-5.69628288801319e-50,0,3.41776973280792e-49,8796459430.05142
" HB1 GLU    15 ","HG21 VAL     6 ",-0.0138680985921793,-5.69628288801319e-50,0,3.41776973280792e-49,8796459430.05142
" HB1 GLU    15 ","HG22 VAL     6 ",-0.0143926777254576,-5.69628288801319e-50,0,3.41776973280792e-49,8796459430.05142
" HB1 GLU    15 ","HG23 VAL     6 ",-0.201946790793898,-5.69628288801319e-50,0,3.41776973280792e-49,8796459430.05142
" HG1 GLU    15 ","HG21 VAL     6 ",-0.00678052128747919,-5.69628288801319e-50,0,3.41776973280792e-49,8796459430.05142
" HG1 GLU    15 ","HG22 VAL     6 ",-0.0126877409957911,-5.69628288801319e-50,0,3.41776973280792e-49,8796459430.05142
" HG1 GLU    15 ","HG23 VAL     6 ",-0.546684222408737,-5.69628288801319e-50,0,3.41776973280792e-49,8796459430.05142
" HG2 GLU    15 ","HG21 VAL     6 ",-0.0158918908394224,-5.69628288801319e-50,0,3.41776973280792e-49,8796459430.05142
" HG2 GLU    15 ","HG22 VAL     6 ",-0.0483753992753198,-5.69628288801319e-50,0,3.41776973280792e-49,8796459430.05142
" HG2 GLU    15 ","HG23 VAL     6 ",-0.014849280247952,-5.69628288801319e-50,0,3.41776973280792e-49,8796459430.05142
" H   THR    16 ","HG21 VAL     6 ",-0.439218352524417,-5.69628288801319e-50,0,3.41776973280792e-49,8796459430.05142
" H   THR    16 ","HG22 VAL     6 ",-0.0187427808086771,-5.69628288801319e-50,0,3.41776973280792e-49,8796459430.05142
" H   THR    16 ","HG23 VAL     6 ",-0.0288205007761998,-5.69628288801319e-50,0,3.41776973280792e-49,8796459430.05142
" HB  THR    51 ","HG21 VAL     6 ",-0.00931859615947497,-5.69628288801319e-50,0,3.41776973280792e-49,8796459430.05142
" HB  THR    51 ","HG22 VAL     6 ",-0.0493696129166416,-5.69628288801319e-50,0,3.41776973280792e-49,8796459430.05142
" HB  THR    51 ","HG23 VAL     6 ",-0.230172628404557,-5.69628288801319e-50,0,3.41776973280792e-49,8796459430.05142
" H   PHE    52 ","HG21 VAL     6 ",-0.00914913484465755,-5.69628288801319e-50,0,3.41776973280792e-49,8796459430.05142
" H   PHE    52 ","HG22 VAL     6 ",-0.434214526480846,-5.69628288801319e-50,0,3.41776973280792e-49,8796459430.05142
" H   PHE    52 ","HG23 VAL     6 ",-0.474159405648579,-5.69628288801319e-50,0,3.41776973280792e-49,8796459430.05142
" HA  THR    53 ","HG21 VAL     6 ",-0.0104821349211739,-5.69628288801319e-50,0,3.41776973280792e-49,8796459430.05142
" HA  THR    53 ","HG22 VAL     6 ",-0.00831803952165905,-5.69628288801319e-50,0,3.41776973280792e-49,8796459430.05142
" HA  THR    53 ","HG23 VAL     6 ",-0.0584477146073395,-5.69628288801319e-50,0,3.41776973280792e-49,8796459430.05142
" HG1 THR    53 ","HG21 VAL     6 ",-0.00851073211126955,-5.69628288801319e-50,0,3.41776973280792e-49,8796459430.05142
" HG1 THR    53 ","HG22 VAL     6 ",-0.418940702470617,-5.69628288801319e-50,0,3.41776973280792e-49,8796459430.05142
" HG1 THR    53 ","HG23 VAL     6 ",-0.0295142098466594,-5.69628288801319e-50,0,3.41776973280792e-49,8796459430.05142
" H   ILE     7 ","HG21 ILE     7 ",-0.117375263821617,-5.69628288801319e-50,0,3.41776973280792e-49,8796459430.05142
" H   ILE     7 ","HG22 ILE     7 ",-0.013818629435922,-5.69628288801319e-50,0,3.41776973280792e-49,8796459430.05142
" H   ILE     7 ","HG23 ILE     7 ",-0.00917028314452291,-5.69628288801319e-50,0,3.41776973280792e-49,8796459430.05142
" H   ILE     7 "," HD1 ILE     7 ",-0.0130795641988851,-5.69628288801319e-50,0,3.41776973280792e-49,8796459430.05142
" H   ILE     7 "," HD2 ILE     7 ",-0.0082110269093905,-5.69628288801319e-50,0,3.41776973280792e-49,8796459430.05142
" H   ILE     7 "," HD3 ILE     7 ",-0.0387297935763925,-5.69628288801319e-50,0,3.41776973280792e-49,8796459430.05142
" HA  ILE     7 ","HG21 ILE     7 ",-0.00689977555871061,-5.69628288801319e-50,0,3.41776973280792e-49,8796459430.05142
" HA  ILE     7 ","HG22 ILE     7 ",-0.0681382602258226,-5.69628288801319e-50,0,3.41776973280792e-49,8796459430.05142
" HA  ILE     7 ","HG23 ILE     7 ",-0.0194581632889882,-5.69628288801319e-50,0,3.41776973280792e-49,8796459430.05142
" HA  ILE     7 "," HD1 ILE     7 ",-0.241926780846978,-5.69628288801319e-50,0,3.41776973280792e-49,8796459430.05142
" HA  ILE     7 "," HD2 ILE     7 ",-0.0681423652488621,-5.69628288801319e-50,0,3.41776973280792e-49,8796459430.05142
" HA  ILE     7 "," HD3 ILE     7 ",-0.0415299702734793,-5.69628288801319e-50,0,3.41776973280792e-49,8796459430.05142
" HA  ILE     7 ","HG11 VAL    39 ",-0.0202890710403025,-5.69628288801319e-50,0,3.41776973280792e-49,8796459430.05142
" HA  ILE     7 ","HG12 VAL    39 ",-0.0244565544603271,-5.69628288801319e-50,0,3.41776973280792e-49,8796459430.05142
" HA  ILE     7 ","HG13 VAL    39 ",-0.412018575513072,-5.69628288801319e-50,0,3.41776973280792e-49,8796459430.05142
" HA  ILE     7 ","HG21 THR    53 ",-0.447857527903414,-5.69628288801319e-50,0,3.41776973280792e-49,8796459430.05142
" HA  ILE     7 ","HG22 THR    53 ",-0.217196496550335,-5.69628288801319e-50,0,3.41776973280792e-49,8796459430.05142
" HA  ILE     7 ","HG23 THR    53 ",-0.0953839329109195,-5.69628288801319e-50,0,3.41776973280792e-49,8796459430.05142
" HA  ILE     7 ","HG11 VAL    54 ",-0.0179159121657589,-5.69628288801319e-50,0,3.41776973280792e-49,8796459430.05142
" HA  ILE     7 ","HG12 VAL    54 ",-0.0103244577676286,-5.69628288801319e-50,0,3.41776973280792e-49,8796459430.05142
" HA  ILE     7 ","HG13 VAL    54 ",-0.264490477700419,-5.69628288801319e-50,0,3.41776973280792e-49,8796459430.05142
" HB  ILE     7 ","HG21 ILE     7 ",-0.521472392568989,-5.69628288801319e-50,0,3.41776973280792e-49,8796459430.05142
" HB  ILE     7 ","HG22 ILE     7 ",-0.108244571520896,-5.69628288801319e-50,0,3.41776973280792e-49,8796459430.05142
" HB  ILE     7 ","HG23 ILE     7 ",-0.0106105947221212,-5.69628288801319e-50,0,3.41776973280792e-49,8796459430.05142
" HB  ILE     7 "," HD1 ILE     7 ",-0.0197328770268816,-5.69628288801319e-50,0,3.41776973280792e-49,8796459430.05142
" HB  ILE     7 "," HD2 ILE     7 ",-0.0093803745381636,-5.69628288801319e-50,0,3.41776973280792e-49,8796459430.05142
" HB  ILE     7 "," HD3 ILE     7 ",-0.074897072994281,-5.69628288801319e-50,0,3.41776973280792e-49,8796459430.05142
" HB  ILE     7 ","HD21 LEU    12 ",-0.323518929350405,-5.69628288801319e-50,0,3.41776973280792e-49,8796459430.05142
" HB  ILE     7 ","HD22 LEU    12 ",-0.544449456680679,-5.69628288801319e-50,0,3.41776973280792e-49,8796459430.05142
" HB  ILE     7 ","HD23 LEU    12 ",-0.00829613186456633,-5.69628288801319e-50,0,3.41776973280792e-49,8796459430.05142
"HG11 ILE     7 ","HG21 ILE     7 ",-0.325434076465058,-5.69628288801319e-50,0,3.41776973280792e-49,8796459430.05142
"HG11 ILE     7 ","HG22 ILE     7 ",-0.00920420117499375,-5.69628288801319e-50,0,3.41776973280792e-49,8796459430.05142
"HG11 ILE     7 ","HG23 ILE     7 ",-0.0103220310546914,-5.69628288801319e-50,0,3.41776973280792e-49,8796459430.05142
"HG12 ILE     7 ","HG21 ILE     7 ",-0.0163937009549503,-5.69628288801319e-50,0,3.41776973280792e-49,8796459430.05142
"HG12 ILE     7 ","HG22 ILE     7 ",-0.0100147633037976,-5.69628288801319e-50,0,3.41776973280792e-49,8796459430.05142
"HG12 ILE     7 ","HG23 ILE     7 ",-0.0982530844528316,-5.69628288801319e-50,0,3.41776973280792e-49,8796459430.05142
" H   ASN     8 ","HG21 ILE     7 ",-0.307060815606387,-5.69628288801319e-50,0,3.41776973280792e-49,8796459430.05142
" H   ASN     8 ","HG22 ILE     7 ",-0.319169701318717,-5.69628288801319e-50,0,3.41776973280792e-49,8796459430.05142
" H   ASN     8 ","HG23 ILE     7 ",-0.0560543650005748,-5.69628288801319e-50,0,3.41776973280792e-49,8796459430.05142
" HA  ASN     8 ","HG21 ILE     7 ",-0.488323570304887,-5.69628288801319e-50,0,3.41776973280792e-49,8796459430.05142
" HA  ASN     8 ","HG22 ILE     7 ",-0.48828396801558,-5.69628288801319e-50,0,3.41776973280792e-49,8796459430.05142
" HA  ASN     8 ","HG23 ILE     7 ",-0.0190800950218288,-5.69628288801319e-50,0,3.41776973280792e-49,8796459430.05142
" H   GLY     9 ","HG21 ILE     7 ",-0.192995612474715,-5.69628288801319e-50,0,3.41776973280792e-49,8796459430.05142
" H   GLY     9 ","HG22 ILE     7 ",-0.35492266909209,-5.69628288801319e-50,0,3.41776973280792e-49,8796459430.05142
" H   GLY     9 ","HG23 ILE     7 ",-0.0866933924901088,-5.69628288801319e-50,0,3.41776973280792e-49,8796459430.05142
" HA1 GLY     9 ","HG21 ILE     7 ",-0.177214389866941,-5.69628288801319e-50,0,3.41776973280792e-49,8796459430.05142
" HA1 GLY     9 ","HG22 ILE     7 ",-0.0160226914385604,-5.69628288801319e-50,0,3.41776973280792e-49,8796459430.05142
" HA1 GLY     9 ","HG23 ILE     7 ",-0.00968847154349513,-5.69628288801319e-50,0,3.41776973280792e-49,8796459430.05142
" HA2 GLY     9 ","HG21 ILE     7 ",-0.00761286840970578,-5.69628288801319e-50,0,3.41776973280792e-49,8796459430.05142
" HA2 GLY     9 ","HG22 ILE     7 ",-0.0094959626758336,-5.69628288801319e-50,0,3.41776973280792e-49,8796459430.05142
" HA2 GLY     9 ","HG23 ILE     7 ",-0.0475934529317371,-5.69628288801319e-50,0,3.41776973280792e-49,8796459430.05142
" H   LEU    12 ","HG21 ILE     7 ",-0.0164264283422338,-5.69628288801319e-50,0,3.41776973280792e-49,8796459430.05142
" H   LEU    12 ","HG22 ILE     7 ",-0.32645451733758,-5.69628288801319e-50,0,3.41776973280792e-49,8796459430.05142
" H   LEU    12 ","HG23 ILE     7 ",-0.0169868466096708,-5.69628288801319e-50,0,3.41776973280792e-49,8796459430.05142
" HB1 LEU    12 ","HG21 ILE     7 ",-0.490587098251769,-5.69628288801319e-50,0,3.41776973280792e-49,8796459430.05142
" HB1 LEU    12 ","HG22 ILE     7 ",-0.0903552893965517,-5.69628288801319e-50,0,3.41776973280792e-49,8796459430.05142
" HB1 LEU    12 ","HG23 ILE     7 ",-0.654138667954907,-5.69628288801319e-50,0,3.41776973280792e-49,8796459430.05142
" H   LYS    13 ","HG21 ILE     7 ",-0.0260234573061329,-5.69628288801319e-50,0,3.41776973280792e-49,8796459430.05142
" H   LYS    13 ","HG22 ILE     7 ",-0.00866840096119755,-5.69628288801319e-50,0,3.41776973280792e-49,8796459430.05142
" H   LYS    13 ","HG23 ILE     7 ",-0.013591667250263,-5.69628288801319e-50,0,3.41776973280792e-49,8796459430.05142
" HA  LYS    13 ","HG21 ILE     7 ",-0.00789609748686804,-5.69628288801319e-50,0,3.41776973280792e-49,8796459430.05142
" HA  LYS    13 ","HG22 ILE     7 ",-0.170710289015985,-5.69628288801319e-50,0,3.41776973280792e-49,8796459430.05142
" HA  LYS    13 ","HG23 ILE     7 ",-0.13314914009806,-5.69628288801319e-50,0,3.41776973280792e-49,8796459430.05142
" HB1 LYS    13 ","HG21 ILE     7 ",-0.0144433715347245,-5.69628288801319e-50,0,3.41776973280792e-49,8796459430.05142
" HB1 LYS    13 ","HG22 ILE     7 ",-0.0482434780651097,-5.69628288801319e-50,0,3.41776973280792e-49,8796459430.05142
" HB1 LYS    13 ","HG23 ILE     7 ",-0.301840906305417,-5.69628288801319e-50,0,3.41776973280792e-49,8796459430.05142
" HG1 LYS    13 ","HG21 ILE     7 ",-0.491537735100861,-5.69628288801319e-50,0,3.41776973280792e-49,8796459430.05142
" HG1 LYS    13 ","HG22 ILE     7 ",-0.484169117696921,-5.69628288801319e-50,0,3.41776973280792e-49,8796459430.05142
" HG1 LYS    13 ","HG23 ILE     7 ",-0.0178560813143587,-5.69628288801319e-50,0,3.41776973280792e-49,8796459430.05142
" HG2 LYS    13 ","HG21 ILE     7 ",-0.0131448674643466,-5.69628288801319e-50,0,3.41776973280792e-49,8796459430.05142
" HG2 LYS    13 ","HG22 ILE     7 ",-0.0078600851301849,-5.69628288801319e-50,0,3.41776973280792e-49,8796459430.05142
" HG2 LYS    13 ","HG23 ILE     7 ",-0.00779087936997554,-5.69628288801319e-50,0,3.41776973280792e-49,8796459430.05142
" H   GLY    14 ","HG21 ILE     7 ",-0.28549347124995,-5.69628288801319e-50,0,3.41776973280792e-49,8796459430.05142
" H   GLY    14 ","HG22 ILE     7 ",-0.0207813185757099,-5.69628288801319e-50,0,3.41776973280792e-49,8796459430.05142
" H   GLY    14 ","HG23 ILE     7 ",-0.0153699232245579,-5.69628288801319e-50,0,3.41776973280792e-49,8796459430.05142
" HB1 ASN    37 ","HG21 ILE     7 ",-0.00704883636174697,-5.69628288801319e-50,0,3.41776973280792e-49,8796459430.05142
" HB1 ASN    37 ","HG22 ILE     7 ",-0.0185987902321274,-5.69628288801319e-50,0,3.41776973280792e-49,8796459430.05142
" HB1 ASN    37 ","HG23 ILE     7 ",-0.0177698851611917,-5.69628288801319e-50,0,3.41776973280792e-49,8796459430.05142
" HB2 ASN    37 ","HG21 ILE     7 ",-0.29271681216972,-5.69628288801319e-50,0,3.41776973280792e-49,8796459430.05142
" HB2 ASN    37 ","HG22 ILE     7 ",-0.473842043498272,-5.69628288801319e-50,0,3.41776973280792e-49,8796459430.05142
" HB2 ASN    37 ","HG23 ILE     7 ",-0.0791721045295157,-5.69628288801319e-50,0,3.41776973280792e-49,8796459430.05142
" HB  VAL    39 ","HG21 ILE     7 ",-0.0909171021350437,-5.69628288801319e-50,0,3.41776973280792e-49,8796459430.05142
" HB  VAL    39 ","HG22 ILE     7 ",-0.0161801691268726,-5.69628288801319e-50,0,3.41776973280792e-49,8796459430.05142
" HB  VAL    39 ","HG23 ILE     7 ",-2.92453603192511,-5.69628288801319e-50,0,3.41776973280792e-49,8796459430.05142
"HG11 ILE     7 "," HD1 ILE     7 ",-1.92363973055863,-5.69628288801319e-50,0,3.41776973280792e-49,8796459430.05142
"HG11 ILE     7 "," HD2 ILE     7 ",-2.87946754386269,-5.69628288801319e-50,0,3.41776973280792e-49,8796459430.05142
"HG11 ILE     7 "," HD3 ILE     7 ",-1.58226133344997,-5.69628288801319e-50,0,3.41776973280792e-49,8796459430.05142
"HG11 ILE     7 ","HG11 VAL    54 ",-1.89446306287197,-5.69628288801319e-50,0,3.41776973280792e-49,8796459430.05142
"HG11 ILE     7 ","HG12 VAL    54 ",-2.02726937126346,-5.69628288801319e-50,0,3.41776973280792e-49,8796459430.05142
"HG11 ILE     7 ","HG13 VAL    54 ",-2.08786488963749,-5.69628288801319e-50,0,3.41776973280792e-49,8796459430.05142
"HG12 ILE     7 "," HD1 ILE     7 ",-1.9573771441863,-5.69628288801319e-50,0,3.41776973280792e-49,8796459430.05142
"HG12 ILE     7 "," HD2 ILE     7 ",-1.78282851110221,-5.69628288801319e-50,0,3.41776973280792e-49,8796459430.05142
"HG12 ILE     7 "," HD3 ILE     7 ",-3.0705920920119,-5.69628288801319e-50,0,3.41776973280792e-49,8796459430.05142
"HG12 ILE     7 "," HB1 ALA    34 ",-1.97179582309884,-5.69628288801319e-50,0,3.41776973280792e-49,8796459430.05142
"HG12 ILE     7 "," HB2 ALA    34 ",-1.73110494738044,-5.69628288801319e-50,0,3.41776973280792e-49,8796459430.05142
"HG12 ILE     7 "," HB3 ALA    34 ",-1.92143334812848,-5.69628288801319e-50,0,3.41776973280792e-49,8796459430.05142
"HG12 ILE     7 ","HG11 VAL    39 ",-3.14767383189378,-5.69628288801319e-50,0,3.41776973280792e-49,8796459430.05142
"HG12 ILE     7 ","HG12 VAL    39 ",-1.73079614853986,-5.69628288801319e-50,0,3.41776973280792e-49,8796459430.05142
"HG12 ILE     7 ","HG13 VAL    39 ",-1.81035865573694,-5.69628288801319e-50,0,3.41776973280792e-49,8796459430.05142
"HG12 ILE     7 ","HG11 VAL    54 ",-1.82276518443701,-5.69628288801319e-50,0,3.41776973280792e-49,8796459430.05142
"HG12 ILE     7 ","HG12 VAL    54 ",-3.25434243492064,-5.69628288801319e-50,0,3.41776973280792e-49,8796459430.05142
"HG12 ILE     7 ","HG13 VAL    54 ",-1.65828514165888,-5.69628288801319e-50,0,3.41776973280792e-49,8796459430.05142
" HA1 GLY    14 "," HD1 ILE     7 ",-1.9005533768224,-5.69628288801319e-50,0,3.41776973280792e-49,8796459430.05142
" HA1 GLY    14 "," HD2 ILE     7 ",-1.92607308553959,-5.69628288801319e-50,0,3.41776973280792e-49,8796459430.05142
" HA1 GLY    14 "," HD3 ILE     7 ",-1.6800975880171,-5.69628288801319e-50,0,3.41776973280792e-49,8796459430.05142
" HH  TYR    33 "," HD1 ILE     7 ",-1.85780351621748,-5.69628288801319e-50,0,3.41776973280792e-49,8796459430.05142
" HH  TYR    33 "," HD2 ILE     7 ",-1.97688155881098,-5.69628288801319e-50,0,3.41776973280792e-49,8796459430.05142
" HH  TYR    33 "," HD3 ILE     7 ",-2.83915836686048,-5.69628288801319e-50,0,3.41776973280792e-49,8796459430.05142
" H   ALA    34 "," HD1 ILE     7 ",-1.82894977640447,-5.69628288801319e-50,0,3.41776973280792e-49,8796459430.05142
" H   ALA    34 "," HD2 ILE     7 ",-2.98319238042418,-5.69628288801319e-50,0,3.41776973280792e-49,8796459430.05142
" H   ALA    34 "," HD3 ILE     7 ",-1.92478977754324,-5.69628288801319e-50,0,3.41776973280792e-49,8796459430.05142
" HA  ALA    34 "," HD1 ILE     7 ",-1.76872691535934,-5.69628288801319e-50,0,3.41776973280792e-49,8796459430.05142
" HA  ALA    34 "," HD2 ILE     7 ",-1.83863583046807,-5.69628288801319e-50,0,3.41776973280792e-49,8796459430.05142
" HA  ALA    34 "," HD3 ILE     7 ",-2.15949875918571,-5.69628288801319e-50,0,3.41776973280792e-49,8796459430.05142
" HB1 ASN    37 "," HD1 ILE     7 ",-1.91526464248005,-5.69628288801319e-50,0,3.41776973280792e-49,8796459430.05142
" HB1 ASN    37 "," HD2 ILE     7 ",-1.89132241288511,-5.69628288801319e-50,0,3.41776973280792e-49,8796459430.05142
" HB1 ASN    37 "," HD3 ILE     7 ",-1.82600589619975,-5.69628288801319e-50,0,3.41776973280792e-49,8796459430.05142
" HB2 ASN    37 "," HD1 ILE     7 ",-1.78441339710351,-5.69628288801319e-50,0,3.41776973280792e-49,8796459430.05142
" HB2 ASN    37 "," HD2 ILE     7 ",-3.39528365239461,-5.69628288801319e-50,0,3.41776973280792e-49,8796459430.05142
" HB2 ASN    37 "," HD3 ILE     7 ",-1.93013560800515,-5.69628288801319e-50,0,3.41776973280792e-49,8796459430.05142
" H   VAL    39 "," HD1 ILE     7 ",-1.65888010894081,-5.69628288801319e-50,0,3.41776973280792e-49,8796459430.05142
" H   VAL    39 "," HD2 ILE     7 ",-1.80211458971434,-5.69628288801319e-50,0,3.41776973280792e-49,8796459430.05142
" H   VAL    39 "," HD3 ILE     7 ",-1.7942424744615,-5.69628288801319e-50,0,3.41776973280792e-49,8796459430.05142
" HB  VAL    39 "," HD1 ILE     7 ",-1.91065436265195,-5.69628288801319e-50,0,3.41776973280792e-49,8796459430.05142
" HB  VAL    39 "," HD2 ILE     7 ",,,,,
" HB  VAL    39 "," HD3 ILE     7 ",,,,,
" HH2 TRP    43 "," HD1 ILE     7 ",,,,,
" HH2 TRP    43 "," HD2 ILE     7 ",,,,,
" HH2 TRP    43 "," HD3 ILE     7 ",,,,,
" H   ASN     8 ","HG11 VAL    39 ",,,,,
" H   ASN     8 ","HG12 VAL    39 ",,,,,
" H   ASN     8 ","HG13 VAL    39 ",,,,,
" H   ASN     8 ","HG21 THR    53 ",,,,,
" H   ASN     8 ","HG22 THR    53 ",,,,,
" H   ASN     8 ","HG23 THR    53 ",,,,,
" H   ASN     8 ","HG11 VAL    54 ",,,,,
" H   ASN     8 ","HG12 VAL    54 ",,,,,
" H   ASN     8 ","HG13 VAL    54 ",,,,,
" HA  ASN     8 "," HZ1 LYS    13 ",,,,,
" HA  ASN     8 "," HZ2 LYS    13 ",,,,,
" HA  ASN     8 "," HZ3 LYS    13 ",,,,,
" HB2 ASN     8 ","HG21 THR    53 ",,,,,
" HB2 ASN     8 ","HG22 THR    53 ",,,,,
" HB2 ASN     8 ","HG23 THR    53 ",,,,,
" HB2 ASN     8 ","HG21 THR    55 ",,,,,
" HB2 ASN     8 ","HG22 THR    55 ",,,,,
" HB2 ASN     8 ","HG23 THR    55 ",,,,,
" H   GLY     9 ","HD21 LEU    12 ",,,,,
" H   GLY     9 ","HD22 LEU    12 ",,,,,
" H   GLY     9 ","HD23 LEU    12 ",,,,,
" H   GLY     9 "," HZ1 LYS    13 ",,,,,
" H   GLY     9 "," HZ2 LYS    13 ",,,,,
" H   GLY     9 "," HZ3 LYS    13 ",,,,,
" H   GLY     9 ","HG11 VAL    39 ",,,,,
" H   GLY     9 ","HG12 VAL    39 ",,,,,
" H   GLY     9 ","HG13 VAL    39 ",,,,,
" H   GLY     9 ","HG21 VAL    39 ",,,,,
" H   GLY     9 ","HG22 VAL    39 ",,,,,
" H   GLY     9 ","HG23 VAL    39 ",,,,,
" HA1 GLY     9 "," HZ1 LYS    13 ",,,,,
" HA1 GLY     9 "," HZ2 LYS    13 ",,,,,
" HA1 GLY     9 "," HZ3 LYS    13 ",,,,,
" HA1 GLY     9 ","HG11 VAL    39 ",,,,,
" HA1 GLY     9 ","HG12 VAL    39 ",,,,,
" HA1 GLY     9 ","HG13 VAL    39 ",,,,,
" HA1 GLY     9 ","HG21 VAL    39 ",,,,,
" HA1 GLY     9 ","HG22 VAL    39 ",,,,,
" HA1 GLY     9 ","HG23 VAL    39 ",,,,,
" HA2 GLY     9 "," HZ1 LYS    13 ",,,,,
" HA2 GLY     9 "," HZ2 LYS    13 ",,,,,
" HA2 GLY     9 "," HZ3 LYS    13 ",,,,,
" HA2 GLY     9 ","HG11 VAL    39 ",,,,,
" HA2 GLY     9 ","HG12 VAL    39 ",,,,,
" HA2 GLY     9 ","HG13 VAL    39 ",,,,,
" HA2 GLY     9 ","HG21 VAL    39 ",,,,,
" HA2 GLY     9 ","HG22 VAL    39 ",,,,,
" HA2 GLY     9 ","HG23 VAL    39 ",,,,,
" H   LYS    10 "," HZ1 LYS    13 ",,,,,
" H   LYS    10 "," HZ2 LYS    13 ",,,,,
" H   LYS    10 "," HZ3 LYS    13 ",,,,,
" HA  LYS    10 "," HZ1 LYS    13 ",,,,,
" HA  LYS    10 "," HZ2 LYS    13 ",,,,,
" HA  LYS    10 "," HZ3 LYS    13 ",,,,,
" HB1 LYS    10 "," HZ1 LYS    10 ",,,,,
" HB1 LYS    10 "," HZ2 LYS    10 ",,,,,
" HB1 LYS    10 "," HZ3 LYS    10 ",,,,,
" HB2 LYS    10 "," HZ1 LYS    10 ",,,,,
" HB2 LYS    10 "," HZ2 LYS    10 ",,,,,
" HB2 LYS    10 "," HZ3 LYS    10 ",,,,,
" HG1 LYS    10 ","HG21 THR    11 ",,,,,
" HG1 LYS    10 ","HG22 THR    11 ",,,,,
" HG1 LYS    10 ","HG23 THR    11 ",,,,,
" HG2 LYS    10 ","HG21 THR    11 ",,,,,
" HG2 LYS    10 ","HG22 THR    11 ",,,,,
" HG2 LYS    10 ","HG23 THR    11 ",,,,,
" HD1 LYS    10 "," HZ1 LYS    10 ",,,,,
" HD1 LYS    10 "," HZ2 LYS    10 ",,,,,
" HD1 LYS    10 "," HZ3 LYS    10 ",,,,,
" HE1 LYS    10 ","HG21 THR    11 ",,,,,
" HE1 LYS    10 ","HG22 THR    11 ",,,,,
" HE1 LYS    10 ","HG23 THR    11 ",,,,,
" HE2 LYS    10 "," HZ1 LYS    10 ",,,,,
" HE2 LYS    10 "," HZ2 LYS    10 ",,,,,
" HE2 LYS    10 "," HZ3 LYS    10 ",,,,,
" H   THR    11 ","HG21 VAL    39 ",,,,,
" H   THR    11 ","HG22 VAL    39 ",,,,,
" H   THR    11 ","HG23 VAL    39 ",,,,,
" HA  THR    11 ","HG21 THR    11 ",,,,,
" HA  THR    11 ","HG22 THR    11 ",,,,,
" HA  THR    11 ","HG23 THR    11 ",,,,,
" HB  THR    11 ","HG21 THR    11 ",,,,,
" HB  THR    11 ","HG22 THR    11 ",,,,,
" HB  THR    11 ","HG23 THR    11 ",,,,,
" HG1 THR    11 ","HG21 VAL    39 ",,,,,
" HG1 THR    11 ","HG22 VAL    39 ",,,,,
" HG1 THR    11 ","HG23 VAL    39 ",,,,,
" H   LEU    12 ","HD21 LEU    12 ",,,,,
" H   LEU    12 ","HD22 LEU    12 ",,,,,
" H   LEU    12 ","HD23 LEU    12 ",,,,,
" H   LEU    12 "," HZ1 LYS    13 ",,,,,
" H   LEU    12 "," HZ2 LYS    13 ",,,,,
" H   LEU    12 "," HZ3 LYS    13 ",,,,,
" H   LEU    12 ","HG21 VAL    39 ",,,,,
" H   LEU    12 ","HG22 VAL    39 ",,,,,
" H   LEU    12 ","HG23 VAL    39 ",,,,,
" HA  LEU    12 ","HD11 LEU    12 ",,,,,
" HA  LEU    12 ","HD12 LEU    12 ",,,,,
" HA  LEU    12 ","HD13 LEU    12 ",,,,,
" HA  LEU    12 ","HD21 LEU    12 ",,,,,
" HA  LEU    12 ","HD22 LEU    12 ",,,,,
" HA  LEU    12 ","HD23 LEU    12 ",,,,,
" HB1 LEU    12 ","HD11 LEU    12 ",,,,,
" HB1 LEU    12 ","HD12 LEU    12 ",,,,,
" HB1 LEU    12 ","HD13 LEU    12 ",,,,,
" HB1 LEU    12 ","HD21 LEU    12 ",,,,,
" HB1 LEU    12 ","HD22 LEU    12 ",,,,,
" HB1 LEU    12 ","HD23 LEU    12 ",,,,,
" HB1 LEU    12 ","HG21 VAL    39 ",,,,,
" HB1 LEU    12 ","HG22 VAL    39 ",,,,,
" HB1 LEU    12 ","HG23 VAL    39 ",,,,,
" HB2 LEU    12 ","HD11 LEU    12 ",,,,,
" HB2 LEU    12 ","HD12 LEU    12 ",,,,,
" HB2 LEU    12 ","HD13 LEU    12 ",,,,,
" HB2 LEU    12 ","HD21 LEU    12 ",,,,,
" HB2 LEU    12 ","HD22 LEU    12 ",,,,,
" HB2 LEU    12 ","HD23 LEU    12 ",,,,,
" HB2 LEU    12 ","HG21 VAL    39 ",,,,,
" HB2 LEU    12 ","HG22 VAL    39 ",,,,,
" HB2 LEU    12 ","HG23 VAL    39 ",,,,,
" HG  LEU    12 ","HD11 LEU    12 ",,,,,
" HG  LEU    12 ","HD12 LEU    12 ",,,,,
" HG  LEU    12 ","HD13 LEU    12 ",,,,,
" HG  LEU    12 ","HD21 LEU    12 ",,,,,
" HG  LEU    12 ","HD22 LEU    12 ",,,,,
" HG  LEU    12 ","HD23 LEU    12 ",,,,,
" H   LYS    13 ","HD11 LEU    12 ",,,,,
" H   LYS    13 ","HD12 LEU    12 ",,,,,
" H   LYS    13 ","HD13 LEU    12 ",,,,,
" HA  ASN    37 ","HD11 LEU    12 ",,,,,
" HA  ASN    37 ","HD12 LEU    12 ",,,,,
" HA  ASN    37 ","HD13 LEU    12 ",,,,,
" HB1 ASN    37 ","HD11 LEU    12 ",,,,,
" HB1 ASN    37 ","HD12 LEU    12 ",,,,,
" HB1 ASN    37 ","HD13 LEU    12 ",,,,,
" HB2 ASN    37 ","HD11 LEU    12 ",,,,,
" HB2 ASN    37 ","HD12 LEU    12 ",,,,,
" HB2 ASN    37 ","HD13 LEU    12 ",,,,,
" HA1 GLY    38 ","HD11 LEU    12 ",,,,,
" HA1 GLY    38 ","HD12 LEU    12 ",,,,,
" HA1 GLY    38 ","HD13 LEU    12 ",,,,,
" H   LYS    13 ","HD21 LEU    12 ",,,,,
" H   LYS    13 ","HD22 LEU    12 ",,,,,
" H   LYS    13 ","HD23 LEU    12 ",,,,,
" HA  LYS    13 ","HD21 LEU    12 ",,,,,
" HA  LYS    13 ","HD22 LEU    12 ",,,,,
" HA  LYS    13 ","HD23 LEU    12 ",,,,,
" HB2 LYS    13 ","HD21 LEU    12 ",,,,,
" HB2 LYS    13 ","HD22 LEU    12 ",,,,,
" HB2 LYS    13 ","HD23 LEU    12 ",,,,,
" H   GLY    14 ","HD21 LEU    12 ",,,,,
" H   GLY    14 ","HD22 LEU    12 ",,,,,
" H   GLY    14 ","HD23 LEU    12 ",,,,,
" HA1 GLY    14 ","HD21 LEU    12 ",,,,,
" HA1 GLY    14 ","HD22 LEU    12 ",,,,,
" HA1 GLY    14 ","HD23 LEU    12 ",,,,,
" HA  ASN    37 ","HD21 LEU    12 ",,,,,
" HA  ASN    37 ","HD22 LEU    12 ",,,,,
" HA  ASN    37 ","HD23 LEU    12 ",,,,,
" HB1 ASN    37 ","HD21 LEU    12 ",,,,,
" HB1 ASN    37 ","HD22 LEU    12 ",,,,,
" HB1 ASN    37 ","HD23 LEU    12 ",,,,,
" HB2 ASN    37 ","HD21 LEU    12 ",,,,,
" HB2 ASN    37 ","HD22 LEU    12 ",,,,,
" HB2 ASN    37 ","HD23 LEU    12 ",,,,,
" HB  VAL    39 ","HD21 LEU    12 ",,,,,
" HB  VAL    39 ","HD22 LEU    12 ",,,,,
" HB  VAL    39 ","HD23 LEU    12 ",,,,,
" HA  LYS    13 "," HZ1 LYS    13 ",,,,,
" HA  LYS    13 "," HZ2 LYS    13 ",,,,,
" HA  LYS    13 "," HZ3 LYS    13 ",,,,,
" HB1 LYS    13 "," HZ1 LYS    13 ",,,,,
" HB1 LYS    13 "," HZ2 LYS    13 ",,,,,
" HB1 LYS    13 "," HZ3 LYS    13 ",,,,,
" HB2 LYS    13 "," HZ1 LYS    13 ",,,,,
" HB2 LYS    13 "," HZ2 LYS    13 ",,,,,
" HB2 LYS    13 "," HZ3 LYS    13 ",,,,,
" HG1 LYS    13 "," HZ1 LYS    13 ",,,,,
" HG1 LYS    13 "," HZ2 LYS    13 ",,,,,
" HG1 LYS    13 "," HZ3 LYS    13 ",,,,,
" HG2 LYS    13 "," HZ1 LYS    13 ",,,,,
" HG2 LYS    13 "," HZ2 LYS    13 ",,,,,
" HG2 LYS    13 "," HZ3 LYS    13 ",,,,,
" HD1 LYS    13 "," HZ1 LYS    13 ",,,,,
" HD1 LYS    13 "," HZ2 LYS    13 ",,,,,
" HD1 LYS    13 "," HZ3 LYS    13 ",,,,,
" HD2 LYS    13 "," HZ1 LYS    13 ",,,,,
" HD2 LYS    13 "," HZ2 LYS    13 ",,,,,
" HD2 LYS    13 "," HZ3 LYS    13 ",,,,,
" HE1 LYS    13 "," HZ1 LYS    13 ",,,,,
" HE1 LYS    13 "," HZ2 LYS    13 ",,,,,
" HE1 LYS    13 "," HZ3 LYS    13 ",,,,,
" HE2 LYS    13 "," HZ1 LYS    13 ",,,,,
" HE2 LYS    13 "," HZ2 LYS    13 ",,,,,
" HE2 LYS    13 "," HZ3 LYS    13 ",,,,,
" HA  GLU    15 ","HG21 THR    16 ",,,,,
" HA  GLU    15 ","HG22 THR    16 ",,,,,
" HA  GLU    15 ","HG23 THR    16 ",,,,,
" HB1 GLU    15 ","HG21 THR    17 ",,,,,
" HB1 GLU    15 ","HG22 THR    17 ",,,,,
" HB1 GLU    15 ","HG23 THR    17 ",,,,,
" H   THR    16 ","HG21 THR    16 ",,,,,
" H   THR    16 ","HG22 THR    16 ",,,,,
" H   THR    16 ","HG23 THR    16 ",,,,,
" H   THR    16 ","HG21 THR    17 ",,,,,
" H   THR    16 ","HG22 THR    17 ",,,,,
" H   THR    16 ","HG23 THR    17 ",,,,,
" HA  THR    16 ","HG21 THR    16 ",,,,,
" HA  THR    16 ","HG22 THR    16 ",,,,,
" HA  THR    16 ","HG23 THR    16 ",,,,,
" HA  THR    16 ","HG21 THR    17 ",,,,,
" HA  THR    16 ","HG22 THR    17 ",,,,,
" HA  THR    16 ","HG23 THR    17 ",,,,,
" HB  THR    16 ","HG21 THR    16 ",,,,,
" HB  THR    16 ","HG22 THR    16 ",,,,,
" HB  THR    16 ","HG23 THR    16 ",,,,,
" HG1 THR    16 ","HG21 THR    16 ",,,,,
" HG1 THR    16 ","HG22 THR    16 ",,,,,
" HG1 THR    16 ","HG23 THR    16 ",,,,,
" H   THR    17 ","HG21 THR    16 ",,,,,
" H   THR    17 ","HG22 THR    16 ",,,,,
" H   THR    17 ","HG23 THR    16 ",,,,,
" HA  THR    17 ","HG21 THR    16 ",,,,,
" HA  THR    17 ","HG22 THR    16 ",,,,,
" HA  THR    17 ","HG23 THR    16 ",,,,,
" HA  PHE    30 ","HG21 THR    16 ",,,,,
" HA  PHE    30 ","HG22 THR    16 ",,,,,
" HA  PHE    30 ","HG23 THR    16 ",,,,,
" HZ  PHE    30 ","HG21 THR    16 ",,,,,
" HZ  PHE    30 ","HG22 THR    16 ",,,,,
" HZ  PHE    30 ","HG23 THR    16 ",,,,,
" HB1 TYR    33 ","HG21 THR    16 ",,,,,
" HB1 TYR    33 ","HG22 THR    16 ",,,,,
" HB1 TYR    33 ","HG23 THR    16 ",,,,,
" HB2 TYR    33 ","HG21 THR    16 ",,,,,
" HB2 TYR    33 ","HG22 THR    16 ",,,,,
" HB2 TYR    33 ","HG23 THR    16 ",,,,,
" HH  TYR    33 ","HG21 THR    16 ",,,,,
" HH  TYR    33 ","HG22 THR    16 ",,,,,
" HH  TYR    33 ","HG23 THR    16 ",,,,,
" HG1 THR    16 ","HG21 THR    17 ",,,,,
" HG1 THR    16 ","HG22 THR    17 ",,,,,
" HG1 THR    16 ","HG23 THR    17 ",,,,,
" H   THR    17 ","HG21 THR    17 ",,,,,
" H   THR    17 ","HG22 THR    17 ",,,,,
" H   THR    17 ","HG23 THR    17 ",,,,,
" HA  THR    17 ","HG21 THR    17 ",,,,,
" HA  THR    17 ","HG22 THR    17 ",,,,,
" HA  THR    17 ","HG23 THR    17 ",,,,,
" HA  THR    17 ","HG21 THR    18 ",,,,,
" HA  THR    17 ","HG22 THR    18 ",,,,,
" HA  THR    17 ","HG23 THR    18 ",,,,,
" HB  THR    17 ","HG21 THR    17 ",,,,,
" HB  THR    17 ","HG22 THR    17 ",,,,,
" HB  THR    17 ","HG23 THR    17 ",,,,,
" HB  THR    17 "," HZ1 LYS    19 ",,,,,
" HB  THR    17 "," HZ2 LYS    19 ",,,,,
" HB  THR    17 "," HZ3 LYS    19 ",,,,,
" HG1 THR    17 ","HG21 THR    17 ",,,,,
" HG1 THR    17 ","HG22 THR    17 ",,,,,
" HG1 THR    17 ","HG23 THR    17 ",,,,,
" H   THR    18 ","HG21 THR    17 ",,,,,
" H   THR    18 ","HG22 THR    17 ",,,,,
" H   THR    18 ","HG23 THR    17 ",,,,,
" HZ  PHE    30 ","HG21 THR    17 ",,,,,
" HZ  PHE    30 ","HG22 THR    17 ",,,,,
" HZ  PHE    30 ","HG23 THR    17 ",,,,,
" HG1 THR    17 "," HZ1 LYS    19 ",,,,,
" HG1 THR    17 "," HZ2 LYS    19 ",,,,,
" HG1 THR    17 "," HZ3 LYS    19 ",,,,,
" H   THR    18 ","HG21 THR    18 ",,,,,
" H   THR    18 ","HG22 THR    18 ",,,,,
" H   THR    18 ","HG23 THR    18 ",,,,,
" HA  THR    18 ","HG21 THR    18 ",,,,,
" HA  THR    18 ","HG22 THR    18 ",,,,,
" HA  THR    18 ","HG23 THR    18 ",,,,,
" HA  THR    18 "," HZ1 LYS    19 ",,,,,
" HA  THR    18 "," HZ2 LYS    19 ",,,,,
" HA  THR    18 "," HZ3 LYS    19 ",,,,,
" HB  THR    18 ","HG21 THR    18 ",,,,,
" HB  THR    18 ","HG22 THR    18 ",,,,,
" HB  THR    18 ","HG23 THR    18 ",,,,,
" HB  THR    18 "," HB1 ALA    29 ",,,,,
" HB  THR    18 "," HB2 ALA    29 ",,,,,
" HB  THR    18 "," HB3 ALA    29 ",,,,,
" HG1 THR    18 ","HG21 THR    18 ",,,,,
" HG1 THR    18 ","HG22 THR    18 ",,,,,
" HG1 THR    18 ","HG23 THR    18 ",,,,,
" H   LYS    19 ","HG21 THR    18 ",,,,,
" H   LYS    19 ","HG22 THR    18 ",,,,,
" H   LYS    19 ","HG23 THR    18 ",,,,,
" HA  LYS    19 ","HG21 THR    18 ",,,,,
" HA  LYS    19 ","HG22 THR    18 ",,,,,
" HA  LYS    19 ","HG23 THR    18 ",,,,,
" H   ALA    20 ","HG21 THR    18 ",,,,,
" H   ALA    20 ","HG22 THR    18 ",,,,,
" H   ALA    20 ","HG23 THR    18 ",,,,,
" HA  ALA    26 ","HG21 THR    18 ",,,,,
" HA  ALA    26 ","HG22 THR    18 ",,,,,
" HA  ALA    26 ","HG23 THR    18 ",,,,,
" H   ALA    29 ","HG21 THR    18 ",,,,,
" H   ALA    29 ","HG22 THR    18 ",,,,,
" H   ALA    29 ","HG23 THR    18 ",,,,,
" H   PHE    30 ","HG21 THR    18 ",,,,,
" H   PHE    30 ","HG22 THR    18 ",,,,,
" H   PHE    30 ","HG23 THR    18 ",,,,,
" HZ  PHE    30 ","HG21 THR    18 ",,,,,
" HZ  PHE    30 ","HG22 THR    18 ",,,,,
" HZ  PHE    30 ","HG23 THR    18 ",,,,,
" HG1 THR    18 "," HB1 ALA    20 ",,,,,
" HG1 THR    18 "," HB2 ALA    20 ",,,,,
" HG1 THR    18 "," HB3 ALA    20 ",,,,,
" HG1 THR    18 "," HB1 ALA    29 ",,,,,
" HG1 THR    18 "," HB2 ALA    29 ",,,,,
" HG1 THR    18 "," HB3 ALA    29 ",,,,,
" H   LYS    19 "," HB1 ALA    20 ",,,,,
" H   LYS    19 "," HB2 ALA    20 ",,,,,
" H   LYS    19 "," HB3 ALA    20 ",,,,,
" HA  LYS    19 "," HB1 ALA    20 ",,,,,
" HA  LYS    19 "," HB2 ALA    20 ",,,,,
" HA  LYS    19 "," HB3 ALA    20 ",,,,,
" HB1 LYS    19 "," HZ1 LYS    19 ",,,,,
" HB1 LYS    19 "," HZ2 LYS    19 ",,,,,
" HB1 LYS    19 "," HZ3 LYS    19 ",,,,,
" HB2 LYS    19 "," HZ1 LYS    19 ",,,,,
" HB2 LYS    19 "," HZ2 LYS    19 ",,,,,
" HB2 LYS    19 "," HZ3 LYS    19 ",,,,,
" HG1 LYS    19 "," HZ1 LYS    19 ",,,,,
" HG1 LYS    19 "," HZ2 LYS    19 ",,,,,
" HG1 LYS    19 "," HZ3 LYS    19 ",,,,,
" HG2 LYS    19 "," HZ1 LYS    19 ",,,,,
" HG2 LYS    19 "," HZ2 LYS    19 ",,,,,
" HG2 LYS    19 "," HZ3 LYS    19 ",,,,,
" HD1 LYS    19 "," HZ1 LYS    19 ",,,,,
" HD1 LYS    19 "," HZ2 LYS    19 ",,,,,
" HD1 LYS    19 "," HZ3 LYS    19 ",,,,,
" HD2 LYS    19 "," HZ1 LYS    19 ",,,,,
" HD2 LYS    19 "," HZ2 LYS    19 ",,,,,
" HD2 LYS    19 "," HZ3 LYS    19 ",,,,,
" HE1 LYS    19 "," HZ1 LYS    19 ",,,,,
" HE1 LYS    19 "," HZ2 LYS    19 ",,,,,
" HE1 LYS    19 "," HZ3 LYS    19 ",,,,,
" HE2 LYS    19 "," HZ1 LYS    19 ",,,,,
" HE2 LYS    19 "," HZ2 LYS    19 ",,,,,
" HE2 LYS    19 "," HZ3 LYS    19 ",,,,,
" H   ALA    20 "," HB1 ALA    20 ",,,,,
" H   ALA    20 "," HB2 ALA    20 ",,,,,
" H   ALA    20 "," HB3 ALA    20 ",,,,,
" H   ALA    20 "," HB1 ALA    26 ",,,,,
" H   ALA    20 "," HB2 ALA    26 ",,,,,
" H   ALA    20 "," HB3 ALA    26 ",,,,,
" HA  ALA    20 "," HB1 ALA    20 ",,,,,
" HA  ALA    20 "," HB2 ALA    20 ",,,,,
" HA  ALA    20 "," HB3 ALA    20 ",,,,,
" HA  ALA    20 ","HG11 VAL    21 ",,,,,
" HA  ALA    20 ","HG12 VAL    21 ",,,,,
" HA  ALA    20 ","HG13 VAL    21 ",,,,,
" HA  ALA    20 ","HG21 VAL    21 ",,,,,
" HA  ALA    20 ","HG22 VAL    21 ",,,,,
" HA  ALA    20 ","HG23 VAL    21 ",,,,,
" HA  ALA    20 ","HG21 THR    25 ",,,,,
" HA  ALA    20 ","HG22 THR    25 ",,,,,
" HA  ALA    20 ","HG23 THR    25 ",,,,,
" H   VAL    21 "," HB1 ALA    20 ",,,,,
" H   VAL    21 "," HB2 ALA    20 ",,,,,
" H   VAL    21 "," HB3 ALA    20 ",,,,,
" H   ASP    22 "," HB1 ALA    20 ",,,,,
" H   ASP    22 "," HB2 ALA    20 ",,,,,
" H   ASP    22 "," HB3 ALA    20 ",,,,,
" HA  ASP    22 "," HB1 ALA    20 ",,,,,
" HA  ASP    22 "," HB2 ALA    20 ",,,,,
" HA  ASP    22 "," HB3 ALA    20 ",,,,,
" HA  ALA    23 "," HB1 ALA    20 ",,,,,
" HA  ALA    23 "," HB2 ALA    20 ",,,,,
" HA  ALA    23 "," HB3 ALA    20 ",,,,,
" H   THR    25 "," HB1 ALA    20 ",,,,,
" H   THR    25 "," HB2 ALA    20 ",,,,,
" H   THR    25 "," HB3 ALA    20 ",,,,,
" HA  THR    25 "," HB1 ALA    20 ",,,,,
" HA  THR    25 "," HB2 ALA    20 ",,,,,
" HA  THR    25 "," HB3 ALA    20 ",,,,,
" HB  THR    25 "," HB1 ALA    20 ",,,,,
" HB  THR    25 "," HB2 ALA    20 ",,,,,
" HB  THR    25 "," HB3 ALA    20 ",,,,,
" HG1 THR    25 "," HB1 ALA    20 ",,,,,
" HG1 THR    25 "," HB2 ALA    20 ",,,,,
" HG1 THR    25 "," HB3 ALA    20 ",,,,,
" H   ALA    26 "," HB1 ALA    20 ",,,,,
" H   ALA    26 "," HB2 ALA    20 ",,,,,
" H   ALA    26 "," HB3 ALA    20 ",,,,,
" HA  ALA    26 "," HB1 ALA    20 ",,,,,
" HA  ALA    26 "," HB2 ALA    20 ",,,,,
" HA  ALA    26 "," HB3 ALA    20 ",,,,,
" H   VAL    21 ","HG11 VAL    21 ",,,,,
" H   VAL    21 ","HG12 VAL    21 ",,,,,
" H   VAL    21 ","HG13 VAL    21 ",,,,,
" H   VAL    21 ","HG21 VAL    21 ",,,,,
" H   VAL    21 ","HG22 VAL    21 ",,,,,
" H   VAL    21 ","HG23 VAL    21 ",,,,,
" H   VAL    21 ","HG21 THR    25 ",,,,,
" H   VAL    21 ","HG22 THR    25 ",,,,,
" H   VAL    21 ","HG23 THR    25 ",,,,,
" HA  VAL    21 ","HG11 VAL    21 ",,,,,
" HA  VAL    21 ","HG12 VAL    21 ",,,,,
" HA  VAL    21 ","HG13 VAL    21 ",,,,,
" HA  VAL    21 ","HG21 VAL    21 ",,,,,
" HA  VAL    21 ","HG22 VAL    21 ",,,,,
" HA  VAL    21 ","HG23 VAL    21 ",,,,,
" HB  VAL    21 ","HG11 VAL    21 ",,,,,
" HB  VAL    21 ","HG12 VAL    21 ",,,,,
" HB  VAL    21 ","HG13 VAL    21 ",,,,,
" HB  VAL    21 ","HG21 VAL    21 ",,,,,
" HB  VAL    21 ","HG22 VAL    21 ",,,,,
" HB  VAL    21 ","HG23 VAL    21 ",,,,,
" H   ASP    22 ","HG11 VAL    21 ",,,,,
" H   ASP    22 ","HG12 VAL    21 ",,,,,
" H   ASP    22 ","HG13 VAL    21 ",,,,,
" H   ASP    22 ","HG21 VAL    21 ",,,,,
" H   ASP    22 ","HG22 VAL    21 ",,,,,
" H   ASP    22 ","HG23 VAL    21 ",,,,,
" HA  ASP    22 ","HG21 VAL    21 ",,,,,
" HA  ASP    22 ","HG22 VAL    21 ",,,,,
" HA  ASP    22 ","HG23 VAL    21 ",,,,,
" HB1 ASP    22 ","HG21 VAL    21 ",,,,,
" HB1 ASP    22 ","HG22 VAL    21 ",,,,,
" HB1 ASP    22 ","HG23 VAL    21 ",,,,,
" HB2 ASP    22 ","HG21 VAL    21 ",,,,,
" HB2 ASP    22 ","HG22 VAL    21 ",,,,,
" HB2 ASP    22 ","HG23 VAL    21 ",,,,,
" HB  THR    25 ","HG21 VAL    21 ",,,,,
" HB  THR    25 ","HG22 VAL    21 ",,,,,
" HB  THR    25 ","HG23 VAL    21 ",,,,,
" HG1 THR    25 ","HG21 VAL    21 ",,,,,
" HG1 THR    25 ","HG22 VAL    21 ",,,,,
" HG1 THR    25 ","HG23 VAL    21 ",,,,,
" H   ASP    22 ","HG21 THR    25 ",,,,,
" H   ASP    22 ","HG22 THR    25 ",,,,,
" H   ASP    22 ","HG23 THR    25 ",,,,,
" HA  ASP    22 "," HB1 ALA    23 ",,,,,
" HA  ASP    22 "," HB2 ALA    23 ",,,,,
" HA  ASP    22 "," HB3 ALA    23 ",,,,,
" HB2 ASP    22 "," HB1 ALA    23 ",,,,,
" HB2 ASP    22 "," HB2 ALA    23 ",,,,,
" HB2 ASP    22 "," HB3 ALA    23 ",,,,,
" H   ALA    23 "," HB1 ALA    23 ",,,,,
" H   ALA    23 "," HB2 ALA    23 ",,,,,
" H   ALA    23 "," HB3 ALA    23 ",,,,,
" H   ALA    23 "," HB1 ALA    26 ",,,,,
" H   ALA    23 "," HB2 ALA    26 ",,,,,
" H   ALA    23 "," HB3 ALA    26 ",,,,,
" HA  ALA    23 "," HB1 ALA    23 ",,,,,
" HA  ALA    23 "," HB2 ALA    23 ",,,,,
" HA  ALA    23 "," HB3 ALA    23 ",,,,,
" HA  ALA    23 "," HB1 ALA    26 ",,,,,
" HA  ALA    23 "," HB2 ALA    26 ",,,,,
" HA  ALA    23 "," HB3 ALA    26 ",,,,,
" H   GLU    24 "," HB1 ALA    23 ",,,,,
" H   GLU    24 "," HB2 ALA    23 ",,,,,
" H   GLU    24 "," HB3 ALA    23 ",,,,,
" HA  GLU    24 "," HB1 ALA    23 ",,,,,
" HA  GLU    24 "," HB2 ALA    23 ",,,,,
" HA  GLU    24 "," HB3 ALA    23 ",,,,,
" HB1 GLU    24 "," HB1 ALA    23 ",,,,,
" HB1 GLU    24 "," HB2 ALA    23 ",,,,,
" HB1 GLU    24 "," HB3 ALA    23 ",,,,,
" HG2 GLU    24 "," HB1 ALA    23 ",,,,,
" HG2 GLU    24 "," HB2 ALA    23 ",,,,,
" HG2 GLU    24 "," HB3 ALA    23 ",,,,,
" H   THR    25 "," HB1 ALA    23 ",,,,,
" H   THR    25 "," HB2 ALA    23 ",,,,,
" H   THR    25 "," HB3 ALA    23 ",,,,,
" HB2 GLU    27 "," HB1 ALA    23 ",,,,,
" HB2 GLU    27 "," HB2 ALA    23 ",,,,,
" HB2 GLU    27 "," HB3 ALA    23 ",,,,,
" HH  TYR    45 "," HB1 ALA    23 ",,,,,
" HH  TYR    45 "," HB2 ALA    23 ",,,,,
" HH  TYR    45 "," HB3 ALA    23 ",,,,,
" HZ  PHE    52 "," HB1 ALA    23 ",,,,,
" HZ  PHE    52 "," HB2 ALA    23 ",,,,,
" HZ  PHE    52 "," HB3 ALA    23 ",,,,,
" HA  GLU    24 "," HB1 ALA    26 ",,,,,
" HA  GLU    24 "," HB2 ALA    26 ",,,,,
" HA  GLU    24 "," HB3 ALA    26 ",,,,,
" HA  GLU    24 "," HZ1 LYS    28 ",,,,,
" HA  GLU    24 "," HZ2 LYS    28 ",,,,,
" HA  GLU    24 "," HZ3 LYS    28 ",,,,,
" HB2 GLU    24 "," HZ1 LYS    28 ",,,,,
" HB2 GLU    24 "," HZ2 LYS    28 ",,,,,
" HB2 GLU    24 "," HZ3 LYS    28 ",,,,,
" HG1 GLU    24 "," HZ1 LYS    28 ",,,,,
" HG1 GLU    24 "," HZ2 LYS    28 ",,,,,
" HG1 GLU    24 "," HZ3 LYS    28 ",,,,,
" H   THR    25 ","HG21 THR    25 ",,,,,
" H   THR    25 ","HG22 THR    25 ",,,,,
" H   THR    25 ","HG23 THR    25 ",,,,,
" H   THR    25 "," HB1 ALA    26 ",,,,,
" H   THR    25 "," HB2 ALA    26 ",,,,,
" H   THR    25 "," HB3 ALA    26 ",,,,,
" HA  THR    25 ","HG21 THR    25 ",,,,,
" HA  THR    25 ","HG22 THR    25 ",,,,,
" HA  THR    25 ","HG23 THR    25 ",,,,,
" HA  THR    25 "," HZ1 LYS    28 ",,,,,
" HA  THR    25 "," HZ2 LYS    28 ",,,,,
" HA  THR    25 "," HZ3 LYS    28 ",,,,,
" HB  THR    25 ","HG21 THR    25 ",,,,,
" HB  THR    25 ","HG22 THR    25 ",,,,,
" HB  THR    25 ","HG23 THR    25 ",,,,,
" HB  THR    25 "," HB1 ALA    26 ",,,,,
" HB  THR    25 "," HB2 ALA    26 ",,,,,
" HB  THR    25 "," HB3 ALA    26 ",,,,,
" HG1 THR    25 ","HG21 THR    25 ",,,,,
" HG1 THR    25 ","HG22 THR    25 ",,,,,
" HG1 THR    25 ","HG23 THR    25 ",,,,,
" H   ALA    26 ","HG21 THR    25 ",,,,,
" H   ALA    26 ","HG22 THR    25 ",,,,,
" H   ALA    26 ","HG23 THR    25 ",,,,,
" HA  ALA    26 ","HG21 THR    25 ",,,,,
" HA  ALA    26 ","HG22 THR    25 ",,,,,
" HA  ALA    26 ","HG23 THR    25 ",,,,,
" H   ALA    26 "," HB1 ALA    26 ",,,,,
" H   ALA    26 "," HB2 ALA    26 ",,,,,
" H   ALA    26 "," HB3 ALA    26 ",,,,,
" HA  ALA    26 "," HB1 ALA    26 ",,,,,
" HA  ALA    26 "," HB2 ALA    26 ",,,,,
" HA  ALA    26 "," HB3 ALA    26 ",,,,,
" HA  ALA    26 "," HB1 ALA    29 ",,,,,
" HA  ALA    26 "," HB2 ALA    29 ",,,,,
" HA  ALA    26 "," HB3 ALA    29 ",,,,,
" H   GLU    27 "," HB1 ALA    26 ",,,,,
" H   GLU    27 "," HB2 ALA    26 ",,,,,
" H   GLU    27 "," HB3 ALA    26 ",,,,,
" HA  GLU    27 "," HB1 ALA    26 ",,,,,
" HA  GLU    27 "," HB2 ALA    26 ",,,,,
" HA  GLU    27 "," HB3 ALA    26 ",,,,,
" HB2 GLU    27 "," HB1 ALA    26 ",,,,,
" HB2 GLU    27 "," HB2 ALA    26 ",,,,,
" HB2 GLU    27 "," HB3 ALA    26 ",,,,,
" H   PHE    30 "," HB1 ALA    26 ",,,,,
" H   PHE    30 "," HB2 ALA    26 ",,,,,
" H   PHE    30 "," HB3 ALA    26 ",,,,,
" HB2 PHE    30 "," HB1 ALA    26 ",,,,,
" HB2 PHE    30 "," HB2 ALA    26 ",,,,,
" HB2 PHE    30 "," HB3 ALA    26 ",,,,,
" HZ  PHE    30 "," HB1 ALA    26 ",,,,,
" HZ  PHE    30 "," HB2 ALA    26 ",,,,,
" HZ  PHE    30 "," HB3 ALA    26 ",,,,,
" HZ  PHE    52 "," HB1 ALA    26 ",,,,,
" HZ  PHE    52 "," HB2 ALA    26 ",,,,,
" HZ  PHE    52 "," HB3 ALA    26 ",,,,,
" H   GLU    27 "," HZ1 LYS    28 ",,,,,
" H   GLU    27 "," HZ2 LYS    28 ",,,,,
" H   GLU    27 "," HZ3 LYS    28 ",,,,,
" HB1 GLU    27 "," HZ1 LYS    28 ",,,,,
" HB1 GLU    27 "," HZ2 LYS    28 ",,,,,
" HB1 GLU    27 "," HZ3 LYS    28 ",,,,,
" HB2 GLU    27 "," HZ1 LYS    28 ",,,,,
" HB2 GLU    27 "," HZ2 LYS    28 ",,,,,
" HB2 GLU    27 "," HZ3 LYS    28 ",,,,,
" HG1 GLU    27 "," HZ1 LYS    28 ",,,,,
" HG1 GLU    27 "," HZ2 LYS    28 ",,,,,
" HG1 GLU    27 "," HZ3 LYS    28 ",,,,,
" HG1 GLU    27 "," HZ1 LYS    31 ",,,,,
" HG1 GLU    27 "," HZ2 LYS    31 ",,,,,
" HG1 GLU    27 "," HZ3 LYS    31 ",,,,,
" HG2 GLU    27 "," HZ1 LYS    28 ",,,,,
" HG2 GLU    27 "," HZ2 LYS    28 ",,,,,
" HG2 GLU    27 "," HZ3 LYS    28 ",,,,,
" HG2 GLU    27 "," HZ1 LYS    31 ",,,,,
" HG2 GLU    27 "," HZ2 LYS    31 ",,,,,
" HG2 GLU    27 "," HZ3 LYS    31 ",,,,,
" H   LYS    28 "," HZ1 LYS    28 ",,,,,
" H   LYS    28 "," HZ2 LYS    28 ",,,,,
" H   LYS    28 "," HZ3 LYS    28 ",,,,,
" H   LYS    28 "," HB1 ALA    29 ",,,,,
" H   LYS    28 "," HB2 ALA    29 ",,,,,
" H   LYS    28 "," HB3 ALA    29 ",,,,,
" HA  LYS    28 "," HZ1 LYS    28 ",,,,,
" HA  LYS    28 "," HZ2 LYS    28 ",,,,,
" HA  LYS    28 "," HZ3 LYS    28 ",,,,,
" HB2 LYS    28 "," HZ1 LYS    28 ",,,,,
" HB2 LYS    28 "," HZ2 LYS    28 ",,,,,
" HB2 LYS    28 "," HZ3 LYS    28 ",,,,,
" HB2 LYS    28 "," HB1 ALA    29 ",,,,,
" HB2 LYS    28 "," HB2 ALA    29 ",,,,,
" HB2 LYS    28 "," HB3 ALA    29 ",,,,,
" HG1 LYS    28 "," HZ1 LYS    28 ",,,,,
" HG1 LYS    28 "," HZ2 LYS    28 ",,,,,
" HG1 LYS    28 "," HZ3 LYS    28 ",,,,,
" HG2 LYS    28 "," HZ1 LYS    28 ",,,,,
" HG2 LYS    28 "," HZ2 LYS    28 ",,,,,
" HG2 LYS    28 "," HZ3 LYS    28 ",,,,,
" HD1 LYS    28 "," HZ1 LYS    28 ",,,,,
" HD1 LYS    28 "," HZ2 LYS    28 ",,,,,
" HD1 LYS    28 "," HZ3 LYS    28 ",,,,,
" HD2 LYS    28 "," HZ1 LYS    28 ",,,,,
" HD2 LYS    28 "," HZ2 LYS    28 ",,,,,
" HD2 LYS    28 "," HZ3 LYS    28 ",,,,,
" HE1 LYS    28 "," HZ1 LYS    28 ",,,,,
" HE1 LYS    28 "," HZ2 LYS    28 ",,,,,
" HE1 LYS    28 "," HZ3 LYS    28 ",,,,,
" HE2 LYS    28 "," HZ1 LYS    28 ",,,,,
" HE2 LYS    28 "," HZ2 LYS    28 ",,,,,
" HE2 LYS    28 "," HZ3 LYS    28 ",,,,,
" H   ALA    29 "," HB1 ALA    29 ",,,,,
" H   ALA    29 "," HB2 ALA    29 ",,,,,
" H   ALA    29 "," HB3 ALA    29 ",,,,,
" HA  ALA    29 "," HB1 ALA    29 ",,,,,
" HA  ALA    29 "," HB2 ALA    29 ",,,,,
" HA  ALA    29 "," HB3 ALA    29 ",,,,,
" H   PHE    30 "," HB1 ALA    29 ",,,,,
" H   PHE    30 "," HB2 ALA    29 ",,,,,
" H   PHE    30 "," HB3 ALA    29 ",,,,,
" HA  PHE    30 "," HB1 ALA    29 ",,,,,
" HA  PHE    30 "," HB2 ALA    29 ",,,,,
" HA  PHE    30 "," HB3 ALA    29 ",,,,,
" HB2 PHE    30 "," HB1 ALA    29 ",,,,,
" HB2 PHE    30 "," HB2 ALA    29 ",,,,,
" HB2 PHE    30 "," HB3 ALA    29 ",,,,,
" HB1 GLN    32 "," HB1 ALA    29 ",,,,,
" HB1 GLN    32 "," HB2 ALA    29 ",,,,,
" HB1 GLN    32 "," HB3 ALA    29 ",,,,,
" HA  LYS    31 "," HB1 ALA    34 ",,,,,
" HA  LYS    31 "," HB2 ALA    34 ",,,,,
" HA  LYS    31 "," HB3 ALA    34 ",,,,,
" HB1 LYS    31 "," HZ1 LYS    31 ",,,,,
" HB1 LYS    31 "," HZ2 LYS    31 ",,,,,
" HB1 LYS    31 "," HZ3 LYS    31 ",,,,,
" HB2 LYS    31 "," HZ1 LYS    31 ",,,,,
" HB2 LYS    31 "," HZ2 LYS    31 ",,,,,
" HB2 LYS    31 "," HZ3 LYS    31 ",,,,,
" HB2 LYS    31 "," HB1 ALA    34 ",,,,,
" HB2 LYS    31 "," HB2 ALA    34 ",,,,,
" HB2 LYS    31 "," HB3 ALA    34 ",,,,,
" HG1 LYS    31 "," HZ1 LYS    31 ",,,,,
" HG1 LYS    31 "," HZ2 LYS    31 ",,,,,
" HG1 LYS    31 "," HZ3 LYS    31 ",,,,,
" HG1 LYS    31 "," HB1 ALA    34 ",,,,,
" HG1 LYS    31 "," HB2 ALA    34 ",,,,,
" HG1 LYS    31 "," HB3 ALA    34 ",,,,,
" HG2 LYS    31 "," HZ1 LYS    31 ",,,,,
" HG2 LYS    31 "," HZ2 LYS    31 ",,,,,
" HG2 LYS    31 "," HZ3 LYS    31 ",,,,,
" HG2 LYS    31 "," HB1 ALA    34 ",,,,,
" HG2 LYS    31 "," HB2 ALA    34 ",,,,,
" HG2 LYS    31 "," HB3 ALA    34 ",,,,,
" HD1 LYS    31 "," HZ1 LYS    31 ",,,,,
" HD1 LYS    31 "," HZ2 LYS    31 ",,,,,
" HD1 LYS    31 "," HZ3 LYS    31 ",,,,,
" HD2 LYS    31 "," HZ1 LYS    31 ",,,,,
" HD2 LYS    31 "," HZ2 LYS    31 ",,,,,
" HD2 LYS    31 "," HZ3 LYS    31 ",,,,,
" HE1 LYS    31 "," HZ1 LYS    31 ",,,,,
" HE1 LYS    31 "," HZ2 LYS    31 ",,,,,
" HE1 LYS    31 "," HZ3 LYS    31 ",,,,,
" HE2 LYS    31 "," HZ1 LYS    31 ",,,,,
" HE2 LYS    31 "," HZ2 LYS    31 ",,,,,
" HE2 LYS    31 "," HZ3 LYS    31 ",,,,,
" HB1 TRP    43 "," HZ1 LYS    31 ",,,,,
" HB1 TRP    43 "," HZ2 LYS    31 ",,,,,
" HB1 TRP    43 "," HZ3 LYS    31 ",,,,,
" HB2 TRP    43 "," HZ1 LYS    31 ",,,,,
" HB2 TRP    43 "," HZ2 LYS    31 ",,,,,
" HB2 TRP    43 "," HZ3 LYS    31 ",,,,,
" HD1 TRP    43 "," HZ1 LYS    31 ",,,,,
" HD1 TRP    43 "," HZ2 LYS    31 ",,,,,
" HD1 TRP    43 "," HZ3 LYS    31 ",,,,,
" HE1 TRP    43 "," HZ1 LYS    31 ",,,,,
" HE1 TRP    43 "," HZ2 LYS    31 ",,,,,
" HE1 TRP    43 "," HZ3 LYS    31 ",,,,,
" HE3 TRP    43 "," HZ1 LYS    31 ",,,,,
" HE3 TRP    43 "," HZ2 LYS    31 ",,,,,
" HE3 TRP    43 "," HZ3 LYS    31 ",,,,,
" HB1 TYR    33 "," HB1 ALA    34 ",,,,,
" HB1 TYR    33 "," HB2 ALA    34 ",,,,,
" HB1 TYR    33 "," HB3 ALA    34 ",,,,,
" H   ALA    34 "," HB1 ALA    34 ",,,,,
" H   ALA    34 "," HB2 ALA    34 ",,,,,
" H   ALA    34 "," HB3 ALA    34 ",,,,,
" HA  ALA    34 "," HB1 ALA    34 ",,,,,
" HA  ALA    34 "," HB2 ALA    34 ",,,,,
" HA  ALA    34 "," HB3 ALA    34 ",,,,,
" HA  ALA    34 ","HG11 VAL    54 ",,,,,
" HA  ALA    34 ","HG12 VAL    54 ",,,,,
" HA  ALA    34 ","HG13 VAL    54 ",,,,,
" H   ASN    35 "," HB1 ALA    34 ",,,,,
" H   ASN    35 "," HB2 ALA    34 ",,,,,
" H   ASN    35 "," HB3 ALA    34 ",,,,,
" HA  ASN    35 "," HB1 ALA    34 ",,,,,
" HA  ASN    35 "," HB2 ALA    34 ",,,,,
" HA  ASN    35 "," HB3 ALA    34 ",,,,,
" HB2 ASN    37 "," HB1 ALA    34 ",,,,,
" HB2 ASN    37 "," HB2 ALA    34 ",,,,,
" HB2 ASN    37 "," HB3 ALA    34 ",,,,,
" H   VAL    39 "," HB1 ALA    34 ",,,,,
" H   VAL    39 "," HB2 ALA    34 ",,,,,
" H   VAL    39 "," HB3 ALA    34 ",,,,,
" HB  VAL    39 "," HB1 ALA    34 ",,,,,
" HB  VAL    39 "," HB2 ALA    34 ",,,,,
" HB  VAL    39 "," HB3 ALA    34 ",,,,,
" HA  ASP    40 "," HB1 ALA    34 ",,,,,
" HA  ASP    40 "," HB2 ALA    34 ",,,,,
" HA  ASP    40 "," HB3 ALA    34 ",,,,,
" HE1 TRP    43 "," HB1 ALA    34 ",,,,,
" HE1 TRP    43 "," HB2 ALA    34 ",,,,,
" HE1 TRP    43 "," HB3 ALA    34 ",,,,,
" HZ2 TRP    43 "," HB1 ALA    34 ",,,,,
" HZ2 TRP    43 "," HB2 ALA    34 ",,,,,
" HZ2 TRP    43 "," HB3 ALA    34 ",,,,,
" HH2 TRP    43 "," HB1 ALA    34 ",,,,,
" HH2 TRP    43 "," HB2 ALA    34 ",,,,,
" HH2 TRP    43 "," HB3 ALA    34 ",,,,,
" HB  VAL    54 "," HB1 ALA    34 ",,,,,
" HB  VAL    54 "," HB2 ALA    34 ",,,,,
" HB  VAL    54 "," HB3 ALA    34 ",,,,,
" HB1 ASN    37 ","HG21 VAL    39 ",,,,,
" HB1 ASN    37 ","HG22 VAL    39 ",,,,,
" HB1 ASN    37 ","HG23 VAL    39 ",,,,,
" H   GLY    38 ","HG21 VAL    39 ",,,,,
" H   GLY    38 ","HG22 VAL    39 ",,,,,
" H   GLY    38 ","HG23 VAL    39 ",,,,,
" HA1 GLY    38 ","HG21 VAL    39 ",,,,,
" HA1 GLY    38 ","HG22 VAL    39 ",,,,,
" HA1 GLY    38 ","HG23 VAL    39 ",,,,,
" HA2 GLY    38 ","HG21 VAL    39 ",,,,,
" HA2 GLY    38 ","HG22 VAL    39 ",,,,,
" HA2 GLY    38 ","HG23 VAL    39 ",,,,,
" H   VAL    39 ","HG11 VAL    39 ",,,,,
" H   VAL    39 ","HG12 VAL    39 ",,,,,
" H   VAL    39 ","HG13 VAL    39 ",,,,,
" H   VAL    39 ","HG21 VAL    39 ",,,,,
" H   VAL    39 ","HG22 VAL    39 ",,,,,
" H   VAL    39 ","HG23 VAL    39 ",,,,,
" HA  VAL    39 ","HG11 VAL    39 ",,,,,
" HA  VAL    39 ","HG12 VAL    39 ",,,,,
" HA  VAL    39 ","HG13 VAL    39 ",,,,,
" HA  VAL    39 ","HG21 VAL    39 ",,,,,
" HA  VAL    39 ","HG22 VAL    39 ",,,,,
" HA  VAL    39 ","HG23 VAL    39 ",,,,,
" HB  VAL    39 ","HG11 VAL    39 ",,,,,
" HB  VAL    39 ","HG12 VAL    39 ",,,,,
" HB  VAL    39 ","HG13 VAL    39 ",,,,,
" HB  VAL    39 ","HG21 VAL    39 ",,,,,
" HB  VAL    39 ","HG22 VAL    39 ",,,,,
" HB  VAL    39 ","HG23 VAL    39 ",,,,,
" HB  VAL    39 ","HG11 VAL    54 ",,,,,
" HB  VAL    39 ","HG12 VAL    54 ",,,,,
" HB  VAL    39 ","HG13 VAL    54 ",,,,,
" H   ASP    40 ","HG11 VAL    39 ",,,,,
" H   ASP    40 ","HG12 VAL    39 ",,,,,
" H   ASP    40 ","HG13 VAL    39 ",,,,,
" HA  ASP    40 ","HG11 VAL    39 ",,,,,
" HA  ASP    40 ","HG12 VAL    39 ",,,,,
" HA  ASP    40 ","HG13 VAL    39 ",,,,,
" H   GLY    41 ","HG11 VAL    39 ",,,,,
" H   GLY    41 ","HG12 VAL    39 ",,,,,
" H   GLY    41 ","HG13 VAL    39 ",,,,,
" HB  VAL    54 ","HG11 VAL    39 ",,,,,
" HB  VAL    54 ","HG12 VAL    39 ",,,,,
" HB  VAL    54 ","HG13 VAL    39 ",,,,,
" HA  THR    55 ","HG11 VAL    39 ",,,,,
" HA  THR    55 ","HG12 VAL    39 ",,,,,
" HA  THR    55 ","HG13 VAL    39 ",,,,,
" H   GLU    56 ","HG11 VAL    39 ",,,,,
" H   GLU    56 ","HG12 VAL    39 ",,,,,
" H   GLU    56 ","HG13 VAL    39 ",,,,,
" HA  GLU    56 ","HG11 VAL    39 ",,,,,
" HA  GLU    56 ","HG12 VAL    39 ",,,,,
" HA  GLU    56 ","HG13 VAL    39 ",,,,,
" HB1 GLU    56 ","HG11 VAL    39 ",,,,,
" HB1 GLU    56 ","HG12 VAL    39 ",,,,,
" HB1 GLU    56 ","HG13 VAL    39 ",,,,,
" HB2 GLU    56 ","HG11 VAL    39 ",,,,,
" HB2 GLU    56 ","HG12 VAL    39 ",,,,,
" HB2 GLU    56 ","HG13 VAL    39 ",,,,,
" HG1 GLU    56 ","HG11 VAL    39 ",,,,,
" HG1 GLU    56 ","HG12 VAL    39 ",,,,,
" HG1 GLU    56 ","HG13 VAL    39 ",,,,,
" HG2 GLU    56 ","HG11 VAL    39 ",,,,,
" HG2 GLU    56 ","HG12 VAL    39 ",,,,,
" HG2 GLU    56 ","HG13 VAL    39 ",,,,,
" H   ASP    40 ","HG21 VAL    39 ",,,,,
" H   ASP    40 ","HG22 VAL    39 ",,,,,
" H   ASP    40 ","HG23 VAL    39 ",,,,,
" HB1 GLU    56 ","HG21 VAL    39 ",,,,,
" HB1 GLU    56 ","HG22 VAL    39 ",,,,,
" HB1 GLU    56 ","HG23 VAL    39 ",,,,,
" HB2 GLU    56 ","HG21 VAL    39 ",,,,,
" HB2 GLU    56 ","HG22 VAL    39 ",,,,,
" HB2 GLU    56 ","HG23 VAL    39 ",,,,,
" H   ASP    40 ","HG21 VAL    54 ",,,,,
" H   ASP    40 ","HG22 VAL    54 ",,,,,
" H   ASP    40 ","HG23 VAL    54 ",,,,,
" HA  ASP    40 ","HG11 VAL    54 ",,,,,
" HA  ASP    40 ","HG12 VAL    54 ",,,,,
" HA  ASP    40 ","HG13 VAL    54 ",,,,,
" HA  ASP    40 ","HG21 VAL    54 ",,,,,
" HA  ASP    40 ","HG22 VAL    54 ",,,,,
" HA  ASP    40 ","HG23 VAL    54 ",,,,,
" HB2 ASP    40 ","HG21 VAL    54 ",,,,,
" HB2 ASP    40 ","HG22 VAL    54 ",,,,,
" HB2 ASP    40 ","HG23 VAL    54 ",,,,,
" H   GLY    41 ","HG11 VAL    54 ",,,,,
" H   GLY    41 ","HG12 VAL    54 ",,,,,
" H   GLY    41 ","HG13 VAL    54 ",,,,,
" H   GLY    41 ","HG21 VAL    54 ",,,,,
" H   GLY    41 ","HG22 VAL    54 ",,,,,
" H   GLY    41 ","HG23 VAL    54 ",,,,,
" HA1 GLY    41 ","HG11 VAL    42 ",,,,,
" HA1 GLY    41 ","HG12 VAL    42 ",,,,,
" HA1 GLY    41 ","HG13 VAL    42 ",,,,,
" HA1 GLY    41 ","HG21 VAL    54 ",,,,,
" HA1 GLY    41 ","HG22 VAL    54 ",,,,,
" HA1 GLY    41 ","HG23 VAL    54 ",,,,,
" HA2 GLY    41 ","HG21 VAL    54 ",,,,,
" HA2 GLY    41 ","HG22 VAL    54 ",,,,,
" HA2 GLY    41 ","HG23 VAL    54 ",,,,,
" H   VAL    42 ","HG11 VAL    42 ",,,,,
" H   VAL    42 ","HG12 VAL    42 ",,,,,
" H   VAL    42 ","HG13 VAL    42 ",,,,,
" H   VAL    42 ","HG21 VAL    42 ",,,,,
" H   VAL    42 ","HG22 VAL    42 ",,,,,
" H   VAL    42 ","HG23 VAL    42 ",,,,,
" H   VAL    42 ","HG21 VAL    54 ",,,,,
" H   VAL    42 ","HG22 VAL    54 ",,,,,
" H   VAL    42 ","HG23 VAL    54 ",,,,,
" H   VAL    42 ","HG21 THR    55 ",,,,,
" H   VAL    42 ","HG22 THR    55 ",,,,,
" H   VAL    42 ","HG23 THR    55 ",,,,,
" HA  VAL    42 ","HG11 VAL    42 ",,,,,
" HA  VAL    42 ","HG12 VAL    42 ",,,,,
" HA  VAL    42 ","HG13 VAL    42 ",,,,,
" HA  VAL    42 ","HG21 VAL    42 ",,,,,
" HA  VAL    42 ","HG22 VAL    42 ",,,,,
" HA  VAL    42 ","HG23 VAL    42 ",,,,,
" HA  VAL    42 ","HG21 VAL    54 ",,,,,
" HA  VAL    42 ","HG22 VAL    54 ",,,,,
" HA  VAL    42 ","HG23 VAL    54 ",,,,,
" HB  VAL    42 ","HG11 VAL    42 ",,,,,
" HB  VAL    42 ","HG12 VAL    42 ",,,,,
" HB  VAL    42 ","HG13 VAL    42 ",,,,,
" HB  VAL    42 ","HG21 VAL    42 ",,,,,
" HB  VAL    42 ","HG22 VAL    42 ",,,,,
" HB  VAL    42 ","HG23 VAL    42 ",,,,,
" H   TRP    43 ","HG11 VAL    42 ",,,,,
" H   TRP    43 ","HG12 VAL    42 ",,,,,
" H   TRP    43 ","HG13 VAL    42 ",,,,,
" HA  VAL    54 ","HG11 VAL    42 ",,,,,
" HA  VAL    54 ","HG12 VAL    42 ",,,,,
" HA  VAL    54 ","HG13 VAL    42 ",,,,,
" H   THR    55 ","HG11 VAL    42 ",,,,,
" H   THR    55 ","HG12 VAL    42 ",,,,,
" H   THR    55 ","HG13 VAL    42 ",,,,,
" HA  THR    55 ","HG11 VAL    42 ",,,,,
" HA  THR    55 ","HG12 VAL    42 ",,,,,
" HA  THR    55 ","HG13 VAL    42 ",,,,,
" HB  THR    55 ","HG11 VAL    42 ",,,,,
" HB  THR    55 ","HG12 VAL    42 ",,,,,
" HB  THR    55 ","HG13 VAL    42 ",,,,,
" HG1 THR    55 ","HG11 VAL    42 ",,,,,
" HG1 THR    55 ","HG12 VAL    42 ",,,,,
" HG1 THR    55 ","HG13 VAL    42 ",,,,,
" H   TRP    43 ","HG21 VAL    42 ",,,,,
" H   TRP    43 ","HG22 VAL    42 ",,,,,
" H   TRP    43 ","HG23 VAL    42 ",,,,,
" HA  TRP    43 ","HG21 VAL    42 ",,,,,
" HA  TRP    43 ","HG22 VAL    42 ",,,,,
" HA  TRP    43 ","HG23 VAL    42 ",,,,,
" HB2 TRP    43 ","HG21 VAL    42 ",,,,,
" HB2 TRP    43 ","HG22 VAL    42 ",,,,,
" HB2 TRP    43 ","HG23 VAL    42 ",,,,,
" H   TRP    43 ","HG21 VAL    54 ",,,,,
" H   TRP    43 ","HG22 VAL    54 ",,,,,
" H   TRP    43 ","HG23 VAL    54 ",,,,,
" HA  TRP    43 ","HG21 THR    44 ",,,,,
" HA  TRP    43 ","HG22 THR    44 ",,,,,
" HA  TRP    43 ","HG23 THR    44 ",,,,,
" HA  TRP    43 ","HG21 VAL    54 ",,,,,
" HA  TRP    43 ","HG22 VAL    54 ",,,,,
" HA  TRP    43 ","HG23 VAL    54 ",,,,,
" HB2 TRP    43 ","HG21 VAL    54 ",,,,,
" HB2 TRP    43 ","HG22 VAL    54 ",,,,,
" HB2 TRP    43 ","HG23 VAL    54 ",,,,,
" HD1 TRP    43 ","HG21 VAL    54 ",,,,,
" HD1 TRP    43 ","HG22 VAL    54 ",,,,,
" HD1 TRP    43 ","HG23 VAL    54 ",,,,,
" HE1 TRP    43 ","HG11 VAL    54 ",,,,,
" HE1 TRP    43 ","HG12 VAL    54 ",,,,,
" HE1 TRP    43 ","HG13 VAL    54 ",,,,,
" HE1 TRP    43 ","HG21 VAL    54 ",,,,,
" HE1 TRP    43 ","HG22 VAL    54 ",,,,,
" HE1 TRP    43 ","HG23 VAL    54 ",,,,,
" HZ2 TRP    43 ","HG11 VAL    54 ",,,,,
" HZ2 TRP    43 ","HG12 VAL    54 ",,,,,
" HZ2 TRP    43 ","HG13 VAL    54 ",,,,,
" HZ2 TRP    43 ","HG21 VAL    54 ",,,,,
" HZ2 TRP    43 ","HG22 VAL    54 ",,,,,
" HZ2 TRP    43 ","HG23 VAL    54 ",,,,,
" HH2 TRP    43 ","HG11 VAL    54 ",,,,,
" HH2 TRP    43 ","HG12 VAL    54 ",,,,,
" HH2 TRP    43 ","HG13 VAL    54 ",,,,,
" H   THR    44 ","HG21 THR    44 ",,,,,
" H   THR    44 ","HG22 THR    44 ",,,,,
" H   THR    44 ","HG23 THR    44 ",,,,,
" HA  THR    44 ","HG21 THR    44 ",,,,,
" HA  THR    44 ","HG22 THR    44 ",,,,,
" HA  THR    44 ","HG23 THR    44 ",,,,,
" HB  THR    44 ","HG21 THR    44 ",,,,,
" HB  THR    44 ","HG22 THR    44 ",,,,,
" HB  THR    44 ","HG23 THR    44 ",,,,,
" HG1 THR    44 ","HG21 THR    44 ",,,,,
" HG1 THR    44 ","HG22 THR    44 ",,,,,
" HG1 THR    44 ","HG23 THR    44 ",,,,,
" H   TYR    45 ","HG21 THR    44 ",,,,,
" H   TYR    45 ","HG22 THR    44 ",,,,,
" H   TYR    45 ","HG23 THR    44 ",,,,,
" HG1 THR    44 ","HG21 THR    53 ",,,,,
" HG1 THR    44 ","HG22 THR    53 ",,,,,
" HG1 THR    44 ","HG23 THR    53 ",,,,,
" H   ASP    47 "," HB1 ALA    48 ",,,,,
" H   ASP    47 "," HB2 ALA    48 ",,,,,
" H   ASP    47 "," HB3 ALA    48 ",,,,,
" H   ALA    48 "," HB1 ALA    48 ",,,,,
" H   ALA    48 "," HB2 ALA    48 ",,,,,
" H   ALA    48 "," HB3 ALA    48 ",,,,,
" HA  ALA    48 "," HB1 ALA    48 ",,,,,
" HA  ALA    48 "," HB2 ALA    48 ",,,,,
" HA  ALA    48 "," HB3 ALA    48 ",,,,,
" H   THR    49 "," HB1 ALA    48 ",,,,,
" H   THR    49 "," HB2 ALA    48 ",,,,,
" H   THR    49 "," HB3 ALA    48 ",,,,,
" HA  THR    49 "," HB1 ALA    48 ",,,,,
" HA  THR    49 "," HB2 ALA    48 ",,,,,
" HA  THR    49 "," HB3 ALA    48 ",,,,,
" HG1 THR    49 "," HB1 ALA    48 ",,,,,
" HG1 THR    49 "," HB2 ALA    48 ",,,,,
" HG1 THR    49 "," HB3 ALA    48 ",,,,,
" H   LYS    50 "," HB1 ALA    48 ",,,,,
" H   LYS    50 "," HB2 ALA    48 ",,,,,
" H   LYS    50 "," HB3 ALA    48 ",,,,,
" H   THR    49 ","HG21 THR    49 ",,,,,
" H   THR    49 ","HG22 THR    49 ",,,,,
" H   THR    49 ","HG23 THR    49 ",,,,,
" HA  THR    49 ","HG21 THR    49 ",,,,,
" HA  THR    49 ","HG22 THR    49 ",,,,,
" HA  THR    49 ","HG23 THR    49 ",,,,,
" HB  THR    49 ","HG21 THR    49 ",,,,,
" HB  THR    49 ","HG22 THR    49 ",,,,,
" HB  THR    49 ","HG23 THR    49 ",,,,,
" HB  THR    49 ","HG21 THR    51 ",,,,,
" HB  THR    49 ","HG22 THR    51 ",,,,,
" HB  THR    49 ","HG23 THR    51 ",,,,,
" HG1 THR    49 ","HG21 THR    49 ",,,,,
" HG1 THR    49 ","HG22 THR    49 ",,,,,
" HG1 THR    49 ","HG23 THR    49 ",,,,,
" H   LYS    50 ","HG21 THR    49 ",,,,,
" H   LYS    50 ","HG22 THR    49 ",,,,,
" H   LYS    50 ","HG23 THR    49 ",,,,,
" HG1 THR    51 ","HG21 THR    49 ",,,,,
" HG1 THR    51 ","HG22 THR    49 ",,,,,
" HG1 THR    51 ","HG23 THR    49 ",,,,,
" HB1 LYS    50 "," HZ1 LYS    50 ",,,,,
" HB1 LYS    50 "," HZ2 LYS    50 ",,,,,
" HB1 LYS    50 "," HZ3 LYS    50 ",,,,,
" HB2 LYS    50 "," HZ1 LYS    50 ",,,,,
" HB2 LYS    50 "," HZ2 LYS    50 ",,,,,
" HB2 LYS    50 "," HZ3 LYS    50 ",,,,,
" HG1 LYS    50 "," HZ1 LYS    50 ",,,,,
" HG1 LYS    50 "," HZ2 LYS    50 ",,,,,
" HG1 LYS    50 "," HZ3 LYS    50 ",,,,,
" HG2 LYS    50 "," HZ1 LYS    50 ",,,,,
" HG2 LYS    50 "," HZ2 LYS    50 ",,,,,
" HG2 LYS    50 "," HZ3 LYS    50 ",,,,,
" HD1 LYS    50 "," HZ1 LYS    50 ",,,,,
" HD1 LYS    50 "," HZ2 LYS    50 ",,,,,
" HD1 LYS    50 "," HZ3 LYS    50 ",,,,,
" HD2 LYS    50 "," HZ1 LYS    50 ",,,,,
" HD2 LYS    50 "," HZ2 LYS    50 ",,,,,
" HD2 LYS    50 "," HZ3 LYS    50 ",,,,,
" HE1 LYS    50 "," HZ1 LYS    50 ",,,,,
" HE1 LYS    50 "," HZ2 LYS    50 ",,,,,
" HE1 LYS    50 "," HZ3 LYS    50 ",,,,,
" HE2 LYS    50 "," HZ1 LYS    50 ",,,,,
" HE2 LYS    50 "," HZ2 LYS    50 ",,,,,
" HE2 LYS    50 "," HZ3 LYS    50 ",,,,,
" H   THR    51 ","HG21 THR    51 ",,,,,
" H   THR    51 ","HG22 THR    51 ",,,,,
" H   THR    51 ","HG23 THR    51 ",,,,,
" HA  THR    51 ","HG21 THR    51 ",,,,,
" HA  THR    51 ","HG22 THR    51 ",,,,,
" HA  THR    51 ","HG23 THR    51 ",,,,,
" HB  THR    51 ","HG21 THR    51 ",,,,,
" HB  THR    51 ","HG22 THR    51 ",,,,,
" HB  THR    51 ","HG23 THR    51 ",,,,,
" HG1 THR    51 ","HG21 THR    51 ",,,,,
" HG1 THR    51 ","HG22 THR    51 ",,,,,
" HG1 THR    51 ","HG23 THR    51 ",,,,,
" H   PHE    52 ","HG21 THR    51 ",,,,,
" H   PHE    52 ","HG22 THR    51 ",,,,,
" H   PHE    52 ","HG23 THR    51 ",,,,,
" HA  PHE    52 ","HG21 THR    51 ",,,,,
" HA  PHE    52 ","HG22 THR    51 ",,,,,
" HA  PHE    52 ","HG23 THR    51 ",,,,,
" HB2 PHE    52 ","HG21 THR    51 ",,,,,
" HB2 PHE    52 ","HG22 THR    51 ",,,,,
" HB2 PHE    52 ","HG23 THR    51 ",,,,,
" H   THR    53 ","HG21 THR    51 ",,,,,
" H   THR    53 ","HG22 THR    51 ",,,,,
" H   THR    53 ","HG23 THR    51 ",,,,,
" HA  THR    53 ","HG21 THR    51 ",,,,,
" HA  THR    53 ","HG22 THR    51 ",,,,,
" HA  THR    53 ","HG23 THR    51 ",,,,,
" HG1 THR    53 ","HG21 THR    51 ",,,,,
" HG1 THR    53 ","HG22 THR    51 ",,,,,
" HG1 THR    53 ","HG23 THR    51 ",,,,,
" H   THR    53 ","HG21 THR    53 ",,,,,
" H   THR    53 ","HG22 THR    53 ",,,,,
" H   THR    53 ","HG23 THR    53 ",,,,,
" HA  THR    53 ","HG21 THR    53 ",,,,,
" HA  THR    53 ","HG22 THR    53 ",,,,,
" HA  THR    53 ","HG23 THR    53 ",,,,,
" HA  THR    53 ","HG11 VAL    54 ",,,,,
" HA  THR    53 ","HG12 VAL    54 ",,,,,
" HA  THR    53 ","HG13 VAL    54 ",,,,,
" HB  THR    53 ","HG21 THR    53 ",,,,,
" HB  THR    53 ","HG22 THR    53 ",,,,,
" HB  THR    53 ","HG23 THR    53 ",,,,,
" HG1 THR    53 ","HG21 THR    53 ",,,,,
" HG1 THR    53 ","HG22 THR    53 ",,,,,
" HG1 THR    53 ","HG23 THR    53 ",,,,,
" H   VAL    54 ","HG21 THR    53 ",,,,,
" H   VAL    54 ","HG22 THR    53 ",,,,,
" H   VAL    54 ","HG23 THR    53 ",,,,,
" HA  VAL    54 ","HG21 THR    53 ",,,,,
" HA  VAL    54 ","HG22 THR    53 ",,,,,
" HA  VAL    54 ","HG23 THR    53 ",,,,,
" H   THR    55 ","HG21 THR    53 ",,,,,
" H   THR    55 ","HG22 THR    53 ",,,,,
" H   THR    55 ","HG23 THR    53 ",,,,,
" HA  THR    55 ","HG21 THR    53 ",,,,,
" HA  THR    55 ","HG22 THR    53 ",,,,,
" HA  THR    55 ","HG23 THR    53 ",,,,,
" HB  THR    55 ","HG21 THR    53 ",,,,,
" HB  THR    55 ","HG22 THR    53 ",,,,,
" HB  THR    55 ","HG23 THR    53 ",,,,,
" HG1 THR    55 ","HG21 THR    53 ",,,,,
" HG1 THR    55 ","HG22 THR    53 ",,,,,
" HG1 THR    55 ","HG23 THR    53 ",,,,,
" H   VAL    54 ","HG11 VAL    54 ",,,,,
" H   VAL    54 ","HG12 VAL    54 ",,,,,
" H   VAL    54 ","HG13 VAL    54 ",,,,,
" H   VAL    54 ","HG21 VAL    54 ",,,,,
" H   VAL    54 ","HG22 VAL    54 ",,,,,
" H   VAL    54 ","HG23 VAL    54 ",,,,,
" HA  VAL    54 ","HG11 VAL    54 ",,,,,
" HA  VAL    54 ","HG12 VAL    54 ",,,,,
" HA  VAL    54 ","HG13 VAL    54 ",,,,,
" HA  VAL    54 ","HG21 VAL    54 ",,,,,
" HA  VAL    54 ","HG22 VAL    54 ",,,,,
" HA  VAL    54 ","HG23 VAL    54 ",,,,,
" HB  VAL    54 ","HG11 VAL    54 ",,,,,
" HB  VAL    54 ","HG12 VAL    54 ",,,,,
" HB  VAL    54 ","HG13 VAL    54 ",,,,,
" HB  VAL    54 ","HG21 VAL    54 ",,,,,
" HB  VAL    54 ","HG22 VAL    54 ",,,,,
" HB  VAL    54 ","HG23 VAL    54 ",,,,,
" H   THR    55 ","HG11 VAL    54 ",,,,,
" H   THR    55 ","HG12 VAL    54 ",,,,,
" H   THR    55 ","HG13 VAL    54 ",,,,,
" HA  THR    55 ","HG11 VAL    54 ",,,,,
" HA  THR    55 ","HG12 VAL    54 ",,,,,
" HA  THR    55 ","HG13 VAL    54 ",,,,,
" H   GLU    56 ","HG11 VAL    54 ",,,,,
" H   GLU    56 ","HG12 VAL    54 ",,,,,
" H   GLU    56 ","HG13 VAL    54 ",,,,,
" HB2 GLU    56 ","HG11 VAL    54 ",,,,,
" HB2 GLU    56 ","HG12 VAL    54 ",,,,,
" HB2 GLU    56 ","HG13 VAL    54 ",,,,,
" H   THR    55 ","HG21 VAL    54 ",,,,,
" H   THR    55 ","HG22 VAL    54 ",,,,,
" H   THR    55 ","HG23 VAL    54 ",,,,,
" HA  THR    55 ","HG21 VAL    54 ",,,,,
" HA  THR    55 ","HG22 VAL    54 ",,,,,
" HA  THR    55 ","HG23 VAL    54 ",,,,,
" H   GLU    56 ","HG21 VAL    54 ",,,,,
" H   GLU    56 ","HG22 VAL    54 ",,,,,
" H   GLU    56 ","HG23 VAL    54 ",,,,,
" HA  GLU    56 ","HG21 VAL    54 ",,,,,
" HA  GLU    56 ","HG22 VAL    54 ",,,,,
" HA  GLU    56 ","HG23 VAL    54 ",,,,,
" HB2 GLU    56 ","HG21 VAL    54 ",,,,,
" HB2 GLU    56 ","HG22 VAL    54 ",,,,,
" HB2 GLU    56 ","HG23 VAL    54 ",,,,,
" H   THR    55 ","HG21 THR    55 ",,,,,
" H   THR    55 ","HG22 THR    55 ",,,,,
" H   THR    55 ","HG23 THR    55 ",,,,,
" HA  THR    55 ","HG21 THR    55 ",,,,,
" HA  THR    55 ","HG22 THR    55 ",,,,,
" HA  THR    55 ","HG23 THR    55 ",,,,,
" HB  THR    55 ","HG21 THR    55 ",,,,,
" HB  THR    55 ","HG22 THR    55 ",,,,,
" HB  THR    55 ","HG23 THR    55 ",,,,,
" HG1 THR    55 ","HG21 THR    55 ",,,,,
" HG1 THR    55 ","HG22 THR    55 ",,,,,
" HG1 THR    55 ","HG23 THR    55 ",,,,,
" H   GLU    56 ","HG21 THR    55 ",,,,,
" H   GLU    56 ","HG22 THR    55 ",,,,,
" H   GLU    56 ","HG23 THR    55 ",,,,,
" HA  GLU    56 ","HG21 THR    55 ",,,,,
" HA  GLU    56 ","HG22 THR    55 ",,,,,
" HA  GLU    56 ","HG23 THR    55 ",,,,,
" H1  MET     1 "," H2  MET     1 ",,,,,
" H2  MET     1 "," H3  MET     1 ",,,,,
" H3  MET     1 "," H1  MET     1 ",,,,,
" HE1 MET     1 "," HE2 MET     1 ",,,,,
" HE2 MET     1 "," HE3 MET     1 ",,,,,
" HE3 MET     1 "," HE1 MET     1 ",,,,,
" HZ1 LYS     4 "," HZ2 LYS     4 ",,,,,
" HZ2 LYS     4 "," HZ3 LYS     4 ",,,,,
" HZ3 LYS     4 "," HZ1 LYS     4 ",,,,,
"HD11 LEU     5 ","HD12 LEU     5 ",,,,,
"HD12 LEU     5 ","HD13 LEU     5 ",,,,,
"HD13 LEU     5 ","HD11 LEU     5 ",,,,,
"HD21 LEU     5 ","HD22 LEU     5 ",,,,,
"HD22 LEU     5 ","HD23 LEU     5 ",,,,,
"HD23 LEU     5 ","HD21 LEU     5 ",,,,,
"HG11 VAL     6 ","HG12 VAL     6 ",,,,,
"HG12 VAL     6 ","HG13 VAL     6 ",,,,,
"HG13 VAL     6 ","HG11 VAL     6 ",,,,,
"HG21 VAL     6 ","HG22 VAL     6 ",,,,,
"HG22 VAL     6 ","HG23 VAL     6 ",,,,,
"HG23 VAL     6 ","HG21 VAL     6 ",,,,,
"HG21 ILE     7 ","HG22 ILE     7 ",,,,,
"HG22 ILE     7 ","HG23 ILE     7 ",,,,,
"HG23 ILE     7 ","HG21 ILE     7 ",,,,,
" HD1 ILE     7 "," HD2 ILE     7 ",,,,,
" HD2 ILE     7 "," HD3 ILE     7 ",,,,,
" HD3 ILE     7 "," HD1 ILE     7 ",,,,,
" HZ1 LYS    10 "," HZ2 LYS    10 ",,,,,
" HZ2 LYS    10 "," HZ3 LYS    10 ",,,,,
" HZ3 LYS    10 "," HZ1 LYS    10 ",,,,,
"HG21 THR    11 ","HG22 THR    11 ",,,,,
"HG22 THR    11 ","HG23 THR    11 ",,,,,
"HG23 THR    11 ","HG21 THR    11 ",,,,,
"HD11 LEU    12 ","HD12 LEU    12 ",,,,,
"HD12 LEU    12 ","HD13 LEU    12 ",,,,,
"HD13 LEU    12 ","HD11 LEU    12 ",,,,,
"HD21 LEU    12 ","HD22 LEU    12 ",,,,,
"HD22 LEU    12 ","HD23 LEU    12 ",,,,,
"HD23 LEU    12 ","HD21 LEU    12 ",,,,,
" HZ1 LYS    13 "," HZ2 LYS    13 ",,,,,
" HZ2 LYS    13 "," HZ3 LYS    13 ",,,,,
" HZ3 LYS    13 "," HZ1 LYS    13 ",,,,,
"HG21 THR    16 ","HG22 THR    16 ",,,,,
"HG22 THR    16 ","HG23 THR    16 ",,,,,
"HG23 THR    16 ","HG21 THR    16 ",,,,,
"HG21 THR    17 ","HG22 THR    17 ",,,,,
"HG22 THR    17 ","HG23 THR    17 ",,,,,
"HG23 THR    17 ","HG21 THR    17 ",,,,,
"HG21 THR    18 ","HG22 THR    18 ",,,,,
"HG22 THR    18 ","HG23 THR    18 ",,,,,
"HG23 THR    18 ","HG21 THR    18 ",,,,,
" HZ1 LYS    19 "," HZ2 LYS    19 ",,,,,
" HZ2 LYS    19 "," HZ3 LYS    19 ",,,,,
" HZ3 LYS    19 "," HZ1 LYS    19 ",,,,,
" HB1 ALA    20 "," HB2 ALA    20 ",,,,,
" HB2 ALA    20 "," HB3 ALA    20 ",,,,,
" HB3 ALA    20 "," HB1 ALA    20 ",,,,,
"HG11 VAL    21 ","HG12 VAL    21 ",,,,,
"HG12 VAL    21 ","HG13 VAL    21 ",,,,,
"HG13 VAL    21 ","HG11 VAL    21 ",,,,,
"HG21 VAL    21 ","HG22 VAL    21 ",,,,,
"HG22 VAL    21 ","HG23 VAL    21 ",,,,,
"HG23 VAL    21 ","HG21 VAL    21 ",,,,,
" HB1 ALA    23 "," HB2 ALA    23 ",,,,,
" HB2 ALA    23 "," HB3 ALA    23 ",,,,,
" HB3 ALA    23 "," HB1 ALA    23 ",,,,,
"HG21 THR    25 ","HG22 THR    25 ",,,,,
"HG22 THR    25 ","HG23 THR    25 ",,,,,
"HG23 THR    25 ","HG21 THR    25 ",,,,,
" HB1 ALA    26 "," HB2 ALA    26 ",,,,,
" HB2 ALA    26 "," HB3 ALA    26 ",,,,,
" HB3 ALA    26 "," HB1 ALA    26 ",,,,,
" HZ1 LYS    28 "," HZ2 LYS    28 ",,,,,
" HZ2 LYS    28 "," HZ3 LYS    28 ",,,,,
" HZ3 LYS    28 "," HZ1 LYS    28 ",,,,,
" HB1 ALA    29 "," HB2 ALA    29 ",,,,,
" HB2 ALA    29 "," HB3 ALA    29 ",,,,,
" HB3 ALA    29 "," HB1 ALA    29 ",,,,,
" HZ1 LYS    31 "," HZ2 LYS    31 ",,,,,
" HZ2 LYS    31 "," HZ3 LYS    31 ",,,,,
" HZ3 LYS    31 "," HZ1 LYS    31 ",,,,,
" HB1 ALA    34 "," HB2 ALA    34 ",,,,,
" HB2 ALA    34 "," HB3 ALA    34 ",,,,,
" HB3 ALA    34 "," HB1 ALA    34 ",,,,,
"HG11 VAL    39 ","HG12 VAL    39 ",,,,,
"HG12 VAL    39 ","HG13 VAL    39 ",,,,,
"HG13 VAL    39 ","HG11 VAL    39 ",,,,,
"HG21 VAL    39 ","HG22 VAL    39 ",,,,,
"HG22 VAL    39 ","HG23 VAL    39 ",,,,,
"HG23 VAL    39 ","HG21 VAL    39 ",,,,,
"HG11 VAL    42 ","HG12 VAL    42 ",,,,,
"HG12 VAL    42 ","HG13 VAL    42 ",,,,,
"HG13 VAL    42 ","HG11 VAL    42 ",,,,,
"HG21 VAL    42 ","HG22 VAL    42 ",,,,,
"HG22 VAL    42 ","HG23 VAL    42 ",,,,,
"HG23 VAL    42 ","HG21 VAL    42 ",,,,,
"HG21 THR    44 ","HG22 THR    44 ",,,,,
"HG22 THR    44 ","HG23 THR    44 ",,,,,
"HG23 THR    44 ","HG21 THR    44 ",,,,,
" HB1 ALA    48 "," HB2 ALA    48 ",,,,,
" HB2 ALA    48 "," HB3 ALA    48 ",,,,,
" HB3 ALA    48 "," HB1 ALA    48 ",,,,,
"HG21 THR    49 ","HG22 THR    49 ",,,,,
"HG22 THR    49 ","HG23 THR    49 ",,,,,
"HG23 THR    49 ","HG21 THR    49 ",,,,,
" HZ1 LYS    50 "," HZ2 LYS    50 ",,,,,
" HZ2 LYS    50 "," HZ3 LYS    50 ",,,,,
" HZ3 LYS    50 "," HZ1 LYS    50 ",,,,,
"HG21 THR    51 ","HG22 THR    51 ",,,,,
"HG22 THR    51 ","HG23 THR    51 ",,,,,
"HG23 THR    51 ","HG21 THR    51 ",,,,,
"HG21 THR    53 ","HG22 THR    53 ",,,,,
"HG22 THR    53 ","HG23 THR    53 ",,,,,
"HG23 THR    53 ","HG21 THR    53 ",,,,,
"HG11 VAL    54 ","HG12 VAL    54 ",,,,,
"HG12 VAL    54 ","HG13 VAL    54 ",,,,,
"HG13 VAL    54 ","HG11 VAL    54 ",,,,,
"HG21 VAL    54 ","HG22 VAL    54 ",,,,,
"HG22 VAL    54 ","HG23 VAL    54 ",,,,,
"HG23 VAL    54 ","HG21 VAL    54 ",,,,,
"HG21 THR    55 ","HG22 THR    55 ",,,,,
"HG22 THR    55 ","HG23 THR    55 ",,,,,
"HG23 THR    55 ","HG21 THR    55 ",,,,,
