"","atom1","atom2","i1","i2","g1","g2","s2","rm3","rm6","rmin","rmax","rsd"
"51:HG1-54:HD2"," HG1 GLU    51 "," HD2 ARG    54 ",821,859,0.0000214334705075446,0.0000214334705075446,NA,NA,NA,NA,NA,NA
"2:HG2-16:HG2"," HG2 GLN     2 "," HG2 GLU    16 ",29,265,8.49985975231409E-06,8.49985975231409E-06,NA,NA,NA,NA,NA,NA
"2:HG2-64:HG2"," HG2 GLN     2 "," HG2 GLU    64 ",29,1029,8.49985975231409E-06,8.49985975231409E-06,NA,NA,NA,NA,NA,NA
"16:HG2-64:HG2"," HB1 GLU    16 "," HG2 GLU    64 ",265,1029,8.49985975231409E-06,8.49985975231409E-06,NA,NA,NA,NA,NA,NA
"62:HG1-64:HG2"," HB1 GLN    62 "," HG2 GLU    64 ",989,1029,0.0000214334705075446,0.0000214334705075446,NA,NA,NA,NA,NA,NA
