"","atom1","atom2","i1","i2","g1","g2","s2","rm3","rm6","rmin","rmax","rsd"
"51:HG1-54:HD2"," HG1 GLU    51 "," HD2 ARG    54 ",821,859,0.0000214334705075446,0.0000214334705075446,NA,NA,NA,NA,NA,NA
"39:HB1-42:HD2"," HB1 ASP    39 "," HD2 ARG    42 ",615,668,8.49985975231409E-06,8.49985975231409E-06,NA,NA,NA,NA,NA,NA
"39:HB1-72:HD1"," HB1 ASP    39 "," HD1 ARG    72 ",615,1161,8.49985975231409E-06,8.49985975231409E-06,NA,NA,NA,NA,NA,NA
"39:HB1-74:HD1"," HB1 ASP    39 "," HD1 ARG    74 ",615,1204,8.49985975231409E-06,8.49985975231409E-06,NA,NA,NA,NA,NA,NA
"42:HD2-72:HD1"," HD2 ARG    42 "," HD1 ARG    72 ",668,1161,0.0000214334705075446,0.0000214334705075446,NA,NA,NA,NA,NA,NA
