"","atom1","atom2","i1","i2","g1","g2","s2","rm3","rm6","rmin","rmax","rsd"
"1:HA-1:HB1"," HA  MET     1 "," HB1 MET     1 ",6,8,0.00629837736931487,0.00629837736931487,1,2.32699376879269,2.32699376879269,2.32699376879269,2.32699376879269,NA
"1:HA-2:HA"," HA  MET     1 "," HA  GLN     2 ",6,23,0.000165524654798024,0.000165524654798024,1,4.26765743704904,4.26765743704904,4.26765743704904,4.26765743704904,NA
