"atom1","atom2","sigma"
" H1  MET A   1 "," HA  MET A   1 ",-0.792312571603637
" H1  MET A   1 "," HB2 MET A   1 ",-0.514203651800961
" H1  MET A   1 "," HB3 MET A   1 ",-0.0760092376418714
" H1  MET A   1 "," HG2 MET A   1 ",-0.0574925180848131
" H1  MET A   1 "," HG3 MET A   1 ",-0.689144189889545
" H1  MET A   1 "," H   GLN A   2 ",-0.149326256302097
" H1  MET A   1 "," HB2 GLN A   2 ",-0.0190996014792755
" H1  MET A   1 "," HG2 GLN A   2 ",-0.0338058547701219
" H1  MET A   1 "," HG3 GLN A   2 ",-0.0147076100505834
" H1  MET A   1 "," HE2 LYS A  50 ",-0.00901917751254022
" HA  MET A   1 "," HB2 MET A   1 ",-0.257404579904837
" HA  MET A   1 "," HB3 MET A   1 ",-0.825726687480927
" HA  MET A   1 "," HG2 MET A   1 ",-0.208580801572269
" HA  MET A   1 "," HG3 MET A   1 ",-0.894807421073335
" HA  MET A   1 "," H   GLN A   2 ",-0.86193737370634
" HA  MET A   1 "," HA  GLN A   2 ",-0.0296231026396333
" HA  MET A   1 "," HB2 GLN A   2 ",-0.0179094653592001
" HA  MET A   1 "," HG2 GLN A   2 ",-0.00685711014576722
" HA  MET A   1 "," HG3 GLN A   2 ",-0.00665699838985164
" HA  MET A   1 "," HH  TYR A   3 ",-0.0488856111728396
" HA  MET A   1 "," HA  LYS A  19 ",-0.00819302899687558
" HA  MET A   1 "," H   ALA A  20 ",-0.0250639192251649
" HA  MET A   1 "," HA  VAL A  21 ",-0.0086301130821464
" HA  MET A   1 "," HD2 LYS A  50 ",-0.0105744786717625
" HA  MET A   1 "," HD3 LYS A  50 ",-0.013990147982567
" HA  MET A   1 "," HE2 LYS A  50 ",-0.0748507889806025
" HA  MET A   1 "," HE3 LYS A  50 ",-0.0196593989392845
" HB2 MET A   1 "," HB3 MET A   1 ",-6.21157516922278
" HB2 MET A   1 "," HG2 MET A   1 ",-0.404036561411191
" HB2 MET A   1 "," HG3 MET A   1 ",-0.379208752190829
" HB2 MET A   1 "," H   GLN A   2 ",-0.0368853570263799
" HB2 MET A   1 "," HA  GLN A   2 ",-0.0164664119358277
" HB2 MET A   1 "," HB2 GLN A   2 ",-0.00895651558415905
" HB2 MET A   1 "," HG2 GLN A   2 ",-0.0131794084848375
" HB2 MET A   1 "," HA  LYS A  19 ",-0.0133192708871734
" HB2 MET A   1 "," HB2 LYS A  19 ",-0.0299931216024258
" HB2 MET A   1 "," HB3 LYS A  19 ",-0.00876110790918298
" HB2 MET A   1 "," HG2 LYS A  19 ",-0.0227585238505235
" HB2 MET A   1 "," HG3 LYS A  19 ",-0.0322059829806167
" HB2 MET A   1 "," HE2 LYS A  19 ",-0.0415067057237476
" HB2 MET A   1 "," HE3 LYS A  19 ",-0.0123720711205919
" HB2 MET A   1 "," H   ALA A  20 ",-0.0247933019563414
" HB2 MET A   1 "," HA  VAL A  21 ",-0.00883386308540744
" HB3 MET A   1 "," HG2 MET A   1 ",-1.41550770183131
" HB3 MET A   1 "," HG3 MET A   1 ",-0.398088797801047
" HB3 MET A   1 "," H   GLN A   2 ",-0.0521922256818323
" HB3 MET A   1 "," HA  GLN A   2 ",-0.0216477336605605
" HB3 MET A   1 "," HG2 GLN A   2 ",-0.00538700648099676
" HB3 MET A   1 "," HH  TYR A   3 ",-0.0122004049450292
" HB3 MET A   1 "," HA  LYS A  19 ",-0.0273526981347217
" HB3 MET A   1 "," HB2 LYS A  19 ",-0.0227759795403588
" HB3 MET A   1 "," HG2 LYS A  19 ",-0.0428326610379147
" HB3 MET A   1 "," HG3 LYS A  19 ",-0.0428455700700719
" HB3 MET A   1 "," HD3 LYS A  19 ",-0.00469318355653935
" HB3 MET A   1 "," HE2 LYS A  19 ",-0.0143237148640094
" HB3 MET A   1 "," H   ALA A  20 ",-0.122734885640273
" HB3 MET A   1 "," HA  ALA A  20 ",-0.0105483656285339
" HB3 MET A   1 "," H   VAL A  21 ",-0.00722018193842532
" HB3 MET A   1 "," HA  VAL A  21 ",-0.0526149719301407
" HB3 MET A   1 "," HE2 LYS A  50 ",-0.00761450095988887
" HG2 MET A   1 "," HG3 MET A   1 ",-4.58542607925978
" HG2 MET A   1 "," H   GLN A   2 ",-0.00926414596663541
" HG2 MET A   1 "," HG2 LYS A  19 ",-0.00535043772272239
" HG2 MET A   1 "," HA  VAL A  21 ",-0.0771827784689104
" HG2 MET A   1 "," HB  VAL A  21 ",-0.00494549723931047
" HG2 MET A   1 "," HE2 LYS A  50 ",-0.00695469362874261
" HG3 MET A   1 "," H   GLN A   2 ",-0.0139981571374413
" HG3 MET A   1 "," HH  TYR A   3 ",-0.00837909522304942
" HG3 MET A   1 "," HA  VAL A  21 ",-0.0200453053876465
" H   GLN A   2 "," HA  GLN A   2 ",-0.299005596707485
" H   GLN A   2 "," HB2 GLN A   2 ",-0.223278771820041
" H   GLN A   2 "," HB3 GLN A   2 ",-0.110250212315022
" H   GLN A   2 "," HG2 GLN A   2 ",-0.1974308567549
" H   GLN A   2 "," HG3 GLN A   2 ",-0.477158942543598
" H   GLN A   2 ","HE21 GLN A   2 ",-0.00815034206068259
" H   GLN A   2 "," H   TYR A   3 ",-0.0358461050077676
" H   GLN A   2 "," HA  TYR A   3 ",-0.020201980997834
" H   GLN A   2 "," HH  TYR A   3 ",-0.00808378427709982
" H   GLN A   2 "," HA  LYS A  19 ",-0.0133795332021645
" H   GLN A   2 "," HG2 LYS A  19 ",-0.00602819364591383
" H   GLN A   2 "," H   ALA A  20 ",-0.0102824291148299
" H   GLN A   2 "," HB2 LYS A  50 ",-0.0106346330983608
" H   GLN A   2 "," HG2 LYS A  50 ",-0.0166659128490235
" H   GLN A   2 "," HG3 LYS A  50 ",-0.0120225216432682
" H   GLN A   2 "," HD2 LYS A  50 ",-0.0677477051179975
" H   GLN A   2 "," HD3 LYS A  50 ",-0.180501286875746
" H   GLN A   2 "," HE2 LYS A  50 ",-0.136834514513844
" H   GLN A   2 "," HE3 LYS A  50 ",-0.0202703006361287
" HA  GLN A   2 "," HB2 GLN A   2 ",-0.360970206634229
" HA  GLN A   2 "," HB3 GLN A   2 ",-0.513335631457046
" HA  GLN A   2 "," HG2 GLN A   2 ",-0.120454892040388
" HA  GLN A   2 "," HG3 GLN A   2 ",-1.49176441897755
" HA  GLN A   2 ","HE21 GLN A   2 ",-0.016582561673688
" HA  GLN A   2 "," H   TYR A   3 ",-2.15863746000695
" HA  GLN A   2 "," HA  TYR A   3 ",-0.0300499264877922
" HA  GLN A   2 "," HB2 TYR A   3 ",-0.0202403567180379
" HA  GLN A   2 "," HB  THR A  17 ",-0.0131778843103702
" HA  GLN A   2 "," H   THR A  18 ",-0.0327683171239338
" HA  GLN A   2 "," H   LYS A  19 ",-0.0124489148981093
" HA  GLN A   2 "," HA  LYS A  19 ",-0.780003866855857
" HA  GLN A   2 "," HB2 LYS A  19 ",-0.044402220745011
" HA  GLN A   2 "," HB3 LYS A  19 ",-0.0263026513765138
" HA  GLN A   2 "," HG2 LYS A  19 ",-0.18312907156484
" HA  GLN A   2 "," HG3 LYS A  19 ",-0.0888424056158232
" HA  GLN A   2 "," HD2 LYS A  19 ",-0.0140401900355488
" HA  GLN A   2 "," HD3 LYS A  19 ",-0.00452460103291596
" HA  GLN A   2 "," HE2 LYS A  19 ",-0.00720557838789486
" HA  GLN A   2 "," H   ALA A  20 ",-0.0599345092861189
" HA  GLN A   2 "," HD3 LYS A  50 ",-0.00600954588277655
" HB2 GLN A   2 "," HB3 GLN A   2 ",-5.15380653691526
" HB2 GLN A   2 "," HG2 GLN A   2 ",-0.267917606325785
" HB2 GLN A   2 "," HG3 GLN A   2 ",-0.543278203045174
" HB2 GLN A   2 ","HE21 GLN A   2 ",-0.609628454812622
" HB2 GLN A   2 ","HE22 GLN A   2 ",-0.0548720447622839
" HB2 GLN A   2 "," H   TYR A   3 ",-0.0564520540945434
" HB2 GLN A   2 "," HA  TYR A   3 ",-0.0130639785887564
" HB2 GLN A   2 "," HB  THR A  17 ",-0.0224297518870264
" HB2 GLN A   2 "," HG1 THR A  17 ",-0.00495522573967773
" HB2 GLN A   2 "," H   THR A  18 ",-0.00790680261399319
" HB2 GLN A   2 "," HA  LYS A  19 ",-0.0111701384724315
" HB2 GLN A   2 "," HB2 LYS A  19 ",-0.00762838803833508
" HB2 GLN A   2 "," HB3 LYS A  19 ",-0.00461289632481116
" HB2 GLN A   2 "," HG2 LYS A  19 ",-0.00630028661612184
" HB2 GLN A   2 "," HG3 LYS A  19 ",-0.00479352767642949
" HB2 GLN A   2 "," HD2 LYS A  19 ",-0.00488524611821537
" HB2 GLN A   2 "," HD2 LYS A  50 ",-0.0076878005408299
" HB2 GLN A   2 "," HD3 LYS A  50 ",-0.0046239164419716
" HB3 GLN A   2 "," HG2 GLN A   2 ",-1.02246212813969
" HB3 GLN A   2 "," HG3 GLN A   2 ",-0.304290013545851
" HB3 GLN A   2 ","HE21 GLN A   2 ",-0.0618543556008072
" HB3 GLN A   2 ","HE22 GLN A   2 ",-0.0167535951469196
" HB3 GLN A   2 "," H   TYR A   3 ",-0.0681225472714142
" HB3 GLN A   2 "," HA  TYR A   3 ",-0.0184386668861008
" HB3 GLN A   2 "," HB  THR A  17 ",-0.0303064226968677
" HB3 GLN A   2 "," HG1 THR A  17 ",-0.00949940647094632
" HB3 GLN A   2 "," H   THR A  18 ",-0.0151702565340985
" HB3 GLN A   2 "," HA  LYS A  19 ",-0.0182104757694145
" HB3 GLN A   2 "," HB2 LYS A  19 ",-0.0137432268445607
" HB3 GLN A   2 "," HG3 LYS A  19 ",-0.00780634207812596
" HB3 GLN A   2 "," HD2 LYS A  50 ",-0.00770635672085724
" HB3 GLN A   2 "," HD3 LYS A  50 ",-0.00550665105684129
" HG2 GLN A   2 "," HG3 GLN A   2 ",-6.29654703248028
" HG2 GLN A   2 ","HE21 GLN A   2 ",-0.407590606763569
" HG2 GLN A   2 ","HE22 GLN A   2 ",-0.0447824663689408
" HG2 GLN A   2 "," H   TYR A   3 ",-0.037437514006188
" HG2 GLN A   2 "," HA  TYR A   3 ",-0.00625983816011013
" HG2 GLN A   2 "," HB  THR A  17 ",-0.0426760724885011
" HG2 GLN A   2 "," HG1 THR A  17 ",-0.0095046035983431
" HG2 GLN A   2 "," H   THR A  18 ",-0.0155106515183964
" HG2 GLN A   2 "," HA  LYS A  19 ",-0.0109481074624619
" HG2 GLN A   2 "," HB2 LYS A  19 ",-0.00646755139406222
" HG2 GLN A   2 "," HG2 LYS A  19 ",-0.00783641947706067
" HG2 GLN A   2 "," HG3 LYS A  19 ",-0.0248119314329814
" HG2 GLN A   2 "," HD2 LYS A  19 ",-0.0106072472028875
" HG3 GLN A   2 ","HE21 GLN A   2 ",-0.3894863346119
" HG3 GLN A   2 ","HE22 GLN A   2 ",-0.0573929509765087
" HG3 GLN A   2 "," H   TYR A   3 ",-0.11950402290105
" HG3 GLN A   2 "," HB  THR A  17 ",-0.0182615991890004
" HG3 GLN A   2 "," HG1 THR A  17 ",-0.00668338088904013
" HG3 GLN A   2 "," H   THR A  18 ",-0.0223720625043322
" HG3 GLN A   2 "," HA  THR A  18 ",-0.00976269438126601
" HG3 GLN A   2 "," H   LYS A  19 ",-0.0074539328845511
" HG3 GLN A   2 "," HA  LYS A  19 ",-0.0671147603584374
" HG3 GLN A   2 "," HB2 LYS A  19 ",-0.0172254784044797
" HG3 GLN A   2 "," HB3 LYS A  19 ",-0.0342350140711448
" HG3 GLN A   2 "," HG2 LYS A  19 ",-0.0905323746679537
" HG3 GLN A   2 "," HG3 LYS A  19 ",-0.32431910933536
" HG3 GLN A   2 "," HD2 LYS A  19 ",-0.0828397031320566
" HG3 GLN A   2 "," HD3 LYS A  19 ",-0.0144308850228585
" HG3 GLN A   2 "," HE2 LYS A  19 ",-0.00631738068344973
" HG3 GLN A   2 "," HE3 LYS A  19 ",-0.0082880483261443
"HE21 GLN A   2 ","HE22 GLN A   2 ",-5.65258070976002
"HE21 GLN A   2 "," HB  THR A  17 ",-0.0133808110279771
"HE21 GLN A   2 "," HG1 THR A  17 ",-0.0205601571944311
"HE21 GLN A   2 "," H   THR A  18 ",-0.0060345695470842
"HE21 GLN A   2 "," HA  THR A  18 ",-0.00802477804706477
"HE21 GLN A   2 "," HA  LYS A  19 ",-0.00459878424777391
"HE21 GLN A   2 "," HB3 LYS A  19 ",-0.0154770477408415
"HE21 GLN A   2 "," HD2 LYS A  19 ",-0.00975267268762483
"HE21 GLN A   2 "," HE3 LYS A  19 ",-0.00647022712692133
"HE22 GLN A   2 "," HB3 LYS A  19 ",-0.00638738784256349
"HE22 GLN A   2 "," HD2 LYS A  19 ",-0.0121607566954716
"HE22 GLN A   2 "," HE3 LYS A  19 ",-0.00952130703243086
" H   TYR A   3 "," HA  TYR A   3 ",-0.310631453474125
" H   TYR A   3 "," HB2 TYR A   3 ",-0.598119898215307
" H   TYR A   3 "," HB3 TYR A   3 ",-0.0751020377424371
" H   TYR A   3 "," H   LYS A   4 ",-0.0253307115588091
" H   TYR A   3 "," HA  LYS A   4 ",-0.013938535259186
" H   TYR A   3 "," HA  THR A  17 ",-0.0210969358497782
" H   TYR A   3 "," HB  THR A  17 ",-0.039771129008435
" H   TYR A   3 "," H   THR A  18 ",-0.361140889150211
" H   TYR A   3 "," HA  THR A  18 ",-0.0156693593276722
" H   TYR A   3 "," HB  THR A  18 ",-0.0148937280868251
" H   TYR A   3 "," H   LYS A  19 ",-0.014796953656088
" H   TYR A   3 "," HA  LYS A  19 ",-0.191863055455098
" H   TYR A   3 "," HG2 LYS A  19 ",-0.0163763043587306
" H   TYR A   3 "," HG3 LYS A  19 ",-0.021672153156933
" H   TYR A   3 "," H   ALA A  20 ",-0.0258905059842792
" H   TYR A   3 "," HZ  PHE A  30 ",-0.0474912570355656
" H   TYR A   3 "," HB3 LYS A  50 ",-0.00816081607501853
" H   TYR A   3 "," HD3 LYS A  50 ",-0.00593007695993317
" HA  TYR A   3 "," HB2 TYR A   3 ",-0.276337445147089
" HA  TYR A   3 "," HB3 TYR A   3 ",-1.07931623526127
" HA  TYR A   3 "," H   LYS A   4 ",-1.49198330919041
" HA  TYR A   3 "," HA  LYS A   4 ",-0.0296948261856634
" HA  TYR A   3 "," HB2 LYS A   4 ",-0.0319966547621857
" HA  TYR A   3 "," HB3 LYS A   4 ",-0.0223635363057295
" HA  TYR A   3 "," H   THR A  18 ",-0.0171812800272786
" HA  TYR A   3 "," HZ  PHE A  30 ",-0.0215863879179059
" HA  TYR A   3 "," HA  LYS A  50 ",-0.0205830058826898
" HA  TYR A   3 "," HB2 LYS A  50 ",-0.327172904934673
" HA  TYR A   3 "," HB3 LYS A  50 ",-0.367849920244195
" HA  TYR A   3 "," HG2 LYS A  50 ",-0.0370015393371315
" HA  TYR A   3 "," HG3 LYS A  50 ",-0.02564555916143
" HA  TYR A   3 "," HD2 LYS A  50 ",-0.0117691728254425
" HA  TYR A   3 "," HD3 LYS A  50 ",-0.0391398064642771
" HA  TYR A   3 "," HE2 LYS A  50 ",-0.0136104606848223
" HA  TYR A   3 "," HA  THR A  51 ",-0.0192569700632747
" HB2 TYR A   3 "," HB3 TYR A   3 ",-6.96374020461653
" HB2 TYR A   3 "," H   LYS A   4 ",-0.0926868568461756
" HB2 TYR A   3 "," HA  LYS A   4 ",-0.0219915341551471
" HB2 TYR A   3 "," HA  THR A  17 ",-0.0182767231637594
" HB2 TYR A   3 "," H   THR A  18 ",-0.121030773126332
" HB2 TYR A   3 "," HA  THR A  18 ",-0.00842380631405661
" HB2 TYR A   3 "," HB  THR A  18 ",-0.119449737750055
" HB2 TYR A   3 "," H   LYS A  19 ",-0.00719916835581544
" HB2 TYR A   3 "," HA  LYS A  19 ",-0.0212665879801024
" HB2 TYR A   3 "," H   ALA A  20 ",-0.00943096686479757
" HB2 TYR A   3 "," HZ  PHE A  30 ",-1.57722988285272
" HB2 TYR A   3 "," HB3 LYS A  50 ",-0.0118538340665689
" HB2 TYR A   3 "," HB2 PHE A  52 ",-0.00903559060285939
" HB3 TYR A   3 "," H   LYS A   4 ",-0.526997919160576
" HB3 TYR A   3 "," HA  LYS A   4 ",-0.019496973663556
" HB3 TYR A   3 "," H   THR A  18 ",-0.0179621955832169
" HB3 TYR A   3 "," HB  THR A  18 ",-0.0126172857782327
" HB3 TYR A   3 "," HZ  PHE A  30 ",-0.15669542152244
" HB3 TYR A   3 "," HA  LYS A  50 ",-0.0243423392613149
" HB3 TYR A   3 "," HB2 LYS A  50 ",-0.0263104104732371
" HB3 TYR A   3 "," HB3 LYS A  50 ",-0.0792454225304809
" HB3 TYR A   3 "," HG2 LYS A  50 ",-0.0120588748895305
" HB3 TYR A   3 "," HG3 LYS A  50 ",-0.00849372950349019
" HB3 TYR A   3 "," HD2 LYS A  50 ",-0.00719728290716637
" HB3 TYR A   3 "," HA  THR A  51 ",-0.0204811961642774
" HB3 TYR A   3 "," H   PHE A  52 ",-0.0177546414266687
" HB3 TYR A   3 "," HB2 PHE A  52 ",-0.0306825190099862
" HB3 TYR A   3 "," HZ  PHE A  52 ",-0.0163139112802167
" HH  TYR A   3 "," H   ALA A  20 ",-0.0279712224897676
" HH  TYR A   3 "," H   VAL A  21 ",-0.00742307202762552
" HH  TYR A   3 "," HA  VAL A  21 ",-0.0189270902975739
" HH  TYR A   3 "," H   ASP A  22 ",-0.0806864478206643
" HH  TYR A   3 "," HA  ASP A  22 ",-0.421600225234009
" HH  TYR A   3 "," HB2 ASP A  22 ",-0.0133046583943217
" HH  TYR A   3 "," HB3 ASP A  22 ",-0.0123984683078322
" HH  TYR A   3 "," H   ALA A  23 ",-0.108882262335713
" HH  TYR A   3 "," HA  ALA A  23 ",-0.0598514175723668
" HH  TYR A   3 "," HG2 LYS A  50 ",-0.00796020802371788
" HH  TYR A   3 "," HG3 LYS A  50 ",-0.0047848180352828
" HH  TYR A   3 "," HD2 LYS A  50 ",-0.0137184314400647
" HH  TYR A   3 "," HE2 LYS A  50 ",-0.02480913171243
" HH  TYR A   3 "," HE3 LYS A  50 ",-0.070005604922561
" H   LYS A   4 "," HA  LYS A   4 ",-0.31429906414354
" H   LYS A   4 "," HB2 LYS A   4 ",-0.365054251462029
" H   LYS A   4 "," HB3 LYS A   4 ",-0.58813859003526
" H   LYS A   4 "," HG2 LYS A   4 ",-0.0197213924872857
" H   LYS A   4 "," HG3 LYS A   4 ",-0.0223034305400183
" H   LYS A   4 "," HD2 LYS A   4 ",-0.00989256501461344
" H   LYS A   4 "," HD3 LYS A   4 ",-0.018912904031085
" H   LYS A   4 "," H   LEU A   5 ",-0.0268823889700589
" H   LYS A   4 "," HA  LEU A   5 ",-0.0148033431136848
" H   LYS A   4 "," HA  THR A  17 ",-0.0145899397127029
" H   LYS A   4 "," H   THR A  18 ",-0.0116917294747796
" H   LYS A   4 "," HZ  PHE A  30 ",-0.0390112756657579
" H   LYS A   4 "," HA  LYS A  50 ",-0.0133558258339319
" H   LYS A   4 "," HB2 LYS A  50 ",-0.0449171717670954
" H   LYS A   4 "," HB3 LYS A  50 ",-0.039793578698949
" H   LYS A   4 "," HG3 LYS A  50 ",-0.010108596933139
" H   LYS A   4 "," HD3 LYS A  50 ",-0.00448364834841764
" H   LYS A   4 "," H   THR A  51 ",-0.0131450165884798
" H   LYS A   4 "," HA  THR A  51 ",-0.405908314340113
" H   LYS A   4 "," HG1 THR A  51 ",-0.0212647466908692
" H   LYS A   4 "," H   PHE A  52 ",-0.0843526804098949
" H   LYS A   4 "," HB2 PHE A  52 ",-0.0373829564096647
" HA  LYS A   4 "," HB2 LYS A   4 ",-0.896716354098276
" HA  LYS A   4 "," HB3 LYS A   4 ",-0.280037876586096
" HA  LYS A   4 "," HG2 LYS A   4 ",-0.150202942469941
" HA  LYS A   4 "," HG3 LYS A   4 ",-0.294705307611347
" HA  LYS A   4 "," HD2 LYS A   4 ",-0.237847873840085
" HA  LYS A   4 "," HD3 LYS A   4 ",-0.848171995433505
" HA  LYS A   4 "," HE2 LYS A   4 ",-0.0214782091653211
" HA  LYS A   4 "," HE3 LYS A   4 ",-0.014771290018272
" HA  LYS A   4 "," H   LEU A   5 ",-1.86334423947678
" HA  LYS A   4 "," HA  LEU A   5 ",-0.0297547246333479
" HA  LYS A   4 "," HB2 LEU A   5 ",-0.0231120735140191
" HA  LYS A   4 "," HB3 LEU A   5 ",-0.0338387961317206
" HA  LYS A   4 "," H   THR A  16 ",-0.0214472150490068
" HA  LYS A   4 "," H   THR A  17 ",-0.0136222397473175
" HA  LYS A   4 "," HA  THR A  17 ",-1.03404004197319
" HA  LYS A   4 "," HB  THR A  17 ",-0.0580145062996136
" HA  LYS A   4 "," H   THR A  18 ",-0.0701840336932404
" HA  LYS A   4 "," HZ  PHE A  30 ",-0.0800823580319347
" HA  LYS A   4 "," HA  THR A  51 ",-0.0132868406667047
" HA  LYS A   4 "," H   PHE A  52 ",-0.0125571796704627
" HA  LYS A   4 "," HB2 PHE A  52 ",-0.00774292780210716
" HB2 LYS A   4 "," HB3 LYS A   4 ",-5.96832049966921
" HB2 LYS A   4 "," HG2 LYS A   4 ",-0.542973880465356
" HB2 LYS A   4 "," HG3 LYS A   4 ",-0.506867654995681
" HB2 LYS A   4 "," HD2 LYS A   4 ",-0.0839108696663718
" HB2 LYS A   4 "," HD3 LYS A   4 ",-0.412239207426388
" HB2 LYS A   4 "," HE2 LYS A   4 ",-0.108363732839521
" HB2 LYS A   4 "," HE3 LYS A   4 ",-0.0394992114597311
" HB2 LYS A   4 "," H   LEU A   5 ",-0.0462785870488451
" HB2 LYS A   4 "," HA  THR A  17 ",-0.0317680799410085
" HB2 LYS A   4 "," HB  THR A  17 ",-0.0238373693309574
" HB2 LYS A   4 "," H   THR A  18 ",-0.00825080409667481
" HB2 LYS A   4 "," HB2 LYS A  50 ",-0.00585244421256965
" HB2 LYS A   4 "," HA  THR A  51 ",-0.0474688588263181
" HB2 LYS A   4 "," HG1 THR A  51 ",-0.0337398576791653
" HB2 LYS A   4 "," H   PHE A  52 ",-0.0105945993769667
" HB3 LYS A   4 "," HG2 LYS A   4 ",-0.599675801447644
" HB3 LYS A   4 "," HG3 LYS A   4 ",-0.556548355990304
" HB3 LYS A   4 "," HD2 LYS A   4 ",-0.498662551837406
" HB3 LYS A   4 "," HD3 LYS A   4 ",-0.0629563620170287
" HB3 LYS A   4 "," HE2 LYS A   4 ",-0.0294054197298382
" HB3 LYS A   4 "," HE3 LYS A   4 ",-0.0182396743686555
" HB3 LYS A   4 "," H   LEU A   5 ",-0.0623353153951579
" HB3 LYS A   4 "," HA  LEU A   5 ",-0.0211556711372044
" HB3 LYS A   4 "," H   VAL A   6 ",-0.00869033092095389
" HB3 LYS A   4 "," HA  THR A  17 ",-0.0088644606498535
" HB3 LYS A   4 "," HA  THR A  51 ",-0.293178269331321
" HB3 LYS A   4 "," HB  THR A  51 ",-0.0123202874401965
" HB3 LYS A   4 "," HG1 THR A  51 ",-0.2795717919648
" HB3 LYS A   4 "," H   PHE A  52 ",-0.0769322104095489
" HB3 LYS A   4 "," HB2 PHE A  52 ",-0.00883104605971937
" HG2 LYS A   4 "," HG3 LYS A   4 ",-5.0851435369353
" HG2 LYS A   4 "," HD2 LYS A   4 ",-0.378095127470303
" HG2 LYS A   4 "," HD3 LYS A   4 ",-0.588739183460379
" HG2 LYS A   4 "," HE2 LYS A   4 ",-0.409287591729267
" HG2 LYS A   4 "," HE3 LYS A   4 ",-0.306537780955278
" HG2 LYS A   4 "," H   LEU A   5 ",-0.198461403047057
" HG2 LYS A   4 "," HA  LEU A   5 ",-0.0229273386216208
" HG2 LYS A   4 "," HB3 LEU A   5 ",-0.00684047671336486
" HG2 LYS A   4 "," H   VAL A   6 ",-0.0149665398746807
" HG2 LYS A   4 "," HA  VAL A   6 ",-0.0112073589252213
" HG2 LYS A   4 "," HA  GLU A  15 ",-0.00956496436050927
" HG2 LYS A   4 "," HB3 GLU A  15 ",-0.013699154566619
" HG2 LYS A   4 "," HG2 GLU A  15 ",-0.0265325643410524
" HG2 LYS A   4 "," HG3 GLU A  15 ",-0.00930639773429179
" HG2 LYS A   4 "," H   THR A  16 ",-0.0339762102814208
" HG2 LYS A   4 "," HA  THR A  17 ",-0.0107523326363144
" HG2 LYS A   4 "," HA  THR A  51 ",-0.0104234280269166
" HG2 LYS A   4 "," HG1 THR A  51 ",-0.034628024561208
" HG2 LYS A   4 "," H   PHE A  52 ",-0.00733985270182265
" HG3 LYS A   4 "," HD2 LYS A   4 ",-0.84307898800851
" HG3 LYS A   4 "," HD3 LYS A   4 ",-0.337564654228618
" HG3 LYS A   4 "," HE2 LYS A   4 ",-0.102680626112774
" HG3 LYS A   4 "," HE3 LYS A   4 ",-0.266889438295468
" HG3 LYS A   4 "," H   LEU A   5 ",-0.449863799249995
" HG3 LYS A   4 "," HA  LEU A   5 ",-0.0439663551632231
" HG3 LYS A   4 "," HB3 LEU A   5 ",-0.0110963627925974
" HG3 LYS A   4 "," H   VAL A   6 ",-0.0122866938129633
" HG3 LYS A   4 "," HA  VAL A   6 ",-0.0101468603747125
" HG3 LYS A   4 "," HA  GLU A  15 ",-0.0102544519017563
" HG3 LYS A   4 "," HB2 GLU A  15 ",-0.0104465780818722
" HG3 LYS A   4 "," HB3 GLU A  15 ",-0.0672872828156462
" HG3 LYS A   4 "," HG2 GLU A  15 ",-0.0508695968267296
" HG3 LYS A   4 "," HG3 GLU A  15 ",-0.011795450889653
" HG3 LYS A   4 "," H   THR A  16 ",-0.032100967327958
" HG3 LYS A   4 "," H   THR A  17 ",-0.00693603306741281
" HG3 LYS A   4 "," HA  THR A  17 ",-0.0285345000884861
" HG3 LYS A   4 "," HB  THR A  17 ",-0.0126544028094172
" HG3 LYS A   4 "," HA  THR A  51 ",-0.0167410757077508
" HG3 LYS A   4 "," HG1 THR A  51 ",-0.020149268084988
" HG3 LYS A   4 "," H   PHE A  52 ",-0.0134340175133761
" HD2 LYS A   4 "," HD3 LYS A   4 ",-5.32305150809584
" HD2 LYS A   4 "," HE2 LYS A   4 ",-0.536564242880106
" HD2 LYS A   4 "," HE3 LYS A   4 ",-0.539390456955725
" HD2 LYS A   4 "," H   LEU A   5 ",-0.436370656146617
" HD2 LYS A   4 "," HA  LEU A   5 ",-0.0132796143368726
" HD2 LYS A   4 "," HB3 LEU A   5 ",-0.0105570651092573
" HD2 LYS A   4 "," HA  VAL A   6 ",-0.0098602837700329
" HD2 LYS A   4 "," HA  GLU A  15 ",-0.00857522020548901
" HD2 LYS A   4 "," HB2 GLU A  15 ",-0.0103118503439262
" HD2 LYS A   4 "," HB3 GLU A  15 ",-0.016620931695265
" HD2 LYS A   4 "," HG2 GLU A  15 ",-0.320619160925541
" HD2 LYS A   4 "," HG3 GLU A  15 ",-0.0327497308671316
" HD2 LYS A   4 "," H   THR A  16 ",-0.0673621318082887
" HD2 LYS A   4 "," HA  THR A  16 ",-0.00885322591453077
" HD2 LYS A   4 "," HA  THR A  17 ",-0.0208920114219395
" HD2 LYS A   4 "," HB  THR A  17 ",-0.00801319363306374
" HD2 LYS A   4 "," HA  THR A  51 ",-0.00684978225148782
" HD2 LYS A   4 "," H   PHE A  52 ",-0.00646139060136904
" HD3 LYS A   4 "," HE2 LYS A   4 ",-0.522152050812967
" HD3 LYS A   4 "," HE3 LYS A   4 ",-0.477173616386159
" HD3 LYS A   4 "," H   LEU A   5 ",-0.345701557306621
" HD3 LYS A   4 "," HA  LEU A   5 ",-0.00684571425018966
" HD3 LYS A   4 "," HB3 LEU A   5 ",-0.00629643310796902
" HD3 LYS A   4 "," H   VAL A   6 ",-0.00561942309498363
" HD3 LYS A   4 "," HA  VAL A   6 ",-0.00671679729968842
" HD3 LYS A   4 "," HB  VAL A   6 ",-0.00400523496458273
" HD3 LYS A   4 "," HA  GLU A  15 ",-0.00662286547366149
" HD3 LYS A   4 "," HB3 GLU A  15 ",-0.0083403505669001
" HD3 LYS A   4 "," HG2 GLU A  15 ",-0.137590830414094
" HD3 LYS A   4 "," HG3 GLU A  15 ",-0.0213677174444305
" HD3 LYS A   4 "," H   THR A  16 ",-0.0195333787915794
" HD3 LYS A   4 "," HA  THR A  17 ",-0.0481680827068042
" HD3 LYS A   4 "," HB  THR A  17 ",-0.0166495704192511
" HE2 LYS A   4 "," HE3 LYS A   4 ",-4.43867845123343
" HE2 LYS A   4 "," H   LEU A   5 ",-0.0123321901804927
" HE2 LYS A   4 "," HB2 GLU A  15 ",-0.00983048381446888
" HE2 LYS A   4 "," HB3 GLU A  15 ",-0.0123463995938735
" HE2 LYS A   4 "," HG2 GLU A  15 ",-0.0313017965156773
" HE3 LYS A   4 "," H   LEU A   5 ",-0.0110532750929603
" HE3 LYS A   4 "," HB2 GLU A  15 ",-0.0100615930426088
" HE3 LYS A   4 "," HB3 GLU A  15 ",-0.025670647655366
" HE3 LYS A   4 "," HG2 GLU A  15 ",-0.25456775233444
" HE3 LYS A   4 "," HG3 GLU A  15 ",-0.0200116645699338
" H   LEU A   5 "," HA  LEU A   5 ",-0.305311620328807
" H   LEU A   5 "," HB2 LEU A   5 ",-0.179148506138434
" H   LEU A   5 "," HB3 LEU A   5 ",-0.815065334006992
" H   LEU A   5 "," HG  LEU A   5 ",-0.0342029983581978
" H   LEU A   5 "," H   VAL A   6 ",-0.0337469896820504
" H   LEU A   5 "," HA  VAL A   6 ",-0.0176423991265293
" H   LEU A   5 "," HA  GLU A  15 ",-0.0193441023500632
" H   LEU A   5 "," HB2 GLU A  15 ",-0.00578017636151376
" H   LEU A   5 "," HB3 GLU A  15 ",-0.0280575375624841
" H   LEU A   5 "," HG2 GLU A  15 ",-0.024511891013104
" H   LEU A   5 "," HG3 GLU A  15 ",-0.00827894733756459
" H   LEU A   5 "," H   THR A  16 ",-0.357995274781078
" H   LEU A   5 "," HA  THR A  16 ",-0.0193709607943216
" H   LEU A   5 "," HB  THR A  16 ",-0.0412132341276841
" H   LEU A   5 "," H   THR A  17 ",-0.0161218171036767
" H   LEU A   5 "," HA  THR A  17 ",-0.159894652234195
" H   LEU A   5 "," H   THR A  18 ",-0.0109117753115285
" H   LEU A   5 "," HZ  PHE A  30 ",-0.0411202610864412
" H   LEU A   5 "," H   PHE A  52 ",-0.014136454426802
" H   LEU A   5 "," HB2 PHE A  52 ",-0.0124305627658833
" HA  LEU A   5 "," HB2 LEU A   5 ",-1.25660728608155
" HA  LEU A   5 "," HB3 LEU A   5 ",-0.291695834978186
" HA  LEU A   5 "," HG  LEU A   5 ",-0.194745846296553
" HA  LEU A   5 "," H   VAL A   6 ",-1.87114595495697
" HA  LEU A   5 "," HA  VAL A   6 ",-0.0294661412270283
" HA  LEU A   5 "," HB  VAL A   6 ",-0.0222465821140022
" HA  LEU A   5 "," H   THR A  16 ",-0.0192478434721186
" HA  LEU A   5 "," HB  THR A  16 ",-0.00677209206290628
" HA  LEU A   5 "," HZ  PHE A  30 ",-0.0144739160462793
" HA  LEU A   5 "," HA  THR A  51 ",-0.0154757291064199
" HA  LEU A   5 "," H   PHE A  52 ",-0.188580081450202
" HA  LEU A   5 "," HA  PHE A  52 ",-0.0179274871938524
" HA  LEU A   5 "," HB2 PHE A  52 ",-0.4235624115499
" HA  LEU A   5 "," HB3 PHE A  52 ",-0.216164910390503
" HA  LEU A   5 "," H   THR A  53 ",-0.0112293442039614
" HA  LEU A   5 "," HA  THR A  53 ",-0.0380165046795283
" HB2 LEU A   5 "," HB3 LEU A   5 ",-7.19647851504772
" HB2 LEU A   5 "," HG  LEU A   5 ",-0.30171735691017
" HB2 LEU A   5 "," H   VAL A   6 ",-0.0467923871190924
" HB2 LEU A   5 "," H   THR A  16 ",-0.0202896123372177
" HB2 LEU A   5 "," HB  THR A  16 ",-0.0233084267789751
" HB2 LEU A   5 "," HA  THR A  17 ",-0.0153195536566633
" HB2 LEU A   5 "," HA  PHE A  30 ",-0.0159642651149207
" HB2 LEU A   5 "," HB2 PHE A  30 ",-0.0158501558936377
" HB2 LEU A   5 "," HB3 PHE A  30 ",-0.0662877843262485
" HB2 LEU A   5 "," HZ  PHE A  30 ",-0.108479137970298
" HB2 LEU A   5 "," HZ3 TRP A  43 ",-0.0327760144483695
" HB2 LEU A   5 "," HH2 TRP A  43 ",-0.0108893610965527
" HB2 LEU A   5 "," H   PHE A  52 ",-0.0209789201250376
" HB2 LEU A   5 "," HB2 PHE A  52 ",-0.155475446596728
" HB2 LEU A   5 "," HB3 PHE A  52 ",-0.0853399338237474
" HB3 LEU A   5 "," HG  LEU A   5 ",-0.873109944976239
" HB3 LEU A   5 "," H   VAL A   6 ",-0.0350764953797766
" HB3 LEU A   5 "," HA  VAL A   6 ",-0.0137745038940743
" HB3 LEU A   5 ","HG13 ILE A   7 ",-0.0123813867477832
" HB3 LEU A   5 "," HA  GLU A  15 ",-0.0221663412910639
" HB3 LEU A   5 "," HB3 GLU A  15 ",-0.00693485120101742
" HB3 LEU A   5 "," H   THR A  16 ",-0.316570490929988
" HB3 LEU A   5 "," HA  THR A  16 ",-0.0188246534203166
" HB3 LEU A   5 "," HB  THR A  16 ",-0.813557393944388
" HB3 LEU A   5 "," HG1 THR A  16 ",-0.0101047561877775
" HB3 LEU A   5 "," H   THR A  17 ",-0.0114970933495825
" HB3 LEU A   5 "," HA  THR A  17 ",-0.035558640458348
" HB3 LEU A   5 "," HA  PHE A  30 ",-0.0109076776896825
" HB3 LEU A   5 "," HB3 PHE A  30 ",-0.0181693426277929
" HB3 LEU A   5 "," HZ  PHE A  30 ",-0.0552219626108851
" HB3 LEU A   5 "," HB2 PHE A  52 ",-0.0151156485418436
" HB3 LEU A   5 "," HB3 PHE A  52 ",-0.00889131494635218
" HG  LEU A   5 "," H   VAL A   6 ",-0.24309105083206
" HG  LEU A   5 "," HA  VAL A   6 ",-0.0663644941911624
" HG  LEU A   5 "," HB  VAL A   6 ",-0.00943211938771145
" HG  LEU A   5 "," H   ILE A   7 ",-0.0422276699115328
" HG  LEU A   5 "," HA  ILE A   7 ",-0.0215870218703226
" HG  LEU A   5 "," HB  ILE A   7 ",-0.00957867052010576
" HG  LEU A   5 ","HG12 ILE A   7 ",-0.0482087065247467
" HG  LEU A   5 ","HG13 ILE A   7 ",-0.294247870083016
" HG  LEU A   5 "," HA  GLU A  15 ",-0.0497732662172921
" HG  LEU A   5 "," HG3 GLU A  15 ",-0.00572418285817769
" HG  LEU A   5 "," H   THR A  16 ",-0.0571620767735413
" HG  LEU A   5 "," HB  THR A  16 ",-0.042257773990326
" HG  LEU A   5 "," HB3 PHE A  30 ",-0.0168879968644409
" HG  LEU A   5 "," HZ3 TRP A  43 ",-0.0113670557347508
" HG  LEU A   5 "," HH2 TRP A  43 ",-0.0133093872862495
" HG  LEU A   5 "," HB3 PHE A  52 ",-0.0110851221384985
" HG  LEU A   5 "," HA  THR A  53 ",-0.0147358562254801
" HG  LEU A   5 "," H   VAL A  54 ",-0.0138642937181549
" HG  LEU A   5 "," HB  VAL A  54 ",-0.014970084674445
" H   VAL A   6 "," HA  VAL A   6 ",-0.3077715123163
" H   VAL A   6 "," HB  VAL A   6 ",-0.665879961674942
" H   VAL A   6 "," H   ILE A   7 ",-0.0316897029747786
" H   VAL A   6 "," HA  ILE A   7 ",-0.015666705368944
" H   VAL A   6 ","HG13 ILE A   7 ",-0.0211638244896157
" H   VAL A   6 "," HG3 GLU A  15 ",-0.0090709772629293
" H   VAL A   6 "," H   THR A  16 ",-0.0128850608281815
" H   VAL A   6 "," H   PHE A  52 ",-0.0472637138877876
" H   VAL A   6 "," HA  PHE A  52 ",-0.0114554832573811
" H   VAL A   6 "," HB2 PHE A  52 ",-0.0488051169136133
" H   VAL A   6 "," HB3 PHE A  52 ",-0.029454912741726
" H   VAL A   6 "," H   THR A  53 ",-0.0172399385657265
" H   VAL A   6 "," HA  THR A  53 ",-0.408970190150694
" H   VAL A   6 "," HG1 THR A  53 ",-0.0154900579511312
" H   VAL A   6 "," H   VAL A  54 ",-0.0616084524734218
" HA  VAL A   6 "," HB  VAL A   6 ",-0.28463978642318
" HA  VAL A   6 "," H   ILE A   7 ",-1.92406152000779
" HA  VAL A   6 "," HA  ILE A   7 ",-0.0305043819938884
" HA  VAL A   6 "," HB  ILE A   7 ",-0.0222732810479746
" HA  VAL A   6 ","HG12 ILE A   7 ",-0.0105963241096546
" HA  VAL A   6 ","HG13 ILE A   7 ",-0.0788112122671249
" HA  VAL A   6 "," H   GLY A  14 ",-0.0132645827586844
" HA  VAL A   6 "," HA  GLU A  15 ",-0.467978279725155
" HA  VAL A   6 "," HB2 GLU A  15 ",-0.0203097244612931
" HA  VAL A   6 "," HB3 GLU A  15 ",-0.0404857526006082
" HA  VAL A   6 "," HG2 GLU A  15 ",-0.104032218541625
" HA  VAL A   6 "," HG3 GLU A  15 ",-0.828188401936829
" HA  VAL A   6 "," H   THR A  16 ",-0.0750563844764134
" HA  VAL A   6 "," HB  THR A  16 ",-0.00543721410848552
" HA  VAL A   6 "," HA  THR A  53 ",-0.0147186055648641
" HB  VAL A   6 "," H   ILE A   7 ",-0.0453615974486573
" HB  VAL A   6 "," HA  ILE A   7 ",-0.0167422359895647
" HB  VAL A   6 "," H   ASN A   8 ",-0.0118140729180325
" HB  VAL A   6 "," HB2 ASN A   8 ",-0.0130101066252651
" HB  VAL A   6 "," HG3 GLU A  15 ",-0.0121380348895904
" HB  VAL A   6 "," HA  THR A  53 ",-0.368274618331716
" HB  VAL A   6 "," HB  THR A  53 ",-0.0129959869063352
" HB  VAL A   6 "," HG1 THR A  53 ",-0.0324082161679507
" HB  VAL A   6 "," H   VAL A  54 ",-0.0522104414311298
" H   ILE A   7 "," HA  ILE A   7 ",-0.321314246245618
" H   ILE A   7 "," HB  ILE A   7 ",-0.81709830461507
" H   ILE A   7 ","HG12 ILE A   7 ",-0.0584934713723214
" H   ILE A   7 ","HG13 ILE A   7 ",-0.640052239912571
" H   ILE A   7 "," H   ASN A   8 ",-0.0345026311760607
" H   ILE A   7 "," HA  ASN A   8 ",-0.0135422131145681
" H   ILE A   7 "," HA  LYS A  13 ",-0.0252290263494276
" H   ILE A   7 "," H   GLY A  14 ",-0.177951016895495
" H   ILE A   7 "," HA2 GLY A  14 ",-0.0131458054405309
" H   ILE A   7 "," HA3 GLY A  14 ",-0.0174304351605778
" H   ILE A   7 "," H   GLU A  15 ",-0.0135903930683261
" H   ILE A   7 "," HA  GLU A  15 ",-0.280678370281954
" H   ILE A   7 "," HB2 GLU A  15 ",-0.010205843321932
" H   ILE A   7 "," HB3 GLU A  15 ",-0.00895341906740973
" H   ILE A   7 "," HG2 GLU A  15 ",-0.0310938755334415
" H   ILE A   7 "," HG3 GLU A  15 ",-0.0449390445791858
" H   ILE A   7 "," H   THR A  16 ",-0.0140986288536739
" H   ILE A   7 "," H   VAL A  54 ",-0.0121134044623966
" HA  ILE A   7 "," HB  ILE A   7 ",-0.287427641862364
" HA  ILE A   7 ","HG12 ILE A   7 ",-0.52441479107897
" HA  ILE A   7 ","HG13 ILE A   7 ",-0.502051330784578
" HA  ILE A   7 "," H   ASN A   8 ",-1.84980453410042
" HA  ILE A   7 "," HA  ASN A   8 ",-0.0298209188887821
" HA  ILE A   7 "," HB2 ASN A   8 ",-0.0309430606571082
" HA  ILE A   7 "," H   GLY A   9 ",-0.0352304874458054
" HA  ILE A   7 "," HA  LYS A  13 ",-0.0115177850836892
" HA  ILE A   7 "," H   GLY A  14 ",-0.0159715077777798
" HA  ILE A   7 "," HA  THR A  53 ",-0.0173405756911876
" HA  ILE A   7 "," H   VAL A  54 ",-0.202541624064267
" HA  ILE A   7 "," HB  VAL A  54 ",-0.106520636175381
" HA  ILE A   7 "," HA  THR A  55 ",-0.0138009713556789
" HB  ILE A   7 ","HG12 ILE A   7 ",-0.311685818468812
" HB  ILE A   7 ","HG13 ILE A   7 ",-0.678666521724771
" HB  ILE A   7 "," H   ASN A   8 ",-0.0344870227881461
" HB  ILE A   7 "," HA  ASN A   8 ",-0.017526179252647
" HB  ILE A   7 "," H   GLY A   9 ",-0.0375636093181675
" HB  ILE A   7 "," HB3 LEU A  12 ",-0.0113109059704148
" HB  ILE A   7 "," HG  LEU A  12 ",-0.0510078043036
" HB  ILE A   7 "," H   LYS A  13 ",-0.010965705512503
" HB  ILE A   7 "," HA  LYS A  13 ",-0.243784571116106
" HB  ILE A   7 "," HB3 LYS A  13 ",-0.0103926559319032
" HB  ILE A   7 "," HG2 LYS A  13 ",-0.0112284090384984
" HB  ILE A   7 "," H   GLY A  14 ",-0.615390117448285
" HB  ILE A   7 "," HA2 GLY A  14 ",-0.0188602972210423
" HB  ILE A   7 "," HA3 GLY A  14 ",-0.0659415453519321
" HB  ILE A   7 "," H   GLU A  15 ",-0.0116558735858326
" HB  ILE A   7 "," HA  GLU A  15 ",-0.023771924288181
"HG12 ILE A   7 ","HG13 ILE A   7 ",-6.66528543450306
"HG12 ILE A   7 "," H   ASN A   8 ",-0.022039807754835
"HG12 ILE A   7 "," HG  LEU A  12 ",-0.0111426917875213
"HG12 ILE A   7 "," HA  ALA A  34 ",-0.0204719398348623
"HG12 ILE A   7 "," HB  VAL A  39 ",-0.0164600658647339
"HG12 ILE A   7 "," HH2 TRP A  43 ",-0.00736126308242113
"HG12 ILE A   7 "," H   VAL A  54 ",-0.0121204092246958
"HG12 ILE A   7 "," HB  VAL A  54 ",-0.0476144852441425
"HG13 ILE A   7 "," H   ASN A   8 ",-0.0165667739903918
"HG13 ILE A   7 "," H   GLY A  14 ",-0.0238284609548326
"HG13 ILE A   7 "," HA3 GLY A  14 ",-0.0123442570708737
"HG13 ILE A   7 "," HA  GLU A  15 ",-0.0404487371700929
"HG13 ILE A   7 "," H   THR A  16 ",-0.0121013549261972
"HG13 ILE A   7 "," HB  THR A  16 ",-0.00788174007141972
"HG13 ILE A   7 "," H   VAL A  54 ",-0.0145810999233232
"HG13 ILE A   7 "," HB  VAL A  54 ",-0.0139337290518395
" H   ASN A   8 "," HA  ASN A   8 ",-0.31109658694014
" H   ASN A   8 "," HB2 ASN A   8 ",-0.972961444832845
" H   ASN A   8 "," HB3 ASN A   8 ",-0.155500195803088
" H   ASN A   8 ","HD21 ASN A   8 ",-0.0183965589665663
" H   ASN A   8 "," H   GLY A   9 ",-0.144580656051416
" H   ASN A   8 "," HA2 GLY A   9 ",-0.0222408227241592
" H   ASN A   8 "," HA3 GLY A   9 ",-0.0143706946596072
" H   ASN A   8 "," HA  LYS A  13 ",-0.0112318003551982
" H   ASN A   8 "," HG2 LYS A  13 ",-0.00766950577061084
" H   ASN A   8 "," HG3 LYS A  13 ",-0.00513513077912929
" H   ASN A   8 "," H   GLY A  14 ",-0.00837949949866389
" H   ASN A   8 "," HA  THR A  53 ",-0.00967069293230946
" H   ASN A   8 "," H   VAL A  54 ",-0.12138720273409
" H   ASN A   8 "," HB  VAL A  54 ",-0.0209542311461425
" H   ASN A   8 "," H   THR A  55 ",-0.0131615341923516
" H   ASN A   8 "," HA  THR A  55 ",-0.145094867019195
" H   ASN A   8 "," HG1 THR A  55 ",-0.00775957477872443
" H   ASN A   8 "," H   GLU A  56 ",-0.0233724252880497
" H   ASN A   8 "," HB2 GLU A  56 ",-0.00633059920194178
" HA  ASN A   8 "," HB2 ASN A   8 ",-0.34450618861433
" HA  ASN A   8 "," HB3 ASN A   8 ",-0.477039249864476
" HA  ASN A   8 ","HD21 ASN A   8 ",-1.23570147421671
" HA  ASN A   8 ","HD22 ASN A   8 ",-0.106058074571959
" HA  ASN A   8 "," H   GLY A   9 ",-0.810382042482509
" HA  ASN A   8 "," HA2 GLY A   9 ",-0.0242906698122921
" HA  ASN A   8 "," HA3 GLY A   9 ",-0.0203186785538904
" HA  ASN A   8 "," HA  LYS A  13 ",-0.0927535296056247
" HA  ASN A   8 "," HB2 LYS A  13 ",-0.00920727309805488
" HA  ASN A   8 "," HB3 LYS A  13 ",-0.0251198547227173
" HA  ASN A   8 "," HG2 LYS A  13 ",-0.687540040654253
" HA  ASN A   8 "," HG3 LYS A  13 ",-0.36389583083737
" HA  ASN A   8 "," HD2 LYS A  13 ",-0.0160117622853766
" HA  ASN A   8 "," HD3 LYS A  13 ",-0.0466068126864023
" HA  ASN A   8 "," HE2 LYS A  13 ",-0.107046661422812
" HA  ASN A   8 "," HE3 LYS A  13 ",-0.169216793753693
" HA  ASN A   8 "," H   GLY A  14 ",-0.0265102831837132
" HA  ASN A   8 "," HA  THR A  55 ",-0.0132896397650249
" HB2 ASN A   8 "," HB3 ASN A   8 ",-4.94670643935933
" HB2 ASN A   8 ","HD21 ASN A   8 ",-0.0727864766265121
" HB2 ASN A   8 ","HD22 ASN A   8 ",-0.0315122345907422
" HB2 ASN A   8 "," H   GLY A   9 ",-0.0227065043887659
" HB2 ASN A   8 "," HG2 LYS A  13 ",-0.0062524700727796
" HB2 ASN A   8 "," HE3 LYS A  13 ",-0.0105183172455242
" HB2 ASN A   8 "," H   VAL A  54 ",-0.0251523207351235
" HB2 ASN A   8 "," H   THR A  55 ",-0.0102075003668208
" HB2 ASN A   8 "," HA  THR A  55 ",-0.275764824080986
" HB2 ASN A   8 "," HB  THR A  55 ",-0.00858740416626018
" HB2 ASN A   8 "," HG1 THR A  55 ",-0.0248342232357213
" HB2 ASN A   8 "," H   GLU A  56 ",-0.0177883487021811
" HB3 ASN A   8 ","HD21 ASN A   8 ",-0.504894986532068
" HB3 ASN A   8 ","HD22 ASN A   8 ",-0.0663746601136257
" HB3 ASN A   8 "," H   GLY A   9 ",-0.0332270309969828
" HB3 ASN A   8 "," HA2 GLY A   9 ",-0.020899521887157
" HB3 ASN A   8 "," HG2 LYS A  13 ",-0.0154916782085224
" HB3 ASN A   8 "," HG3 LYS A  13 ",-0.0105102938739456
" HB3 ASN A   8 "," HE2 LYS A  13 ",-0.0276696651333622
" HB3 ASN A   8 "," HE3 LYS A  13 ",-0.0957391710622571
" HB3 ASN A   8 "," H   VAL A  54 ",-0.00658629065147813
" HB3 ASN A   8 "," H   THR A  55 ",-0.00635890327385824
" HB3 ASN A   8 "," HA  THR A  55 ",-0.125337291955118
" HB3 ASN A   8 "," HB  THR A  55 ",-0.0106634084177495
" HB3 ASN A   8 "," HG1 THR A  55 ",-0.0265405652063612
" HB3 ASN A   8 "," H   GLU A  56 ",-0.0222501124293309
"HD21 ASN A   8 ","HD22 ASN A   8 ",-6.62221021982762
"HD21 ASN A   8 "," H   GLY A   9 ",-0.0294354652893249
"HD21 ASN A   8 "," HA2 GLY A   9 ",-0.0104840588638529
"HD21 ASN A   8 "," HA  LYS A  13 ",-0.00808569527820377
"HD21 ASN A   8 "," HB3 LYS A  13 ",-0.0113026385707251
"HD21 ASN A   8 "," HG2 LYS A  13 ",-0.443976758660625
"HD21 ASN A   8 "," HG3 LYS A  13 ",-0.0350781094835974
"HD21 ASN A   8 "," HD2 LYS A  13 ",-0.0122861548317294
"HD21 ASN A   8 "," HD3 LYS A  13 ",-0.0494012594695287
"HD21 ASN A   8 "," HE2 LYS A  13 ",-0.778076755446976
"HD21 ASN A   8 "," HE3 LYS A  13 ",-0.272053529102064
"HD21 ASN A   8 "," H   GLY A  14 ",-0.0043807162707618
"HD21 ASN A   8 "," HA  THR A  55 ",-0.00747633588400938
"HD22 ASN A   8 "," HG2 LYS A  13 ",-0.035136542386129
"HD22 ASN A   8 "," HG3 LYS A  13 ",-0.00469300056796938
"HD22 ASN A   8 "," HD3 LYS A  13 ",-0.0183634210420377
"HD22 ASN A   8 "," HE2 LYS A  13 ",-0.0759414944236743
"HD22 ASN A   8 "," HE3 LYS A  13 ",-0.0184916320016325
" H   GLY A   9 "," HA2 GLY A   9 ",-0.340752058630169
" H   GLY A   9 "," HA3 GLY A   9 ",-1.2970392269863
" H   GLY A   9 "," H   LYS A  10 ",-0.0251285299401059
" H   GLY A   9 "," H   THR A  11 ",-0.0119235323476176
" H   GLY A   9 "," H   LEU A  12 ",-0.0289526029846758
" H   GLY A   9 "," HB3 LEU A  12 ",-0.0400624894774854
" H   GLY A   9 "," HG  LEU A  12 ",-0.0177937406491323
" H   GLY A   9 "," H   LYS A  13 ",-0.0119589994192915
" H   GLY A   9 "," HA  LYS A  13 ",-0.421840047001737
" H   GLY A   9 "," HB2 LYS A  13 ",-0.0125214039201015
" H   GLY A   9 "," HB3 LYS A  13 ",-0.0136871764127486
" H   GLY A   9 "," HG2 LYS A  13 ",-0.171644753914135
" H   GLY A   9 "," HG3 LYS A  13 ",-0.434553835699783
" H   GLY A   9 "," HD2 LYS A  13 ",-0.0119660481100874
" H   GLY A   9 "," HD3 LYS A  13 ",-0.0128008750077093
" H   GLY A   9 "," HE2 LYS A  13 ",-0.0192959607073467
" H   GLY A   9 "," HE3 LYS A  13 ",-0.0351435318966725
" H   GLY A   9 "," H   GLY A  14 ",-0.0230450314572946
" H   GLY A   9 "," HA  THR A  55 ",-0.0147493284684253
" H   GLY A   9 "," H   GLU A  56 ",-0.0118963841610746
" H   GLY A   9 "," HB2 GLU A  56 ",-0.0086289621614614
" H   GLY A   9 "," HG3 GLU A  56 ",-0.00956013836033919
" HA2 GLY A   9 "," HA3 GLY A   9 ",-7.42443217343678
" HA2 GLY A   9 "," H   LYS A  10 ",-0.877575922737255
" HA2 GLY A   9 "," HA  LYS A  10 ",-0.0333898554924836
" HA2 GLY A   9 "," HB2 LYS A  10 ",-0.0288556872752057
" HA2 GLY A   9 "," H   THR A  11 ",-0.0377941102681579
" HA2 GLY A   9 "," H   LEU A  12 ",-0.0197197579563098
" HA2 GLY A   9 "," HG3 LYS A  13 ",-0.00995835286096915
" HA2 GLY A   9 "," HA  THR A  55 ",-0.0668033009442625
" HA2 GLY A   9 "," H   GLU A  56 ",-0.422165879225658
" HA2 GLY A   9 "," HA  GLU A  56 ",-0.0174676872174014
" HA2 GLY A   9 "," HB2 GLU A  56 ",-0.300084650266099
" HA2 GLY A   9 "," HB3 GLU A  56 ",-0.133891577251686
" HA2 GLY A   9 "," HG2 GLU A  56 ",-0.109806617523464
" HA2 GLY A   9 "," HG3 GLU A  56 ",-0.310791893343913
" HA3 GLY A   9 "," H   LYS A  10 ",-0.662928404892644
" HA3 GLY A   9 "," HA  LYS A  10 ",-0.0225257976782218
" HA3 GLY A   9 "," HB2 LYS A  10 ",-0.0169280381798594
" HA3 GLY A   9 "," H   THR A  11 ",-0.14152714447024
" HA3 GLY A   9 "," H   LEU A  12 ",-0.178789001514391
" HA3 GLY A   9 "," HA  LEU A  12 ",-0.0102298103061973
" HA3 GLY A   9 "," HB2 LEU A  12 ",-0.016814057573919
" HA3 GLY A   9 "," HB3 LEU A  12 ",-0.115925613039909
" HA3 GLY A   9 "," HG  LEU A  12 ",-0.0171256598323997
" HA3 GLY A   9 "," HA  LYS A  13 ",-0.0193200719011625
" HA3 GLY A   9 "," HG2 LYS A  13 ",-0.0141484514744183
" HA3 GLY A   9 "," HG3 LYS A  13 ",-0.0200386821983565
" HA3 GLY A   9 "," HA  THR A  55 ",-0.011115776168857
" HA3 GLY A   9 "," H   GLU A  56 ",-0.0291154915619497
" HA3 GLY A   9 "," HB2 GLU A  56 ",-0.0525881623978409
" HA3 GLY A   9 "," HB3 GLU A  56 ",-0.0201082693149229
" HA3 GLY A   9 "," HG2 GLU A  56 ",-0.0403600960243087
" HA3 GLY A   9 "," HG3 GLU A  56 ",-0.156384802034045
" H   LYS A  10 "," HA  LYS A  10 ",-0.378431834196769
" H   LYS A  10 "," HB2 LYS A  10 ",-1.8496191637973
" H   LYS A  10 "," HB3 LYS A  10 ",-0.332700912940708
" H   LYS A  10 "," HG2 LYS A  10 ",-0.0209873090513394
" H   LYS A  10 "," HG3 LYS A  10 ",-0.0347567822738719
" H   LYS A  10 "," HD2 LYS A  10 ",-0.0409656335335941
" H   LYS A  10 "," HD3 LYS A  10 ",-0.0252402074967676
" H   LYS A  10 "," H   THR A  11 ",-0.683800806040909
" H   LYS A  10 "," H   LEU A  12 ",-0.0474663932515992
" H   LYS A  10 "," HB2 LEU A  12 ",-0.00609239040805668
" H   LYS A  10 "," HB3 LEU A  12 ",-0.0127070366598633
" H   LYS A  10 "," H   GLU A  56 ",-0.0176649217194452
" H   LYS A  10 "," HB2 GLU A  56 ",-0.243251002308267
" H   LYS A  10 "," HB3 GLU A  56 ",-0.0702722506855372
" H   LYS A  10 "," HG2 GLU A  56 ",-0.0275424644158707
" H   LYS A  10 "," HG3 GLU A  56 ",-0.41722258126195
" HA  LYS A  10 "," HB2 LYS A  10 ",-0.542136264620292
" HA  LYS A  10 "," HB3 LYS A  10 ",-0.302212942518452
" HA  LYS A  10 "," HG2 LYS A  10 ",-0.144398841606827
" HA  LYS A  10 "," HG3 LYS A  10 ",-1.81040586632368
" HA  LYS A  10 "," HD2 LYS A  10 ",-0.229717807805116
" HA  LYS A  10 "," HD3 LYS A  10 ",-0.0471235793218481
" HA  LYS A  10 "," HE2 LYS A  10 ",-0.011328581436304
" HA  LYS A  10 "," HE3 LYS A  10 ",-0.0327539830688729
" HA  LYS A  10 "," H   THR A  11 ",-0.114979061489236
" HA  LYS A  10 "," HA  THR A  11 ",-0.0240564236078845
" HA  LYS A  10 "," H   LEU A  12 ",-0.0144261658916801
" HA  LYS A  10 "," HD2 LYS A  13 ",-0.0117664956312354
" HA  LYS A  10 "," HE2 LYS A  13 ",-0.00765364048573044
" HA  LYS A  10 "," HE3 LYS A  13 ",-0.0178545781308753
" HA  LYS A  10 "," HB2 GLU A  56 ",-0.00869007561728079
" HA  LYS A  10 "," HG3 GLU A  56 ",-0.00529915937446886
" HB2 LYS A  10 "," HB3 LYS A  10 ",-6.94454175715831
" HB2 LYS A  10 "," HG2 LYS A  10 ",-0.463337143972985
" HB2 LYS A  10 "," HG3 LYS A  10 ",-0.452006608465559
" HB2 LYS A  10 "," HD2 LYS A  10 ",-1.0680796611969
" HB2 LYS A  10 "," HD3 LYS A  10 ",-0.970753031137594
" HB2 LYS A  10 "," HE2 LYS A  10 ",-0.0319934889166509
" HB2 LYS A  10 "," HE3 LYS A  10 ",-0.0338015291848675
" HB2 LYS A  10 "," H   THR A  11 ",-0.112977683298145
" HB2 LYS A  10 "," HB2 GLU A  56 ",-0.0513566320626007
" HB2 LYS A  10 "," HB3 GLU A  56 ",-0.038798402235853
" HB2 LYS A  10 "," HG3 GLU A  56 ",-0.0238852251124287
" HB3 LYS A  10 "," HG2 LYS A  10 ",-1.45938486697289
" HB3 LYS A  10 "," HG3 LYS A  10 ",-0.457597393883661
" HB3 LYS A  10 "," HD2 LYS A  10 ",-0.115123140647079
" HB3 LYS A  10 "," HD3 LYS A  10 ",-0.176489550998489
" HB3 LYS A  10 "," HE2 LYS A  10 ",-0.0201414263449425
" HB3 LYS A  10 "," HE3 LYS A  10 ",-0.0223011064343169
" HB3 LYS A  10 "," H   THR A  11 ",-0.865273586097067
" HB3 LYS A  10 "," HA  THR A  11 ",-0.0322721746389278
" HB3 LYS A  10 "," HB  THR A  11 ",-0.0159962769544899
" HB3 LYS A  10 "," HG1 THR A  11 ",-0.0189028430009685
" HB3 LYS A  10 "," H   LEU A  12 ",-0.0139966025362398
" HB3 LYS A  10 "," HB2 GLU A  56 ",-0.00834743823538344
" HB3 LYS A  10 "," HB3 GLU A  56 ",-0.00897050194802445
" HB3 LYS A  10 "," HG3 GLU A  56 ",-0.013020994645462
" HG2 LYS A  10 "," HG3 LYS A  10 ",-6.70629289182919
" HG2 LYS A  10 "," HD2 LYS A  10 ",-0.281411207097153
" HG2 LYS A  10 "," HD3 LYS A  10 ",-0.950880012414535
" HG2 LYS A  10 "," HE2 LYS A  10 ",-0.408734311491022
" HG2 LYS A  10 "," HE3 LYS A  10 ",-0.559296124224096
" HG2 LYS A  10 "," H   THR A  11 ",-0.0216541899085848
" HG2 LYS A  10 "," HA  THR A  11 ",-0.00915331247992235
" HG2 LYS A  10 "," HG1 THR A  11 ",-0.00697323234461093
" HG3 LYS A  10 "," HD2 LYS A  10 ",-0.866189088321288
" HG3 LYS A  10 "," HD3 LYS A  10 ",-0.270134484980318
" HG3 LYS A  10 "," HE2 LYS A  10 ",-0.109466201458847
" HG3 LYS A  10 "," HE3 LYS A  10 ",-1.27948230801953
" HG3 LYS A  10 "," H   THR A  11 ",-0.0219602738458538
" HG3 LYS A  10 "," HG1 THR A  11 ",-0.00383728773688103
" HD2 LYS A  10 "," HD3 LYS A  10 ",-5.2403825308016
" HD2 LYS A  10 "," HE2 LYS A  10 ",-0.289699355956131
" HD2 LYS A  10 "," HE3 LYS A  10 ",-0.486881312681924
" HD2 LYS A  10 "," HB2 GLU A  56 ",-0.0145670262381627
" HD2 LYS A  10 "," HB3 GLU A  56 ",-0.0111630480058852
" HD3 LYS A  10 "," HE2 LYS A  10 ",-1.11358437719626
" HD3 LYS A  10 "," HE3 LYS A  10 ",-0.344522841336501
" HE2 LYS A  10 "," HE3 LYS A  10 ",-4.14433817386685
" H   THR A  11 "," HA  THR A  11 ",-0.27652032213749
" H   THR A  11 "," HB  THR A  11 ",-0.129045224779143
" H   THR A  11 "," HG1 THR A  11 ",-0.0784667209392235
" H   THR A  11 "," H   LEU A  12 ",-1.53911396582772
" H   THR A  11 "," HA  LEU A  12 ",-0.018343469225176
" H   THR A  11 "," HB2 LEU A  12 ",-0.0294566286483178
" H   THR A  11 "," HB3 LEU A  12 ",-0.0319544324908213
" H   THR A  11 "," HG3 LYS A  13 ",-0.00814018943868631
" H   THR A  11 "," HG3 GLU A  56 ",-0.0302363247163537
" HA  THR A  11 "," HB  THR A  11 ",-0.722970175561488
" HA  THR A  11 "," HG1 THR A  11 ",-0.0437377944489896
" HA  THR A  11 "," H   LEU A  12 ",-0.196446514299457
" HA  THR A  11 "," HA  LEU A  12 ",-0.0258182947081334
" HA  THR A  11 "," HB2 LEU A  12 ",-0.00905954105149889
" HA  THR A  11 "," HG2 LYS A  13 ",-0.0070199293050591
" HA  THR A  11 "," HG3 LYS A  13 ",-0.0116210617391598
" HB  THR A  11 "," HG1 THR A  11 ",-1.43147756112854
" HB  THR A  11 "," H   LEU A  12 ",-0.0807300771759406
" HB  THR A  11 "," HA  LEU A  12 ",-0.0261567847254372
" HB  THR A  11 "," HB2 LEU A  12 ",-0.0261162081782224
" HB  THR A  11 "," HB3 LEU A  12 ",-0.00911635281749586
" HG1 THR A  11 "," H   LEU A  12 ",-0.478637117635447
" HG1 THR A  11 "," HA  LEU A  12 ",-0.0287251518280914
" HG1 THR A  11 "," HB2 LEU A  12 ",-0.110983663557675
" HG1 THR A  11 "," HB3 LEU A  12 ",-0.0526634104220793
" H   LEU A  12 "," HA  LEU A  12 ",-0.280993782233819
" H   LEU A  12 "," HB2 LEU A  12 ",-0.347163229532411
" H   LEU A  12 "," HB3 LEU A  12 ",-0.650445853238675
" H   LEU A  12 "," HG  LEU A  12 ",-0.0264644258231786
" H   LEU A  12 "," H   LYS A  13 ",-0.0322275898512847
" H   LEU A  12 "," HA  LYS A  13 ",-0.0130079296673287
" H   LEU A  12 "," HG2 LYS A  13 ",-0.0453238232461857
" H   LEU A  12 "," HG3 LYS A  13 ",-0.0181625709409521
" H   LEU A  12 "," HE3 LYS A  13 ",-0.0108309313892613
" H   LEU A  12 "," HG3 GLU A  56 ",-0.00994066496730399
" HA  LEU A  12 "," HB2 LEU A  12 ",-0.927599787877234
" HA  LEU A  12 "," HB3 LEU A  12 ",-0.287337571953431
" HA  LEU A  12 "," HG  LEU A  12 ",-0.195881098354345
" HA  LEU A  12 "," H   LYS A  13 ",-2.22308779893595
" HA  LEU A  12 "," HA  LYS A  13 ",-0.0301080552480394
" HA  LEU A  12 "," HB2 LYS A  13 ",-0.0282923288489033
" HA  LEU A  12 "," HG2 LYS A  13 ",-0.0195130517611516
" HA  LEU A  12 "," HG3 LYS A  13 ",-0.0203701552894236
" HB2 LEU A  12 "," HB3 LEU A  12 ",-6.54574330371746
" HB2 LEU A  12 "," HG  LEU A  12 ",-0.26224513164656
" HB2 LEU A  12 "," H   LYS A  13 ",-0.0347299952989917
" HB2 LEU A  12 "," HB3 ASN A  37 ",-0.0179110151034029
" HB3 LEU A  12 "," HG  LEU A  12 ",-0.997748840189731
" HB3 LEU A  12 "," H   LYS A  13 ",-0.0387808480922892
" HB3 LEU A  12 "," HA  LYS A  13 ",-0.0200071953599526
" HB3 LEU A  12 "," HG2 LYS A  13 ",-0.0079953121516052
" HB3 LEU A  12 "," H   GLY A  14 ",-0.0062249843945667
" HB3 LEU A  12 "," HB3 ASN A  37 ",-0.0160447892622733
" HB3 LEU A  12 "," HB  VAL A  39 ",-0.00724772965924142
" HG  LEU A  12 "," H   LYS A  13 ",-0.156286206479461
" HG  LEU A  12 "," HA  LYS A  13 ",-0.0567039814127219
" HG  LEU A  12 "," H   GLY A  14 ",-0.051591253237942
" HG  LEU A  12 "," HA3 GLY A  14 ",-0.0168432637304303
" HG  LEU A  12 "," HB3 ASN A  37 ",-0.0324889223862443
" HG  LEU A  12 "," HB  VAL A  39 ",-0.00787836345889632
" H   LYS A  13 "," HA  LYS A  13 ",-0.313851828861699
" H   LYS A  13 "," HB2 LYS A  13 ",-0.493351362588455
" H   LYS A  13 "," HB3 LYS A  13 ",-0.0846101047865223
" H   LYS A  13 "," HG2 LYS A  13 ",-0.0817088576998039
" H   LYS A  13 "," HG3 LYS A  13 ",-0.0911489053843793
" H   LYS A  13 "," HD2 LYS A  13 ",-0.0125008915198393
" H   LYS A  13 "," HD3 LYS A  13 ",-0.010846112820246
" H   LYS A  13 "," H   GLY A  14 ",-0.051403400545539
" H   LYS A  13 "," HA2 GLY A  14 ",-0.0135143408121599
" H   LYS A  13 "," HA3 GLY A  14 ",-0.0192433850012956
" HA  LYS A  13 "," HB2 LYS A  13 ",-0.297938197603847
" HA  LYS A  13 "," HB3 LYS A  13 ",-0.828030433746312
" HA  LYS A  13 "," HG2 LYS A  13 ",-0.666581244487191
" HA  LYS A  13 "," HG3 LYS A  13 ",-0.406000887031819
" HA  LYS A  13 "," HD2 LYS A  13 ",-0.0265997654140708
" HA  LYS A  13 "," HD3 LYS A  13 ",-0.0496093496175816
" HA  LYS A  13 "," HE2 LYS A  13 ",-0.0141550425968113
" HA  LYS A  13 "," HE3 LYS A  13 ",-0.0374944657451962
" HA  LYS A  13 "," H   GLY A  14 ",-1.56032618357891
" HA  LYS A  13 "," HA2 GLY A  14 ",-0.0289244730689601
" HA  LYS A  13 "," HA3 GLY A  14 ",-0.0307303880173814
" HB2 LYS A  13 "," HB3 LYS A  13 ",-5.42108144074732
" HB2 LYS A  13 "," HG2 LYS A  13 ",-0.207953403466511
" HB2 LYS A  13 "," HG3 LYS A  13 ",-0.871962975464679
" HB2 LYS A  13 "," HD2 LYS A  13 ",-0.320377988477958
" HB2 LYS A  13 "," HD3 LYS A  13 ",-0.430430777202823
" HB2 LYS A  13 "," HE2 LYS A  13 ",-0.0187802136971836
" HB2 LYS A  13 "," HE3 LYS A  13 ",-0.0308862784262653
" HB2 LYS A  13 "," H   GLY A  14 ",-0.0408968780165126
" HB2 LYS A  13 "," HA2 GLY A  14 ",-0.0174680893466017
" HB2 LYS A  13 "," HA3 GLY A  14 ",-0.00839723642161622
" HB3 LYS A  13 "," HG2 LYS A  13 ",-0.513636881717347
" HB3 LYS A  13 "," HG3 LYS A  13 ",-0.208517781543777
" HB3 LYS A  13 "," HD2 LYS A  13 ",-0.358608119335336
" HB3 LYS A  13 "," HD3 LYS A  13 ",-1.09923339465605
" HB3 LYS A  13 "," HE2 LYS A  13 ",-0.0535094113258031
" HB3 LYS A  13 "," HE3 LYS A  13 ",-0.0625053894164898
" HB3 LYS A  13 "," H   GLY A  14 ",-0.157881000142707
" HB3 LYS A  13 "," HA2 GLY A  14 ",-0.0369199105087078
" HB3 LYS A  13 "," HA3 GLY A  14 ",-0.0124260918589374
" HG2 LYS A  13 "," HG3 LYS A  13 ",-3.80189590204188
" HG2 LYS A  13 "," HD2 LYS A  13 ",-0.209069808292213
" HG2 LYS A  13 "," HD3 LYS A  13 ",-0.442946241813815
" HG2 LYS A  13 "," HE2 LYS A  13 ",-0.419930803656142
" HG2 LYS A  13 "," HE3 LYS A  13 ",-0.768182914985596
" HG2 LYS A  13 "," H   GLY A  14 ",-0.0449758379124435
" HG3 LYS A  13 "," HD2 LYS A  13 ",-0.746708445295584
" HG3 LYS A  13 "," HD3 LYS A  13 ",-0.207490146608993
" HG3 LYS A  13 "," HE2 LYS A  13 ",-0.0959461147124132
" HG3 LYS A  13 "," HE3 LYS A  13 ",-0.625631245718023
" HG3 LYS A  13 "," H   GLY A  14 ",-0.0194553848224093
" HD2 LYS A  13 "," HD3 LYS A  13 ",-3.61596783122826
" HD2 LYS A  13 "," HE2 LYS A  13 ",-0.206174259593979
" HD2 LYS A  13 "," HE3 LYS A  13 ",-0.292456076880982
" HD3 LYS A  13 "," HE2 LYS A  13 ",-0.842314922938574
" HD3 LYS A  13 "," HE3 LYS A  13 ",-0.199802280009816
" HD3 LYS A  13 "," H   GLY A  14 ",-0.00899276203344471
" HE2 LYS A  13 "," HE3 LYS A  13 ",-3.51832711564116
" H   GLY A  14 "," HA2 GLY A  14 ",-0.364314311879873
" H   GLY A  14 "," HA3 GLY A  14 ",-0.464686568642464
" H   GLY A  14 "," H   GLU A  15 ",-0.0294724384673271
" H   GLY A  14 "," HA  GLU A  15 ",-0.0210504417395235
" H   GLY A  14 "," HG2 GLU A  15 ",-0.00578653169802085
" H   GLY A  14 "," HG3 GLU A  15 ",-0.0111669199498214
" HA2 GLY A  14 "," HA3 GLY A  14 ",-7.45808500641327
" HA2 GLY A  14 "," H   GLU A  15 ",-0.698323178990644
" HA2 GLY A  14 "," HA  GLU A  15 ",-0.026539356312032
" HA2 GLY A  14 "," HB2 GLU A  15 ",-0.0367306430986413
" HA2 GLY A  14 "," HG2 GLU A  15 ",-0.0160492109400639
" HA2 GLY A  14 "," HG3 GLU A  15 ",-0.0716486845907482
" HA3 GLY A  14 "," H   GLU A  15 ",-0.92018242983685
" HA3 GLY A  14 "," HA  GLU A  15 ",-0.0322699475702842
" HA3 GLY A  14 "," HB2 GLU A  15 ",-0.0145117075087989
" HA3 GLY A  14 "," HG2 GLU A  15 ",-0.00578297445277743
" HA3 GLY A  14 "," HG3 GLU A  15 ",-0.0154518499849507
" H   GLU A  15 "," HA  GLU A  15 ",-0.322939275204956
" H   GLU A  15 "," HB2 GLU A  15 ",-0.433517116770584
" H   GLU A  15 "," HB3 GLU A  15 ",-0.102345673034347
" H   GLU A  15 "," HG2 GLU A  15 ",-0.0294560340486293
" H   GLU A  15 "," HG3 GLU A  15 ",-0.146682251466809
" H   GLU A  15 "," H   THR A  16 ",-0.0281154157711468
" H   GLU A  15 "," HA  THR A  16 ",-0.0148473778088775
" H   GLU A  15 "," HB  THR A  16 ",-0.0141003108741533
" HA  GLU A  15 "," HB2 GLU A  15 ",-0.331171212589182
" HA  GLU A  15 "," HB3 GLU A  15 ",-0.551753363859775
" HA  GLU A  15 "," HG2 GLU A  15 ",-0.2354685129286
" HA  GLU A  15 "," HG3 GLU A  15 ",-0.902321864528757
" HA  GLU A  15 "," H   THR A  16 ",-1.27254758286574
" HA  GLU A  15 "," HA  THR A  16 ",-0.0242580385784502
" HA  GLU A  15 "," HB  THR A  16 ",-0.0256019722762372
" HB2 GLU A  15 "," HB3 GLU A  15 ",-3.8335656798493
" HB2 GLU A  15 "," HG2 GLU A  15 ",-0.158637236260148
" HB2 GLU A  15 "," HG3 GLU A  15 ",-0.398075089799196
" HB2 GLU A  15 "," H   THR A  16 ",-0.068691580449539
" HB2 GLU A  15 "," HA  THR A  16 ",-0.0173030602226562
" HB3 GLU A  15 "," HG2 GLU A  15 ",-0.660604591437207
" HB3 GLU A  15 "," HG3 GLU A  15 ",-0.168297244143132
" HB3 GLU A  15 "," H   THR A  16 ",-0.26833777692692
" HB3 GLU A  15 "," HA  THR A  16 ",-0.0325213928656793
" HB3 GLU A  15 "," H   THR A  17 ",-0.0129456970620711
" HG2 GLU A  15 "," HG3 GLU A  15 ",-3.96668065122976
" HG2 GLU A  15 "," H   THR A  16 ",-0.602478089973263
" HG2 GLU A  15 "," HA  THR A  16 ",-0.0104376262334754
" HG3 GLU A  15 "," H   THR A  16 ",-0.0850111380393002
" H   THR A  16 "," HA  THR A  16 ",-0.345501118708901
" H   THR A  16 "," HB  THR A  16 ",-0.201440941784386
" H   THR A  16 "," HG1 THR A  16 ",-0.0230714164945989
" H   THR A  16 "," H   THR A  17 ",-0.0384815474750733
" H   THR A  16 "," HA  THR A  17 ",-0.0216029941709328
" HA  THR A  16 "," HB  THR A  16 ",-0.551241210457074
" HA  THR A  16 "," HG1 THR A  16 ",-0.473033505743258
" HA  THR A  16 "," H   THR A  17 ",-0.750466759326381
" HA  THR A  16 "," HA  THR A  17 ",-0.02508017973868
" HA  THR A  16 "," HG1 THR A  17 ",-0.0168804022490326
" HB  THR A  16 "," HG1 THR A  16 ",-0.946650131722828
" HB  THR A  16 "," H   THR A  17 ",-0.055793805427074
" HB  THR A  16 "," HB3 TYR A  33 ",-0.00591670267894246
" HB  THR A  16 "," HH  TYR A  33 ",-0.0312021640574466
" HG1 THR A  16 "," H   THR A  17 ",-0.253100947993335
" HG1 THR A  16 "," HG1 THR A  17 ",-0.00565678237887359
" HG1 THR A  16 "," HG1 THR A  18 ",-0.00483451768418096
" HG1 THR A  16 "," HH  TYR A  33 ",-0.0358938012998883
" H   THR A  17 "," HA  THR A  17 ",-0.318661032796808
" H   THR A  17 "," HB  THR A  17 ",-0.0745104594278742
" H   THR A  17 "," HG1 THR A  17 ",-0.560829607168798
" H   THR A  17 "," H   THR A  18 ",-0.026192276742504
" H   THR A  17 "," HA  THR A  18 ",-0.0137484034694598
" H   THR A  17 "," HB  THR A  18 ",-0.00993262467037472
" H   THR A  17 "," HG1 THR A  18 ",-0.00610209388176179
" HA  THR A  17 "," HB  THR A  17 ",-0.963934783074203
" HA  THR A  17 "," HG1 THR A  17 ",-0.0899042115461411
" HA  THR A  17 "," H   THR A  18 ",-1.36923608399238
" HA  THR A  17 "," HA  THR A  18 ",-0.0262441553720698
" HA  THR A  17 "," HB  THR A  18 ",-0.02786859350436
" HA  THR A  17 "," HG1 THR A  18 ",-0.00890949904745766
" HA  THR A  17 "," HZ  PHE A  30 ",-0.157465879760005
" HB  THR A  17 "," HG1 THR A  17 ",-1.32628908972614
" HB  THR A  17 "," H   THR A  18 ",-0.88460398999934
" HB  THR A  17 "," HA  THR A  18 ",-0.0353380765693584
" HB  THR A  17 "," HG3 LYS A  19 ",-0.00462435207894158
" HB  THR A  17 "," HZ  PHE A  30 ",-0.0114698225763142
" HG1 THR A  17 "," H   THR A  18 ",-0.0652182131302331
" HG1 THR A  17 "," HA  THR A  18 ",-0.0488802117004555
" H   THR A  18 "," HA  THR A  18 ",-0.342069763812425
" H   THR A  18 "," HB  THR A  18 ",-0.149786693791542
" H   THR A  18 "," HG1 THR A  18 ",-0.0227603254850654
" H   THR A  18 "," H   LYS A  19 ",-0.0314012306636807
" H   THR A  18 "," HA  LYS A  19 ",-0.0222780375602013
" H   THR A  18 "," HG3 LYS A  19 ",-0.00637512155026772
" H   THR A  18 "," HZ  PHE A  30 ",-0.202760017586417
" HA  THR A  18 "," HB  THR A  18 ",-0.515019723993539
" HA  THR A  18 "," HG1 THR A  18 ",-0.164602070759816
" HA  THR A  18 "," H   LYS A  19 ",-1.11890242190244
" HA  THR A  18 "," HA  LYS A  19 ",-0.0286024227978997
" HA  THR A  18 "," HB2 LYS A  19 ",-0.0226790052531528
" HA  THR A  18 "," HB3 LYS A  19 ",-0.0236709745844023
" HA  THR A  18 "," HG2 LYS A  19 ",-0.00628979863155445
" HA  THR A  18 "," HG3 LYS A  19 ",-0.0100884316502887
" HA  THR A  18 "," HD2 LYS A  19 ",-0.00772883212834908
" HA  THR A  18 "," HZ  PHE A  30 ",-0.0114373949522741
" HB  THR A  18 "," HG1 THR A  18 ",-0.649179447512317
" HB  THR A  18 "," H   LYS A  19 ",-0.0863547983404897
" HB  THR A  18 "," HA  LYS A  19 ",-0.0134647049976091
" HB  THR A  18 "," HZ  PHE A  30 ",-0.0749334118604193
" HG1 THR A  18 "," H   LYS A  19 ",-0.162425136769542
" HG1 THR A  18 "," HA  LYS A  19 ",-0.00931139187160345
" HG1 THR A  18 "," HB3 LYS A  19 ",-0.00561339752713136
" HG1 THR A  18 "," HG2 LYS A  19 ",-0.00658809476673688
" HG1 THR A  18 "," H   ALA A  20 ",-0.0094586022490016
" HG1 THR A  18 "," HA  ALA A  20 ",-0.00627465976132555
" HG1 THR A  18 "," HA  ALA A  26 ",-0.0149989647459455
" HG1 THR A  18 "," HA  PHE A  30 ",-0.00679998368091422
" HG1 THR A  18 "," HZ  PHE A  30 ",-0.0210662218560787
" H   LYS A  19 "," HA  LYS A  19 ",-0.318536174362822
" H   LYS A  19 "," HB2 LYS A  19 ",-0.309221521898612
" H   LYS A  19 "," HB3 LYS A  19 ",-0.360867872110574
" H   LYS A  19 "," HG2 LYS A  19 ",-0.174101138471823
" H   LYS A  19 "," HG3 LYS A  19 ",-0.0308600644766938
" H   LYS A  19 "," HD2 LYS A  19 ",-0.0406812890890935
" H   LYS A  19 "," HD3 LYS A  19 ",-0.0124899683150041
" H   LYS A  19 "," HE3 LYS A  19 ",-0.00728054983245303
" H   LYS A  19 "," H   ALA A  20 ",-0.0340422255164155
" HA  LYS A  19 "," HB2 LYS A  19 ",-0.634789825771463
" HA  LYS A  19 "," HB3 LYS A  19 ",-0.441254599261947
" HA  LYS A  19 "," HG2 LYS A  19 ",-0.265522853734464
" HA  LYS A  19 "," HG3 LYS A  19 ",-0.15083672326896
" HA  LYS A  19 "," HD2 LYS A  19 ",-0.0157674800695846
" HA  LYS A  19 "," HD3 LYS A  19 ",-0.0110048182257925
" HA  LYS A  19 "," HE2 LYS A  19 ",-0.0219096184421909
" HA  LYS A  19 "," HE3 LYS A  19 ",-0.0114074924312547
" HA  LYS A  19 "," H   ALA A  20 ",-1.69267883751931
" HA  LYS A  19 "," HA  ALA A  20 ",-0.0286163901228531
" HB2 LYS A  19 "," HB3 LYS A  19 ",-4.1611493076617
" HB2 LYS A  19 "," HG2 LYS A  19 ",-0.184869788873494
" HB2 LYS A  19 "," HG3 LYS A  19 ",-0.810028271364427
" HB2 LYS A  19 "," HD2 LYS A  19 ",-0.0632307208943262
" HB2 LYS A  19 "," HD3 LYS A  19 ",-0.15843128574422
" HB2 LYS A  19 "," HE2 LYS A  19 ",-0.117165143862393
" HB2 LYS A  19 "," HE3 LYS A  19 ",-0.127979921267313
" HB2 LYS A  19 "," H   ALA A  20 ",-0.115912898481593
" HB2 LYS A  19 "," HA  ALA A  20 ",-0.0125308192759829
" HB3 LYS A  19 "," HG2 LYS A  19 ",-0.409585699880334
" HB3 LYS A  19 "," HG3 LYS A  19 ",-0.186125947663381
" HB3 LYS A  19 "," HD2 LYS A  19 ",-0.803357540898987
" HB3 LYS A  19 "," HD3 LYS A  19 ",-0.0703242469334347
" HB3 LYS A  19 "," HE2 LYS A  19 ",-0.515775954288442
" HB3 LYS A  19 "," HE3 LYS A  19 ",-0.413269542093188
" HB3 LYS A  19 "," H   ALA A  20 ",-0.0651943571444558
" HB3 LYS A  19 "," HA  ALA A  20 ",-0.0204013318077802
" HG2 LYS A  19 "," HG3 LYS A  19 ",-3.85814132989458
" HG2 LYS A  19 "," HD2 LYS A  19 ",-0.648483271020007
" HG2 LYS A  19 "," HD3 LYS A  19 ",-0.818413707354398
" HG2 LYS A  19 "," HE2 LYS A  19 ",-0.286532097307397
" HG2 LYS A  19 "," HE3 LYS A  19 ",-0.0615718240494409
" HG2 LYS A  19 "," H   ALA A  20 ",-0.043520277207777
" HG2 LYS A  19 "," HA  ALA A  20 ",-0.0262164733972287
" HG3 LYS A  19 "," HD2 LYS A  19 ",-0.204413968985377
" HG3 LYS A  19 "," HD3 LYS A  19 ",-0.473846744111613
" HG3 LYS A  19 "," HE2 LYS A  19 ",-1.04629463926794
" HG3 LYS A  19 "," HE3 LYS A  19 ",-0.0798877660699577
" HG3 LYS A  19 "," H   ALA A  20 ",-0.0238548506993387
" HG3 LYS A  19 "," HA  ALA A  20 ",-0.0172686929361416
" HD2 LYS A  19 "," HD3 LYS A  19 ",-3.66256456239896
" HD2 LYS A  19 "," HE2 LYS A  19 ",-0.192003257989444
" HD2 LYS A  19 "," HE3 LYS A  19 ",-0.698886187089501
" HD3 LYS A  19 "," HE2 LYS A  19 ",-0.297530724085236
" HD3 LYS A  19 "," HE3 LYS A  19 ",-0.163828884515972
" HE2 LYS A  19 "," HE3 LYS A  19 ",-2.6806465142962
" HE2 LYS A  19 "," H   ALA A  20 ",-0.00955635627794975
" H   ALA A  20 "," HA  ALA A  20 ",-0.335470678764776
" H   ALA A  20 "," H   VAL A  21 ",-0.0296375264294942
" H   ALA A  20 "," HA  VAL A  21 ",-0.0164185288793824
" H   ALA A  20 "," H   ASP A  22 ",-0.0164962036648984
" HA  ALA A  20 "," H   VAL A  21 ",-1.61462420316371
" HA  ALA A  20 "," HA  VAL A  21 ",-0.0343414607640133
" HA  ALA A  20 "," HB  VAL A  21 ",-0.00870663442316154
" HA  ALA A  20 "," H   ASP A  22 ",-0.0587908239079601
" HA  ALA A  20 "," HB  THR A  25 ",-0.023269397693661
" H   VAL A  21 "," HA  VAL A  21 ",-0.410852513571394
" H   VAL A  21 "," HB  VAL A  21 ",-0.216394319913363
" H   VAL A  21 "," H   ASP A  22 ",-0.671514890850933
" H   VAL A  21 "," HB  THR A  25 ",-0.0745697673386836
" H   VAL A  21 "," HG1 THR A  25 ",-0.0110010207517277
" HA  VAL A  21 "," HB  VAL A  21 ",-0.562313929413574
" HA  VAL A  21 "," H   ASP A  22 ",-0.13652152352967
" HA  VAL A  21 "," HA  ASP A  22 ",-0.0260924735831365
" HA  VAL A  21 "," HB3 ASP A  22 ",-0.013045738255174
" HB  VAL A  21 "," H   ASP A  22 ",-0.183111645426797
" HB  VAL A  21 "," HA  ASP A  22 ",-0.0159952770993989
" HB  VAL A  21 "," HB3 ASP A  22 ",-0.0353381721340311
" HB  VAL A  21 "," HB  THR A  25 ",-0.014281055940821
" HB  VAL A  21 "," HG1 THR A  25 ",-0.00944644426651999
" H   ASP A  22 "," HA  ASP A  22 ",-0.34718172381699
" H   ASP A  22 "," HB2 ASP A  22 ",-0.0617813042302228
" H   ASP A  22 "," HB3 ASP A  22 ",-0.0989176431418061
" H   ASP A  22 "," H   ALA A  23 ",-0.0338661849355547
" H   ASP A  22 "," HA  ALA A  23 ",-0.0172449633435317
" H   ASP A  22 "," H   GLU A  24 ",-0.0151722149713471
" H   ASP A  22 "," H   THR A  25 ",-0.0709203693964679
" H   ASP A  22 "," HB  THR A  25 ",-0.416481812028889
" H   ASP A  22 "," HG1 THR A  25 ",-0.0155618376996942
" H   ASP A  22 "," H   ALA A  26 ",-0.0491096760638625
" HA  ASP A  22 "," HB2 ASP A  22 ",-0.766529954239117
" HA  ASP A  22 "," HB3 ASP A  22 ",-1.20483577535953
" HA  ASP A  22 "," H   ALA A  23 ",-1.38210535361109
" HA  ASP A  22 "," HA  ALA A  23 ",-0.0344902199777883
" HA  ASP A  22 "," H   GLU A  24 ",-0.0412350414234688
" HA  ASP A  22 "," H   THR A  25 ",-0.0202818666174001
" HA  ASP A  22 "," HB  THR A  25 ",-0.0115084717254599
" HB2 ASP A  22 "," HB3 ASP A  22 ",-7.0839501159615
" HB2 ASP A  22 "," H   ALA A  23 ",-0.781025806751666
" HB2 ASP A  22 "," HA  ALA A  23 ",-0.0187115954500877
" HB2 ASP A  22 "," H   GLU A  24 ",-0.89405386378492
" HB2 ASP A  22 "," HA  GLU A  24 ",-0.0105096383510436
" HB2 ASP A  22 "," HB2 GLU A  24 ",-0.033095666525782
" HB2 ASP A  22 "," HB3 GLU A  24 ",-0.185194742242568
" HB2 ASP A  22 "," H   THR A  25 ",-0.108785368832547
" HB2 ASP A  22 "," HB  THR A  25 ",-0.0161855011153005
" HB2 ASP A  22 "," H   ALA A  26 ",-0.0112892258660331
" HB3 ASP A  22 "," H   ALA A  23 ",-0.0942574556310604
" HB3 ASP A  22 "," H   GLU A  24 ",-0.0348990343724513
" HB3 ASP A  22 "," HB3 GLU A  24 ",-0.02095733083491
" HB3 ASP A  22 "," H   THR A  25 ",-0.0213494454368467
" HB3 ASP A  22 "," HB  THR A  25 ",-0.0118388538054161
" H   ALA A  23 "," HA  ALA A  23 ",-0.427246854615368
" H   ALA A  23 "," H   GLU A  24 ",-0.559818748877382
" H   ALA A  23 "," HB2 GLU A  24 ",-0.0113050859489956
" H   ALA A  23 "," HB3 GLU A  24 ",-0.0192754972656102
" H   ALA A  23 "," H   THR A  25 ",-0.0342516170076306
" H   ALA A  23 "," H   ALA A  26 ",-0.0170871720121256
" H   ALA A  23 "," HH  TYR A  45 ",-0.0100441813769753
" H   ALA A  23 "," HZ  PHE A  52 ",-0.00757741551147174
" HA  ALA A  23 "," H   GLU A  24 ",-0.117990235775237
" HA  ALA A  23 "," HA  GLU A  24 ",-0.0178123418607151
" HA  ALA A  23 "," H   THR A  25 ",-0.0428624959019139
" HA  ALA A  23 "," H   ALA A  26 ",-0.179525923320925
" HA  ALA A  23 "," H   GLU A  27 ",-0.0555962609261493
" HA  ALA A  23 "," HB2 GLU A  27 ",-0.0120539599548097
" HA  ALA A  23 "," HH  TYR A  45 ",-0.00655381580101624
" HA  ALA A  23 "," HZ  PHE A  52 ",-0.175093517267986
" H   GLU A  24 "," HA  GLU A  24 ",-0.424044191972685
" H   GLU A  24 "," HB2 GLU A  24 ",-0.541718611806431
" H   GLU A  24 "," HB3 GLU A  24 ",-1.17591432953556
" H   GLU A  24 "," HG2 GLU A  24 ",-0.0312407183544798
" H   GLU A  24 "," HG3 GLU A  24 ",-0.0257429276858573
" H   GLU A  24 "," H   THR A  25 ",-0.505837856806568
" H   GLU A  24 "," HB  THR A  25 ",-0.0128968690378713
" H   GLU A  24 "," H   ALA A  26 ",-0.0524710485717138
" H   GLU A  24 "," H   GLU A  27 ",-0.0193721571308873
" HA  GLU A  24 "," HB2 GLU A  24 ",-1.2470262168355
" HA  GLU A  24 "," HB3 GLU A  24 ",-0.294688543791532
" HA  GLU A  24 "," HG2 GLU A  24 ",-0.125642322646209
" HA  GLU A  24 "," HG3 GLU A  24 ",-0.656403132546553
" HA  GLU A  24 "," H   THR A  25 ",-0.10591858788361
" HA  GLU A  24 "," HA  THR A  25 ",-0.0194051685593379
" HA  GLU A  24 "," H   ALA A  26 ",-0.0308099476032433
" HA  GLU A  24 "," H   GLU A  27 ",-0.102448198414691
" HA  GLU A  24 "," HB2 GLU A  27 ",-0.205566483028766
" HA  GLU A  24 "," HB3 GLU A  27 ",-0.16090180304841
" HA  GLU A  24 "," HG2 GLU A  27 ",-0.0144174585943026
" HA  GLU A  24 "," H   LYS A  28 ",-0.0144653837892883
" HA  GLU A  24 "," HD3 LYS A  28 ",-0.00906684706196468
" HB2 GLU A  24 "," HB3 GLU A  24 ",-7.52632028016653
" HB2 GLU A  24 "," HG2 GLU A  24 ",-0.314539374968872
" HB2 GLU A  24 "," HG3 GLU A  24 ",-0.767487558774773
" HB2 GLU A  24 "," H   THR A  25 ",-0.0535834775540703
" HB3 GLU A  24 "," HG2 GLU A  24 ",-1.38403938080773
" HB3 GLU A  24 "," HG3 GLU A  24 ",-0.309070181824412
" HB3 GLU A  24 "," H   THR A  25 ",-0.670150370946504
" HB3 GLU A  24 "," HA  THR A  25 ",-0.0262052426033917
" HB3 GLU A  24 "," HB  THR A  25 ",-0.0199402522141649
" HB3 GLU A  24 "," HG1 THR A  25 ",-0.0112440087523492
" HB3 GLU A  24 "," H   ALA A  26 ",-0.0151599212199306
" HG2 GLU A  24 "," HG3 GLU A  24 ",-7.13999999367526
" HG2 GLU A  24 "," H   THR A  25 ",-0.139131510936554
" HG2 GLU A  24 "," HA  THR A  25 ",-0.118948210679746
" HG2 GLU A  24 "," HB  THR A  25 ",-0.0177633574199459
" HG2 GLU A  24 "," HG1 THR A  25 ",-0.0276609570459561
" HG2 GLU A  24 "," HB2 GLU A  27 ",-0.00615158221724393
" HG2 GLU A  24 "," HD2 LYS A  28 ",-0.00833347091157908
" HG2 GLU A  24 "," HD3 LYS A  28 ",-0.0160390607790443
" HG2 GLU A  24 "," HE2 LYS A  28 ",-0.00794813093324198
" HG2 GLU A  24 "," HE3 LYS A  28 ",-0.01382885674195
" HG3 GLU A  24 "," H   THR A  25 ",-0.0331358244295147
" HG3 GLU A  24 "," HA  THR A  25 ",-0.0285408017189303
" HG3 GLU A  24 "," H   GLU A  27 ",-0.0102921439308004
" HG3 GLU A  24 "," HB2 GLU A  27 ",-0.0188251181295515
" HG3 GLU A  24 "," HB3 GLU A  27 ",-0.0263849560744023
" HG3 GLU A  24 "," H   LYS A  28 ",-0.00822535675641053
" HG3 GLU A  24 "," HD2 LYS A  28 ",-0.0142773231671152
" HG3 GLU A  24 "," HD3 LYS A  28 ",-0.0322818657818817
" HG3 GLU A  24 "," HE2 LYS A  28 ",-0.00735912310257014
" HG3 GLU A  24 "," HE3 LYS A  28 ",-0.00791770397286121
" H   THR A  25 "," HA  THR A  25 ",-0.381427962019931
" H   THR A  25 "," HB  THR A  25 ",-0.92930389105736
" H   THR A  25 "," HG1 THR A  25 ",-0.0609592910581452
" H   THR A  25 "," H   ALA A  26 ",-0.852647345756665
" H   THR A  25 "," H   GLU A  27 ",-0.0652740910952866
" H   THR A  25 "," HB3 GLU A  27 ",-0.0110543762807185
" HA  THR A  25 "," HB  THR A  25 ",-0.380098022431667
" HA  THR A  25 "," HG1 THR A  25 ",-0.801653576507028
" HA  THR A  25 "," H   ALA A  26 ",-0.110732073099886
" HA  THR A  25 "," HA  ALA A  26 ",-0.0187416702286801
" HA  THR A  25 "," H   GLU A  27 ",-0.0445602504542146
" HA  THR A  25 "," HB3 GLU A  27 ",-0.0163912608942301
" HA  THR A  25 "," H   LYS A  28 ",-0.0629221921274024
" HA  THR A  25 "," HB2 LYS A  28 ",-0.0819991694507623
" HA  THR A  25 "," HD2 LYS A  28 ",-0.0151098621303832
" HA  THR A  25 "," HD3 LYS A  28 ",-0.128142127141189
" HA  THR A  25 "," HE2 LYS A  28 ",-0.0822821628935491
" HA  THR A  25 "," HE3 LYS A  28 ",-0.0439056680921363
" HA  THR A  25 "," H   ALA A  29 ",-0.0129119752107988
" HB  THR A  25 "," HG1 THR A  25 ",-0.420812412533491
" HB  THR A  25 "," H   ALA A  26 ",-0.420297324869081
" HB  THR A  25 "," HA  ALA A  26 ",-0.0217740433981707
" HB  THR A  25 "," H   GLU A  27 ",-0.0124856306302939
" HG1 THR A  25 "," H   ALA A  26 ",-0.0150560504979646
" HG1 THR A  25 "," HB2 LYS A  28 ",-0.0114720983749257
" HG1 THR A  25 "," HD3 LYS A  28 ",-0.0139069515609599
" HG1 THR A  25 "," HE2 LYS A  28 ",-0.00842155255838487
" HG1 THR A  25 "," HE3 LYS A  28 ",-0.0114527293296946
" H   ALA A  26 "," HA  ALA A  26 ",-0.391242193434621
" H   ALA A  26 "," H   GLU A  27 ",-0.872230852975014
" H   ALA A  26 "," HB2 GLU A  27 ",-0.0204669290059719
" H   ALA A  26 "," HB3 GLU A  27 ",-0.0163730265989511
" H   ALA A  26 "," H   LYS A  28 ",-0.0278189770910211
" HA  ALA A  26 "," H   GLU A  27 ",-0.118216281464061
" HA  ALA A  26 "," HA  GLU A  27 ",-0.0164212516009675
" HA  ALA A  26 "," H   LYS A  28 ",-0.0426483672607147
" HA  ALA A  26 "," HB2 LYS A  28 ",-0.0141579243539625
" HA  ALA A  26 "," H   ALA A  29 ",-0.190188668474345
" HA  ALA A  26 "," H   PHE A  30 ",-0.0511705885083088
" H   GLU A  27 "," HA  GLU A  27 ",-0.461351571549524
" H   GLU A  27 "," HB2 GLU A  27 ",-1.20372882476603
" H   GLU A  27 "," HB3 GLU A  27 ",-0.748175067911323
" H   GLU A  27 "," HG2 GLU A  27 ",-0.0249085028718571
" H   GLU A  27 "," HG3 GLU A  27 ",-0.0338078620975116
" H   GLU A  27 "," H   LYS A  28 ",-0.410612475862221
" H   GLU A  27 "," HB2 LYS A  28 ",-0.0205784695115576
" H   GLU A  27 "," HD3 LYS A  28 ",-0.0151533969171616
" H   GLU A  27 "," H   ALA A  29 ",-0.0391403551372624
" H   GLU A  27 "," H   PHE A  30 ",-0.018714950389535
" H   GLU A  27 "," HB2 PHE A  30 ",-0.0150363447015427
" H   GLU A  27 "," HZ  PHE A  52 ",-0.0150632182489163
" HA  GLU A  27 "," HB2 GLU A  27 ",-0.931722790790666
" HA  GLU A  27 "," HB3 GLU A  27 ",-0.291325475415843
" HA  GLU A  27 "," HG2 GLU A  27 ",-0.122458969817162
" HA  GLU A  27 "," HG3 GLU A  27 ",-1.05950378395194
" HA  GLU A  27 "," H   LYS A  28 ",-0.109275172159418
" HA  GLU A  27 "," HA  LYS A  28 ",-0.01834479860575
" HA  GLU A  27 "," H   ALA A  29 ",-0.0307894361814154
" HA  GLU A  27 "," H   PHE A  30 ",-0.115613946812927
" HA  GLU A  27 "," HB2 PHE A  30 ",-0.527579512751456
" HA  GLU A  27 "," HB3 PHE A  30 ",-0.0433675617728785
" HA  GLU A  27 "," H   LYS A  31 ",-0.0720049619913336
" HA  GLU A  27 "," HB2 LYS A  31 ",-0.0153184860499264
" HA  GLU A  27 "," HG2 LYS A  31 ",-0.038340392715365
" HA  GLU A  27 "," HG3 LYS A  31 ",-0.0219567080874323
" HA  GLU A  27 "," HE3 TRP A  43 ",-0.00935090277368936
" HA  GLU A  27 "," HZ3 TRP A  43 ",-0.0210369474843505
" HA  GLU A  27 "," HZ  PHE A  52 ",-0.0243051502317826
" HB2 GLU A  27 "," HB3 GLU A  27 ",-5.59275283386512
" HB2 GLU A  27 "," HG2 GLU A  27 ",-0.265139139815597
" HB2 GLU A  27 "," HG3 GLU A  27 ",-0.437119175997709
" HB2 GLU A  27 "," H   LYS A  28 ",-0.082446002748851
" HB2 GLU A  27 "," HD2 LYS A  28 ",-0.0052943086189581
" HB2 GLU A  27 "," HD3 LYS A  28 ",-0.0097512611272846
" HB2 GLU A  27 "," HG3 LYS A  31 ",-0.00646968707935
" HB2 GLU A  27 "," HZ  PHE A  52 ",-0.0889378237469489
" HB3 GLU A  27 "," HG2 GLU A  27 ",-1.26438487825417
" HB3 GLU A  27 "," HG3 GLU A  27 ",-0.262009854375498
" HB3 GLU A  27 "," H   LYS A  28 ",-0.814303678992316
" HB3 GLU A  27 "," HA  LYS A  28 ",-0.0391360916962942
" HB3 GLU A  27 "," HB2 LYS A  28 ",-0.0307995382168896
" HB3 GLU A  27 "," HG3 LYS A  28 ",-0.0181017331019555
" HB3 GLU A  27 "," HD2 LYS A  28 ",-0.0275891567528482
" HB3 GLU A  27 "," HD3 LYS A  28 ",-0.0520473924770565
" HB3 GLU A  27 "," H   ALA A  29 ",-0.0143467691562836
" HB3 GLU A  27 "," H   LYS A  31 ",-0.00880947141169533
" HB3 GLU A  27 "," HB2 LYS A  31 ",-0.00884858025826351
" HB3 GLU A  27 "," HG2 LYS A  31 ",-0.0131498456146511
" HB3 GLU A  27 "," HG3 LYS A  31 ",-0.0175512713013575
" HB3 GLU A  27 "," HZ  PHE A  52 ",-0.00705172917027871
" HG2 GLU A  27 "," HG3 GLU A  27 ",-5.5628022447654
" HG2 GLU A  27 "," H   LYS A  28 ",-0.0956657813547891
" HG2 GLU A  27 "," HA  LYS A  28 ",-0.062186021364311
" HG2 GLU A  27 "," HB2 LYS A  28 ",-0.0114653486983762
" HG2 GLU A  27 "," HG3 LYS A  28 ",-0.0231265539510434
" HG2 GLU A  27 "," HD2 LYS A  28 ",-0.00928627459209857
" HG2 GLU A  27 "," HD3 LYS A  28 ",-0.0237960058940099
" HG2 GLU A  27 "," H   LYS A  31 ",-0.014684387146216
" HG2 GLU A  27 "," HB2 LYS A  31 ",-0.0342438296676933
" HG2 GLU A  27 "," HB3 LYS A  31 ",-0.01002332568928
" HG2 GLU A  27 "," HG2 LYS A  31 ",-0.0796910344534805
" HG2 GLU A  27 "," HG3 LYS A  31 ",-0.0936758114116983
" HG2 GLU A  27 "," HD2 LYS A  31 ",-0.0618567818979295
" HG2 GLU A  27 "," HD3 LYS A  31 ",-0.0200708942368532
" HG2 GLU A  27 "," HE2 LYS A  31 ",-0.0548177398202509
" HG2 GLU A  27 "," HE3 LYS A  31 ",-0.0120263272928008
" HG3 GLU A  27 "," H   LYS A  28 ",-0.0429451943130924
" HG3 GLU A  27 "," HA  LYS A  28 ",-0.030856533716027
" HG3 GLU A  27 "," HB2 PHE A  30 ",-0.0348737531828065
" HG3 GLU A  27 "," HB3 PHE A  30 ",-0.0110535106839344
" HG3 GLU A  27 "," H   LYS A  31 ",-0.031167578724437
" HG3 GLU A  27 "," HB2 LYS A  31 ",-0.0432527389246112
" HG3 GLU A  27 "," HG2 LYS A  31 ",-0.0940108751394595
" HG3 GLU A  27 "," HG3 LYS A  31 ",-0.353286239293308
" HG3 GLU A  27 "," HD2 LYS A  31 ",-0.0664934415731501
" HG3 GLU A  27 "," HD3 LYS A  31 ",-0.0224356500660262
" HG3 GLU A  27 "," HE2 LYS A  31 ",-0.017045726353761
" HG3 GLU A  27 "," HE3 LYS A  31 ",-0.0123682193089012
" HG3 GLU A  27 "," HE3 TRP A  43 ",-0.0230421534568443
" HG3 GLU A  27 "," HZ3 TRP A  43 ",-0.0216380626341938
" HG3 GLU A  27 "," HZ  PHE A  52 ",-0.00944614472806637
" H   LYS A  28 "," HA  LYS A  28 ",-0.427908501314546
" H   LYS A  28 "," HB2 LYS A  28 ",-2.29711528840888
" H   LYS A  28 "," HB3 LYS A  28 ",-0.147231500849717
" H   LYS A  28 "," HG2 LYS A  28 ",-0.0306133061949114
" H   LYS A  28 "," HG3 LYS A  28 ",-0.0979382941753295
" H   LYS A  28 "," HD2 LYS A  28 ",-0.0497985994210305
" H   LYS A  28 "," HD3 LYS A  28 ",-0.5008978827274
" H   LYS A  28 "," HE2 LYS A  28 ",-0.026309399782621
" H   LYS A  28 "," HE3 LYS A  28 ",-0.0108554980332881
" H   LYS A  28 "," H   ALA A  29 ",-0.611425171684654
" H   LYS A  28 "," H   PHE A  30 ",-0.0426082067430132
" H   LYS A  28 "," HB2 PHE A  30 ",-0.0112837232093898
" H   LYS A  28 "," H   LYS A  31 ",-0.0208592654144916
" H   LYS A  28 "," HB2 LYS A  31 ",-0.0136155662430294
" H   LYS A  28 "," HG3 LYS A  31 ",-0.0105754448612597
" HA  LYS A  28 "," HB2 LYS A  28 ",-0.354571579518128
" HA  LYS A  28 "," HB3 LYS A  28 ",-0.51096912423551
" HA  LYS A  28 "," HG2 LYS A  28 ",-0.18370440978809
" HA  LYS A  28 "," HG3 LYS A  28 ",-2.72509902521746
" HA  LYS A  28 "," HD2 LYS A  28 ",-0.0466041850763175
" HA  LYS A  28 "," HD3 LYS A  28 ",-0.0829303844614615
" HA  LYS A  28 "," HE2 LYS A  28 ",-0.012997382479307
" HA  LYS A  28 "," H   ALA A  29 ",-0.111402783309653
" HA  LYS A  28 "," HA  ALA A  29 ",-0.0189167179161156
" HA  LYS A  28 "," H   PHE A  30 ",-0.0277575871128071
" HA  LYS A  28 "," H   LYS A  31 ",-0.10420394319435
" HA  LYS A  28 "," HB2 LYS A  31 ",-0.378793452027282
" HA  LYS A  28 "," HB3 LYS A  31 ",-0.158810968378037
" HA  LYS A  28 "," HG2 LYS A  31 ",-0.0192203568123749
" HA  LYS A  28 "," HG3 LYS A  31 ",-0.0893240188624923
" HA  LYS A  28 "," HD2 LYS A  31 ",-0.0220445556990994
" HA  LYS A  28 "," HD3 LYS A  31 ",-0.017434409556711
" HA  LYS A  28 "," H   GLN A  32 ",-0.03725394225467
" HA  LYS A  28 "," HB2 GLN A  32 ",-0.0146861509964221
" HB2 LYS A  28 "," HB3 LYS A  28 ",-7.00583889808136
" HB2 LYS A  28 "," HG2 LYS A  28 ",-0.435254185216064
" HB2 LYS A  28 "," HG3 LYS A  28 ",-0.407767434935882
" HB2 LYS A  28 "," HD2 LYS A  28 ",-0.111078944756098
" HB2 LYS A  28 "," HD3 LYS A  28 ",-1.74595558433258
" HB2 LYS A  28 "," HE2 LYS A  28 ",-0.567312700442921
" HB2 LYS A  28 "," HE3 LYS A  28 ",-0.0842088385177602
" HB2 LYS A  28 "," H   ALA A  29 ",-0.358619393480264
" HB2 LYS A  28 "," HA  ALA A  29 ",-0.0159009358461482
" HB2 LYS A  28 "," H   PHE A  30 ",-0.0105818756086637
" HB3 LYS A  28 "," HG2 LYS A  28 ",-1.55767964559461
" HB3 LYS A  28 "," HG3 LYS A  28 ",-0.460423601177199
" HB3 LYS A  28 "," HD2 LYS A  28 ",-0.0420134750592846
" HB3 LYS A  28 "," HD3 LYS A  28 ",-0.111221664303734
" HB3 LYS A  28 "," HE2 LYS A  28 ",-0.150933641349342
" HB3 LYS A  28 "," HE3 LYS A  28 ",-0.044921141997671
" HB3 LYS A  28 "," H   ALA A  29 ",-0.247405400850534
" HB3 LYS A  28 "," HA  ALA A  29 ",-0.0584132761152297
" HB3 LYS A  28 "," HB2 LYS A  31 ",-0.0110976344336423
" HB3 LYS A  28 "," HB2 GLN A  32 ",-0.0138500454062468
" HG2 LYS A  28 "," HG3 LYS A  28 ",-7.01268601186953
" HG2 LYS A  28 "," HD2 LYS A  28 ",-0.612569554311325
" HG2 LYS A  28 "," HD3 LYS A  28 ",-0.298503192061189
" HG2 LYS A  28 "," HE2 LYS A  28 ",-0.519296317479645
" HG2 LYS A  28 "," HE3 LYS A  28 ",-0.35787359709545
" HG2 LYS A  28 "," HB3 LYS A  31 ",-0.00618340515947881
" HG3 LYS A  28 "," HD2 LYS A  28 ",-1.01438236076809
" HG3 LYS A  28 "," HD3 LYS A  28 ",-0.66771429644436
" HG3 LYS A  28 "," HE2 LYS A  28 ",-0.0884462520773365
" HG3 LYS A  28 "," HE3 LYS A  28 ",-0.0533207504144513
" HG3 LYS A  28 "," H   ALA A  29 ",-0.0158914232970857
" HG3 LYS A  28 "," HB2 LYS A  31 ",-0.0244427946117667
" HG3 LYS A  28 "," HB3 LYS A  31 ",-0.0208894772130082
" HG3 LYS A  28 "," HG3 LYS A  31 ",-0.0108034998300152
" HG3 LYS A  28 "," HD2 LYS A  31 ",-0.00738534581399508
" HG3 LYS A  28 "," HD3 LYS A  31 ",-0.00783978167812832
" HD2 LYS A  28 "," HD3 LYS A  28 ",-5.05763366089543
" HD2 LYS A  28 "," HE2 LYS A  28 ",-0.341283556751238
" HD2 LYS A  28 "," HE3 LYS A  28 ",-0.96466140381688
" HD3 LYS A  28 "," HE2 LYS A  28 ",-0.323864957203177
" HD3 LYS A  28 "," HE3 LYS A  28 ",-0.429174333717854
" HD3 LYS A  28 "," H   ALA A  29 ",-0.0169294807774789
" HE2 LYS A  28 "," HE3 LYS A  28 ",-3.72577587806063
" HE2 LYS A  28 "," H   ALA A  29 ",-0.00838323970053255
" H   ALA A  29 "," HA  ALA A  29 ",-0.39970279157226
" H   ALA A  29 "," H   PHE A  30 ",-0.666423952959194
" H   ALA A  29 "," HB2 PHE A  30 ",-0.0233213223912018
" H   ALA A  29 "," H   LYS A  31 ",-0.051283418603674
" H   ALA A  29 "," HB2 LYS A  31 ",-0.0119960256913581
" H   ALA A  29 "," H   GLN A  32 ",-0.0165679632691903
" HA  ALA A  29 "," H   PHE A  30 ",-0.107771267298577
" HA  ALA A  29 "," HA  PHE A  30 ",-0.019174738184766
" HA  ALA A  29 "," H   LYS A  31 ",-0.030265606866473
" HA  ALA A  29 "," HB2 LYS A  31 ",-0.00848220260770162
" HA  ALA A  29 "," H   GLN A  32 ",-0.0986444386168872
" HA  ALA A  29 "," HB2 GLN A  32 ",-0.158257534294813
" HA  ALA A  29 "," HB3 GLN A  32 ",-0.128814232883635
" HA  ALA A  29 "," HG2 GLN A  32 ",-0.00862354814756532
" HA  ALA A  29 "," HG3 GLN A  32 ",-0.0100064374075836
" HA  ALA A  29 ","HE21 GLN A  32 ",-0.0167140983379198
" HA  ALA A  29 ","HE22 GLN A  32 ",-0.00581401260414447
" HA  ALA A  29 "," H   TYR A  33 ",-0.0190381791027083
" H   PHE A  30 "," HA  PHE A  30 ",-0.385747848770688
" H   PHE A  30 "," HB2 PHE A  30 ",-1.44748970217009
" H   PHE A  30 "," HB3 PHE A  30 ",-0.111064573903983
" H   PHE A  30 "," H   LYS A  31 ",-0.800332891061921
" H   PHE A  30 "," HB2 LYS A  31 ",-0.0233737835379143
" H   PHE A  30 "," HG2 LYS A  31 ",-0.00965139164363259
" H   PHE A  30 "," H   GLN A  32 ",-0.0524664621160951
" H   PHE A  30 "," H   TYR A  33 ",-0.0131749324263098
" H   PHE A  30 "," HZ3 TRP A  43 ",-0.00893622161105832
" H   PHE A  30 "," HH2 TRP A  43 ",-0.00702512701431899
" HA  PHE A  30 "," HB2 PHE A  30 ",-0.300804878721477
" HA  PHE A  30 "," HB3 PHE A  30 ",-0.691667134818159
" HA  PHE A  30 "," H   LYS A  31 ",-0.111796338877596
" HA  PHE A  30 "," HA  LYS A  31 ",-0.0182831349439003
" HA  PHE A  30 "," H   GLN A  32 ",-0.0498970034854139
" HA  PHE A  30 "," H   TYR A  33 ",-0.120742567763404
" HA  PHE A  30 "," HB2 TYR A  33 ",-0.121164289586086
" HA  PHE A  30 "," HB3 TYR A  33 ",-0.139596684547887
" HA  PHE A  30 "," H   ALA A  34 ",-0.0231535911413819
" HA  PHE A  30 "," HZ3 TRP A  43 ",-0.0153831533415676
" HA  PHE A  30 "," HH2 TRP A  43 ",-0.02985135739878
" HB2 PHE A  30 "," HB3 PHE A  30 ",-6.93136207759016
" HB2 PHE A  30 "," H   LYS A  31 ",-0.458221604231309
" HB2 PHE A  30 "," HA  LYS A  31 ",-0.0247435335167512
" HB2 PHE A  30 "," HB2 LYS A  31 ",-0.0199223162543481
" HB2 PHE A  30 "," HG2 LYS A  31 ",-0.0241448164370946
" HB2 PHE A  30 "," HG3 LYS A  31 ",-0.0107596183008855
" HB2 PHE A  30 "," H   GLN A  32 ",-0.0136856507740616
" HB2 PHE A  30 "," HE3 TRP A  43 ",-0.0146215942636308
" HB2 PHE A  30 "," HZ3 TRP A  43 ",-0.324177306634517
" HB2 PHE A  30 "," HH2 TRP A  43 ",-0.0656260067704412
" HB2 PHE A  30 "," HB3 PHE A  52 ",-0.00790932805885975
" HB3 PHE A  30 "," H   LYS A  31 ",-0.137321893096728
" HB3 PHE A  30 "," HA  LYS A  31 ",-0.041289280293881
" HB3 PHE A  30 "," HG2 LYS A  31 ",-0.0210963436440095
" HB3 PHE A  30 "," HD3 LYS A  31 ",-0.00583986078978974
" HB3 PHE A  30 "," H   TYR A  33 ",-0.0110851910449875
" HB3 PHE A  30 "," HB3 TYR A  33 ",-0.0182378402741006
" HB3 PHE A  30 "," H   ALA A  34 ",-0.0121832452556814
" HB3 PHE A  30 "," HE3 TRP A  43 ",-0.0277261358988743
" HB3 PHE A  30 "," HZ2 TRP A  43 ",-0.0129085326564957
" HB3 PHE A  30 "," HZ3 TRP A  43 ",-0.395721720538555
" HB3 PHE A  30 "," HH2 TRP A  43 ",-0.192597071911681
" HB3 PHE A  30 "," HB2 PHE A  52 ",-0.0100647438842956
" HB3 PHE A  30 "," HB3 PHE A  52 ",-0.0158806480499643
" HZ  PHE A  30 "," HB2 PHE A  52 ",-0.0169482269388077
" H   LYS A  31 "," HA  LYS A  31 ",-0.414012187223158
" H   LYS A  31 "," HB2 LYS A  31 ",-1.27720350034493
" H   LYS A  31 "," HB3 LYS A  31 ",-0.188185955785011
" H   LYS A  31 "," HG2 LYS A  31 ",-0.279135534992986
" H   LYS A  31 "," HG3 LYS A  31 ",-0.109921712735266
" H   LYS A  31 "," HD2 LYS A  31 ",-0.0208297344152795
" H   LYS A  31 "," HD3 LYS A  31 ",-0.0167636824863683
" H   LYS A  31 "," HE3 LYS A  31 ",-0.0108890448213156
" H   LYS A  31 "," H   GLN A  32 ",-0.652321880457851
" H   LYS A  31 "," HB2 GLN A  32 ",-0.0195389820916212
" H   LYS A  31 "," HB3 GLN A  32 ",-0.0124994104665636
" H   LYS A  31 "," H   TYR A  33 ",-0.0356355803663297
" H   LYS A  31 "," H   ALA A  34 ",-0.0127366481454277
" H   LYS A  31 "," HZ3 TRP A  43 ",-0.0257760744058691
" H   LYS A  31 "," HH2 TRP A  43 ",-0.0594826216144599
" HA  LYS A  31 "," HB2 LYS A  31 ",-0.355363732838842
" HA  LYS A  31 "," HB3 LYS A  31 ",-0.527512262057483
" HA  LYS A  31 "," HG2 LYS A  31 ",-0.496224155954931
" HA  LYS A  31 "," HG3 LYS A  31 ",-0.406283719266827
" HA  LYS A  31 "," HD2 LYS A  31 ",-0.220918507016056
" HA  LYS A  31 "," HD3 LYS A  31 ",-0.210357110440133
" HA  LYS A  31 "," HE2 LYS A  31 ",-0.0453486720343761
" HA  LYS A  31 "," HE3 LYS A  31 ",-0.152744583522596
" HA  LYS A  31 "," H   GLN A  32 ",-0.116723961709338
" HA  LYS A  31 "," HA  GLN A  32 ",-0.0185883116409587
" HA  LYS A  31 "," H   TYR A  33 ",-0.0378057916772483
" HA  LYS A  31 "," H   ALA A  34 ",-0.107081696268949
" HA  LYS A  31 "," H   ASN A  35 ",-0.0430433626782434
" HA  LYS A  31 "," HB2 ASN A  35 ",-0.0113415860216349
" HA  LYS A  31 "," HE1 TRP A  43 ",-0.0191636911733478
" HA  LYS A  31 "," HZ2 TRP A  43 ",-0.502106310762913
" HA  LYS A  31 "," HZ3 TRP A  43 ",-0.0246850561700769
" HA  LYS A  31 "," HH2 TRP A  43 ",-0.738736153750901
" HB2 LYS A  31 "," HB3 LYS A  31 ",-4.18463143832571
" HB2 LYS A  31 "," HG2 LYS A  31 ",-0.369550334030361
" HB2 LYS A  31 "," HG3 LYS A  31 ",-0.702409019916905
" HB2 LYS A  31 "," HD2 LYS A  31 ",-0.697288641128725
" HB2 LYS A  31 "," HD3 LYS A  31 ",-0.102762440342035
" HB2 LYS A  31 "," HE2 LYS A  31 ",-0.0381918748259828
" HB2 LYS A  31 "," HE3 LYS A  31 ",-0.0817403894859581
" HB2 LYS A  31 "," H   GLN A  32 ",-0.377587093234569
" HB2 LYS A  31 "," HA  GLN A  32 ",-0.0201843259672556
" HB2 LYS A  31 "," HB2 GLN A  32 ",-0.02053945332685
" HB2 LYS A  31 "," HZ2 TRP A  43 ",-0.011467665791639
" HB2 LYS A  31 "," HZ3 TRP A  43 ",-0.0110855219522738
" HB2 LYS A  31 "," HH2 TRP A  43 ",-0.0242688737666205
" HB3 LYS A  31 "," HG2 LYS A  31 ",-0.457387997491592
" HB3 LYS A  31 "," HG3 LYS A  31 ",-0.328567486451604
" HB3 LYS A  31 "," HD2 LYS A  31 ",-0.474076780937656
" HB3 LYS A  31 "," HD3 LYS A  31 ",-0.231915144396657
" HB3 LYS A  31 "," HE2 LYS A  31 ",-0.611034947498042
" HB3 LYS A  31 "," HE3 LYS A  31 ",-0.126379903651153
" HB3 LYS A  31 "," H   GLN A  32 ",-0.141026149644227
" HB3 LYS A  31 "," HA  GLN A  32 ",-0.0389369875370016
" HB3 LYS A  31 "," HB2 GLN A  32 ",-0.0194205802145847
" HB3 LYS A  31 "," H   ALA A  34 ",-0.00970477199125759
" HB3 LYS A  31 "," H   ASN A  35 ",-0.0132078314597997
" HB3 LYS A  31 "," HE1 TRP A  43 ",-0.00596259285133442
" HB3 LYS A  31 "," HZ2 TRP A  43 ",-0.0187091384556667
" HB3 LYS A  31 "," HH2 TRP A  43 ",-0.0100056265698148
" HG2 LYS A  31 "," HG3 LYS A  31 ",-4.7737539003929
" HG2 LYS A  31 "," HD2 LYS A  31 ",-0.25619548964888
" HG2 LYS A  31 "," HD3 LYS A  31 ",-0.491005136358858
" HG2 LYS A  31 "," HE2 LYS A  31 ",-0.131891189722483
" HG2 LYS A  31 "," HE3 LYS A  31 ",-0.27475461187873
" HG2 LYS A  31 "," H   GLN A  32 ",-0.0153082746449335
" HG2 LYS A  31 "," HA  GLN A  32 ",-0.00645304763523153
" HG2 LYS A  31 "," HB2 ASN A  35 ",-0.0099371721875084
" HG2 LYS A  31 "," HB3 ASN A  35 ",-0.00325561235120962
" HG2 LYS A  31 ","HD21 ASN A  35 ",-0.00506963313632005
" HG2 LYS A  31 "," HE1 TRP A  43 ",-0.0190457331737698
" HG2 LYS A  31 "," HE3 TRP A  43 ",-0.00743744156245851
" HG2 LYS A  31 "," HZ2 TRP A  43 ",-0.0515792978818734
" HG2 LYS A  31 "," HZ3 TRP A  43 ",-0.00855612134697736
" HG2 LYS A  31 "," HH2 TRP A  43 ",-0.0193898621659832
" HG3 LYS A  31 "," HD2 LYS A  31 ",-0.343569185518677
" HG3 LYS A  31 "," HD3 LYS A  31 ",-0.284999446770028
" HG3 LYS A  31 "," HE2 LYS A  31 ",-0.366200083864735
" HG3 LYS A  31 "," HE3 LYS A  31 ",-0.427598993056659
" HG3 LYS A  31 "," H   GLN A  32 ",-0.0148647942492432
" HG3 LYS A  31 "," H   ASN A  35 ",-0.00782737309332527
" HG3 LYS A  31 "," HB2 ASN A  35 ",-0.014985624450956
" HG3 LYS A  31 "," HE1 TRP A  43 ",-0.00984752193307956
" HG3 LYS A  31 "," HZ2 TRP A  43 ",-0.0424617908036308
" HG3 LYS A  31 "," HH2 TRP A  43 ",-0.0142964188963655
" HD2 LYS A  31 "," HD3 LYS A  31 ",-5.27720444788431
" HD2 LYS A  31 "," HE2 LYS A  31 ",-0.185359950997292
" HD2 LYS A  31 "," HE3 LYS A  31 ",-0.595781112381037
" HD2 LYS A  31 "," HD1 TRP A  43 ",-0.0193106441984771
" HD2 LYS A  31 "," HE1 TRP A  43 ",-0.0541320470556015
" HD2 LYS A  31 "," HZ2 TRP A  43 ",-0.0164866292850462
" HD3 LYS A  31 "," HE2 LYS A  31 ",-0.703679272938384
" HD3 LYS A  31 "," HE3 LYS A  31 ",-0.221156342213572
" HD3 LYS A  31 "," HB2 TRP A  43 ",-0.00606188201184734
" HD3 LYS A  31 "," HB3 TRP A  43 ",-0.00567804702388992
" HD3 LYS A  31 "," HD1 TRP A  43 ",-0.0114618938649932
" HD3 LYS A  31 "," HE1 TRP A  43 ",-0.0319623577840833
" HD3 LYS A  31 "," HE3 TRP A  43 ",-0.0062429745395103
" HD3 LYS A  31 "," HZ2 TRP A  43 ",-0.0214200481756488
" HD3 LYS A  31 "," HH2 TRP A  43 ",-0.00681841665560433
" HE2 LYS A  31 "," HE3 LYS A  31 ",-5.38353513498312
" HE2 LYS A  31 "," HB2 TRP A  43 ",-0.0102493470992143
" HE2 LYS A  31 "," HB3 TRP A  43 ",-0.00658975877853527
" HE2 LYS A  31 "," HD1 TRP A  43 ",-0.00937093031814289
" HE2 LYS A  31 "," HE1 TRP A  43 ",-0.0420726381083912
" HE2 LYS A  31 "," HZ2 TRP A  43 ",-0.0421928871104743
" HE3 LYS A  31 "," HD1 TRP A  43 ",-0.0171562509580261
" HE3 LYS A  31 "," HE1 TRP A  43 ",-0.612280891069077
" HE3 LYS A  31 "," HE3 TRP A  43 ",-0.0103124453800206
" HE3 LYS A  31 "," HZ2 TRP A  43 ",-0.522192306469459
" HE3 LYS A  31 "," HZ3 TRP A  43 ",-0.0093955140489544
" HE3 LYS A  31 "," HH2 TRP A  43 ",-0.0270223234940034
" H   GLN A  32 "," HA  GLN A  32 ",-0.405245261271587
" H   GLN A  32 "," HB2 GLN A  32 ",-1.31314638223478
" H   GLN A  32 "," HB3 GLN A  32 ",-0.516868866579502
" H   GLN A  32 "," HG2 GLN A  32 ",-0.022423162864143
" H   GLN A  32 "," HG3 GLN A  32 ",-0.0265807807034611
" H   GLN A  32 ","HE21 GLN A  32 ",-0.0098122263496667
" H   GLN A  32 "," H   TYR A  33 ",-0.68739826408089
" H   GLN A  32 "," HA  TYR A  33 ",-0.0105281979165408
" H   GLN A  32 "," HB2 TYR A  33 ",-0.0174792295337253
" H   GLN A  32 "," HB3 TYR A  33 ",-0.0149381830793501
" H   GLN A  32 "," H   ALA A  34 ",-0.0417413783964507
" H   GLN A  32 "," H   ASN A  35 ",-0.0145497515196246
" H   GLN A  32 "," HH2 TRP A  43 ",-0.00987456948175784
" HA  GLN A  32 "," HB2 GLN A  32 ",-0.765637620681131
" HA  GLN A  32 "," HB3 GLN A  32 ",-0.302772449168592
" HA  GLN A  32 "," HG2 GLN A  32 ",-0.575230638207512
" HA  GLN A  32 "," HG3 GLN A  32 ",-0.310135789051078
" HA  GLN A  32 ","HE21 GLN A  32 ",-0.0240852861208796
" HA  GLN A  32 ","HE22 GLN A  32 ",-0.0104015756633376
" HA  GLN A  32 "," H   TYR A  33 ",-0.112424894877721
" HA  GLN A  32 "," HA  TYR A  33 ",-0.0187130628299749
" HA  GLN A  32 "," H   ALA A  34 ",-0.0358662407245935
" HA  GLN A  32 "," H   ASN A  35 ",-0.0961235603161903
" HA  GLN A  32 "," HB2 ASN A  35 ",-0.223816763551074
" HA  GLN A  32 "," HB3 ASN A  35 ",-0.0819705132112632
" HA  GLN A  32 ","HD21 ASN A  35 ",-0.0318978671860474
" HA  GLN A  32 "," H   ASP A  36 ",-0.0490413799541621
" HA  GLN A  32 "," HB2 ASP A  36 ",-0.0138055725956309
" HB2 GLN A  32 "," HB3 GLN A  32 ",-6.66660534406473
" HB2 GLN A  32 "," HG2 GLN A  32 ",-0.305092743822396
" HB2 GLN A  32 "," HG3 GLN A  32 ",-0.696145878584311
" HB2 GLN A  32 ","HE21 GLN A  32 ",-0.560606937266804
" HB2 GLN A  32 ","HE22 GLN A  32 ",-0.0390265623315868
" HB2 GLN A  32 "," H   TYR A  33 ",-0.0838419167711982
" HB3 GLN A  32 "," HG2 GLN A  32 ",-0.580856785735237
" HB3 GLN A  32 "," HG3 GLN A  32 ",-0.317410494127283
" HB3 GLN A  32 ","HE21 GLN A  32 ",-0.409962179237424
" HB3 GLN A  32 ","HE22 GLN A  32 ",-0.0338696606653141
" HB3 GLN A  32 "," H   TYR A  33 ",-0.773873427753777
" HB3 GLN A  32 "," HA  TYR A  33 ",-0.048554314040294
" HB3 GLN A  32 "," HB2 TYR A  33 ",-0.0410188445420949
" HB3 GLN A  32 "," HB3 TYR A  33 ",-0.0130403959377056
" HB3 GLN A  32 "," H   ALA A  34 ",-0.0145645328469503
" HG2 GLN A  32 "," HG3 GLN A  32 ",-4.23528367272227
" HG2 GLN A  32 ","HE21 GLN A  32 ",-0.333550461081134
" HG2 GLN A  32 ","HE22 GLN A  32 ",-0.0403250031121062
" HG2 GLN A  32 "," H   TYR A  33 ",-0.0294364071372006
" HG2 GLN A  32 "," HA  TYR A  33 ",-0.0182375989424451
" HG2 GLN A  32 "," HB2 ASN A  35 ",-0.011331245271823
" HG2 GLN A  32 "," HB3 ASN A  35 ",-0.00876847870643283
" HG2 GLN A  32 ","HD21 ASN A  35 ",-0.0067798921495628
" HG2 GLN A  32 "," H   ASP A  36 ",-0.0201914285587812
" HG2 GLN A  32 "," HB2 ASP A  36 ",-0.0180244332147612
" HG3 GLN A  32 ","HE21 GLN A  32 ",-0.110582461859385
" HG3 GLN A  32 ","HE22 GLN A  32 ",-0.0232444243972741
" HG3 GLN A  32 "," H   TYR A  33 ",-0.0269838481628161
" HG3 GLN A  32 "," HA  TYR A  33 ",-0.0213076194800681
" HG3 GLN A  32 "," HB2 ASN A  35 ",-0.0137416306030584
" HG3 GLN A  32 "," H   ASP A  36 ",-0.017175099902991
" HG3 GLN A  32 "," HB2 ASP A  36 ",-0.00908083547111224
"HE21 GLN A  32 ","HE22 GLN A  32 ",-3.06951737753598
"HE21 GLN A  32 "," H   TYR A  33 ",-0.0154875909053165
"HE21 GLN A  32 "," HA  TYR A  33 ",-0.0126697884866913
"HE21 GLN A  32 "," HB2 TYR A  33 ",-0.00581113204107037
"HE21 GLN A  32 "," HB2 ASP A  36 ",-0.00772927095396949
"HE22 GLN A  32 "," HB2 ASP A  36 ",-0.00850237400704316
" H   TYR A  33 "," HA  TYR A  33 ",-0.412155837158946
" H   TYR A  33 "," HB2 TYR A  33 ",-1.00705230295791
" H   TYR A  33 "," HB3 TYR A  33 ",-0.63786348063953
" H   TYR A  33 "," H   ALA A  34 ",-0.533600355914903
" H   TYR A  33 "," H   ASN A  35 ",-0.0358634704610234
" H   TYR A  33 "," HB3 ASN A  35 ",-0.00557395671165101
" H   TYR A  33 "," H   ASP A  36 ",-0.0192056043327567
" H   TYR A  33 "," HH2 TRP A  43 ",-0.0121042115923059
" HA  TYR A  33 "," HB2 TYR A  33 ",-0.887621969928456
" HA  TYR A  33 "," HB3 TYR A  33 ",-0.289560429106353
" HA  TYR A  33 "," H   ALA A  34 ",-0.107006526538076
" HA  TYR A  33 "," HA  ALA A  34 ",-0.0181566841011004
" HA  TYR A  33 "," H   ASN A  35 ",-0.0187957846864663
" HA  TYR A  33 "," H   ASP A  36 ",-0.0938682572048275
" HA  TYR A  33 "," HB2 ASP A  36 ",-0.358204012507538
" HA  TYR A  33 "," HB3 ASP A  36 ",-0.0726773602816787
" HA  TYR A  33 "," H   ASN A  37 ",-0.0282249302136608
" HA  TYR A  33 "," HB2 ASN A  37 ",-0.0118604232586002
" HA  TYR A  33 ","HD21 ASN A  37 ",-0.0944859554361985
" HA  TYR A  33 ","HD22 ASN A  37 ",-0.035820696609455
" HB2 TYR A  33 "," HB3 TYR A  33 ",-7.38714984333247
" HB2 TYR A  33 "," H   ALA A  34 ",-0.0772934411876035
" HB2 TYR A  33 ","HD21 ASN A  37 ",-0.0111592384749775
" HB2 TYR A  33 ","HD22 ASN A  37 ",-0.00739352198424653
" HB3 TYR A  33 "," H   ALA A  34 ",-1.06151353673303
" HB3 TYR A  33 "," HA  ALA A  34 ",-0.0443115262204103
" HB3 TYR A  33 "," H   ASN A  35 ",-0.0117915434199931
" HB3 TYR A  33 ","HD21 ASN A  37 ",-0.0263116123914644
" HB3 TYR A  33 ","HD22 ASN A  37 ",-0.00904209768311641
" HB3 TYR A  33 "," HZ2 TRP A  43 ",-0.00723903905505396
" HB3 TYR A  33 "," HH2 TRP A  43 ",-0.0210667436584525
" HH  TYR A  33 ","HD22 ASN A  37 ",-0.0260133843185256
" H   ALA A  34 "," HA  ALA A  34 ",-0.413229781965527
" H   ALA A  34 "," H   ASN A  35 ",-0.480691600861847
" H   ALA A  34 "," HB2 ASN A  35 ",-0.0188110242470142
" H   ALA A  34 "," H   ASP A  36 ",-0.0483479479730971
" H   ALA A  34 "," HB2 ASP A  36 ",-0.0116273331370669
" H   ALA A  34 "," H   ASN A  37 ",-0.0168223178448629
" H   ALA A  34 "," HB2 ASN A  37 ",-0.0124033819104867
" H   ALA A  34 ","HD21 ASN A  37 ",-0.0193017164214337
" H   ALA A  34 "," HB  VAL A  39 ",-0.0108648772356649
" H   ALA A  34 "," HZ2 TRP A  43 ",-0.0320722582730896
" H   ALA A  34 "," HH2 TRP A  43 ",-0.05142214377676
" HA  ALA A  34 "," H   ASN A  35 ",-0.102180007982682
" HA  ALA A  34 "," HA  ASN A  35 ",-0.0175842235949857
" HA  ALA A  34 "," H   ASP A  36 ",-0.0315898238310862
" HA  ALA A  34 "," HB2 ASP A  36 ",-0.00933522058396311
" HA  ALA A  34 "," H   ASN A  37 ",-0.112871317213747
" HA  ALA A  34 "," HB2 ASN A  37 ",-0.468178126318423
" HA  ALA A  34 "," HB3 ASN A  37 ",-0.0312456762841167
" HA  ALA A  34 ","HD21 ASN A  37 ",-0.089201356582109
" HA  ALA A  34 ","HD22 ASN A  37 ",-0.00826069218303109
" HA  ALA A  34 "," H   GLY A  38 ",-0.0153232740861612
" HA  ALA A  34 "," H   VAL A  39 ",-0.0906789763007119
" HA  ALA A  34 "," HB  VAL A  39 ",-0.583112938819545
" HA  ALA A  34 "," HZ2 TRP A  43 ",-0.0225048797437869
" HA  ALA A  34 "," HH2 TRP A  43 ",-0.0131708879375099
" H   ASN A  35 "," HA  ASN A  35 ",-0.43588655878654
" H   ASN A  35 "," HB2 ASN A  35 ",-1.43450539551713
" H   ASN A  35 "," HB3 ASN A  35 ",-0.280354697529542
" H   ASN A  35 ","HD21 ASN A  35 ",-0.020213268729446
" H   ASN A  35 "," H   ASP A  36 ",-0.510369770504068
" H   ASN A  35 "," HB2 ASP A  36 ",-0.0164712268591999
" H   ASN A  35 "," H   ASN A  37 ",-0.045904866785274
" H   ASN A  35 "," H   GLY A  38 ",-0.013639706420976
" H   ASN A  35 "," H   VAL A  39 ",-0.0188039085012512
" H   ASN A  35 "," HB  VAL A  39 ",-0.013813407970754
" H   ASN A  35 "," HZ2 TRP A  43 ",-0.0195270211590528
" H   ASN A  35 "," HH2 TRP A  43 ",-0.00789308908855443
" HA  ASN A  35 "," HB2 ASN A  35 ",-0.478905735394447
" HA  ASN A  35 "," HB3 ASN A  35 ",-0.422153541939222
" HA  ASN A  35 ","HD21 ASN A  35 ",-0.0350351862066721
" HA  ASN A  35 ","HD22 ASN A  35 ",-0.0252337178859913
" HA  ASN A  35 "," H   ASP A  36 ",-0.110316486461859
" HA  ASN A  35 "," HA  ASP A  36 ",-0.0181078655397463
" HA  ASN A  35 "," H   ASN A  37 ",-0.05236384482403
" HA  ASN A  35 "," H   GLY A  38 ",-0.139824845094043
" HA  ASN A  35 "," HA2 GLY A  38 ",-0.132563057746031
" HA  ASN A  35 "," HA3 GLY A  38 ",-0.0121431671154557
" HA  ASN A  35 "," H   VAL A  39 ",-0.135387831876141
" HA  ASN A  35 "," HB  VAL A  39 ",-0.0142632700719474
" HA  ASN A  35 "," HB2 ASP A  40 ",-0.0232133872759871
" HB2 ASN A  35 "," HB3 ASN A  35 ",-4.31962434736014
" HB2 ASN A  35 ","HD21 ASN A  35 ",-0.397971777461983
" HB2 ASN A  35 ","HD22 ASN A  35 ",-0.0599544684852139
" HB2 ASN A  35 "," H   ASP A  36 ",-0.314421088740348
" HB2 ASN A  35 "," HA  ASP A  36 ",-0.0149453375896643
" HB2 ASN A  35 "," HB2 ASP A  36 ",-0.00941359885923912
" HB2 ASN A  35 "," H   ASN A  37 ",-0.010926192224045
" HB3 ASN A  35 ","HD21 ASN A  35 ",-1.23872414939453
" HB3 ASN A  35 ","HD22 ASN A  35 ",-0.0838788329039427
" HB3 ASN A  35 "," H   ASP A  36 ",-0.240400166353711
" HB3 ASN A  35 "," HA  ASP A  36 ",-0.0416642929624887
" HB3 ASN A  35 "," HB2 ASP A  36 ",-0.0179131210667937
" HB3 ASN A  35 "," H   ASN A  37 ",-0.0124970844582798
" HB3 ASN A  35 "," H   GLY A  38 ",-0.0134099862130758
"HD21 ASN A  35 ","HD22 ASN A  35 ",-4.77875266541355
" H   ASP A  36 "," HA  ASP A  36 ",-0.408383912720834
" H   ASP A  36 "," HB2 ASP A  36 ",-0.807927445496877
" H   ASP A  36 "," HB3 ASP A  36 ",-0.165556262218227
" H   ASP A  36 "," H   ASN A  37 ",-0.662637288230559
" H   ASP A  36 "," HB2 ASN A  37 ",-0.0204526954743023
" H   ASP A  36 ","HD21 ASN A  37 ",-0.0195110750044468
" H   ASP A  36 "," H   GLY A  38 ",-0.0468999350809143
" H   ASP A  36 "," H   VAL A  39 ",-0.013280807514385
" HA  ASP A  36 "," HB2 ASP A  36 ",-0.298124963003908
" HA  ASP A  36 "," HB3 ASP A  36 ",-0.5795685413446
" HA  ASP A  36 "," H   ASN A  37 ",-0.125760690945676
" HA  ASP A  36 "," HA  ASN A  37 ",-0.0224083366533939
" HA  ASP A  36 "," H   GLY A  38 ",-0.0682766973116823
" HB2 ASP A  36 "," HB3 ASP A  36 ",-4.97127887641955
" HB2 ASP A  36 "," H   ASN A  37 ",-0.331009405829636
" HB2 ASP A  36 "," HA  ASN A  37 ",-0.0153065985709849
" HB2 ASP A  36 "," HB2 ASN A  37 ",-0.0185113536363264
" HB2 ASP A  36 ","HD21 ASN A  37 ",-0.0619459340176954
" HB2 ASP A  36 ","HD22 ASN A  37 ",-0.0177407562604625
" HB2 ASP A  36 "," H   GLY A  38 ",-0.0130105780200426
" HB3 ASP A  36 "," H   ASN A  37 ",-0.108743869129626
" HB3 ASP A  36 "," HA  ASN A  37 ",-0.0303621313880012
" HB3 ASP A  36 "," HB2 ASN A  37 ",-0.0128568359679234
" HB3 ASP A  36 ","HD21 ASN A  37 ",-0.0339086161962968
" HB3 ASP A  36 ","HD22 ASN A  37 ",-0.036630694380972
" H   ASN A  37 "," HA  ASN A  37 ",-0.3084380225742
" H   ASN A  37 "," HB2 ASN A  37 ",-1.13947139908042
" H   ASN A  37 "," HB3 ASN A  37 ",-0.0911740191607592
" H   ASN A  37 ","HD21 ASN A  37 ",-0.193682179928831
" H   ASN A  37 ","HD22 ASN A  37 ",-0.0252448414715517
" H   ASN A  37 "," H   GLY A  38 ",-0.843823781712261
" H   ASN A  37 "," HA2 GLY A  38 ",-0.0223679239040749
" H   ASN A  37 "," H   VAL A  39 ",-0.144373773283471
" H   ASN A  37 "," HB  VAL A  39 ",-0.0249990865925988
" HA  ASN A  37 "," HB2 ASN A  37 ",-0.288122634953794
" HA  ASN A  37 "," HB3 ASN A  37 ",-0.734064435749446
" HA  ASN A  37 ","HD21 ASN A  37 ",-0.73547063349951
" HA  ASN A  37 ","HD22 ASN A  37 ",-0.0576180359739742
" HA  ASN A  37 "," H   GLY A  38 ",-0.238691916228022
" HA  ASN A  37 "," HA2 GLY A  38 ",-0.0135515864684904
" HA  ASN A  37 "," HA3 GLY A  38 ",-0.0282627083555067
" HA  ASN A  37 "," H   VAL A  39 ",-0.0221174215212007
" HB2 ASN A  37 "," HB3 ASN A  37 ",-6.98339074054926
" HB2 ASN A  37 ","HD21 ASN A  37 ",-0.945589905003716
" HB2 ASN A  37 ","HD22 ASN A  37 ",-0.0888656787893291
" HB2 ASN A  37 "," H   GLY A  38 ",-0.0731582077860643
" HB2 ASN A  37 "," H   VAL A  39 ",-0.117472904488361
" HB2 ASN A  37 "," HB  VAL A  39 ",-0.0815160389513664
" HB3 ASN A  37 ","HD21 ASN A  37 ",-0.163928099513828
" HB3 ASN A  37 ","HD22 ASN A  37 ",-0.0585279628698895
" HB3 ASN A  37 "," H   GLY A  38 ",-0.0383864296250132
" HB3 ASN A  37 "," HA3 GLY A  38 ",-0.0127008141860892
" HB3 ASN A  37 "," H   VAL A  39 ",-0.0650954985765438
" HB3 ASN A  37 "," HB  VAL A  39 ",-0.0431329491174663
"HD21 ASN A  37 ","HD22 ASN A  37 ",-5.73501066418751
"HD21 ASN A  37 "," H   GLY A  38 ",-0.0100462614610329
" H   GLY A  38 "," HA2 GLY A  38 ",-1.31010544085635
" H   GLY A  38 "," HA3 GLY A  38 ",-0.402732460837152
" H   GLY A  38 "," H   VAL A  39 ",-0.524508559173743
" H   GLY A  38 "," HB  VAL A  39 ",-0.0131586147572296
" HA2 GLY A  38 "," HA3 GLY A  38 ",-7.1608457922745
" HA2 GLY A  38 "," H   VAL A  39 ",-0.332427636784568
" HA2 GLY A  38 "," HA  VAL A  39 ",-0.0256969327592338
" HA3 GLY A  38 "," H   VAL A  39 ",-0.111575014621272
" HA3 GLY A  38 "," HA  VAL A  39 ",-0.0254915883836715
" H   VAL A  39 "," HA  VAL A  39 ",-0.310784625185746
" H   VAL A  39 "," HB  VAL A  39 ",-0.759371893246462
" H   VAL A  39 "," H   ASP A  40 ",-0.029502932972385
" H   VAL A  39 "," HB2 ASP A  40 ",-0.0169770074086011
" HA  VAL A  39 "," HB  VAL A  39 ",-0.280177156716967
" HA  VAL A  39 "," H   ASP A  40 ",-2.2203768396125
" HA  VAL A  39 "," HA  ASP A  40 ",-0.0301688645406695
" HA  VAL A  39 "," HB2 ASP A  40 ",-0.028327310744357
" HA  VAL A  39 "," HB3 ASP A  40 ",-0.0181019862381468
" HA  VAL A  39 "," HA  GLU A  56 ",-0.0127399267482306
" HA  VAL A  39 "," HB2 GLU A  56 ",-0.0114210202591611
" HA  VAL A  39 "," HG2 GLU A  56 ",-0.0878613029831074
" HA  VAL A  39 "," HG3 GLU A  56 ",-0.110252013836219
" HB  VAL A  39 "," H   ASP A  40 ",-0.0379947019914835
" HB  VAL A  39 "," HA  ASP A  40 ",-0.020417300733515
" HB  VAL A  39 "," HB  VAL A  54 ",-0.00518612109172041
" HB  VAL A  39 "," HG2 GLU A  56 ",-0.0105280825334668
" HB  VAL A  39 "," HG3 GLU A  56 ",-0.0092300518271927
" H   ASP A  40 "," HA  ASP A  40 ",-0.316965216709823
" H   ASP A  40 "," HB2 ASP A  40 ",-0.230510179550925
" H   ASP A  40 "," HB3 ASP A  40 ",-0.298559164517971
" H   ASP A  40 "," H   GLY A  41 ",-0.0320646927318408
" H   ASP A  40 "," HA3 GLY A  41 ",-0.0166187498932589
" H   ASP A  40 "," HA  GLU A  56 ",-0.0732394853135023
" H   ASP A  40 "," HB2 GLU A  56 ",-0.0195145841714704
" H   ASP A  40 "," HB3 GLU A  56 ",-0.0260379697720909
" H   ASP A  40 "," HG2 GLU A  56 ",-1.07981275262728
" H   ASP A  40 "," HG3 GLU A  56 ",-0.948180083029128
" HA  ASP A  40 "," HB2 ASP A  40 ",-0.727217565110157
" HA  ASP A  40 "," HB3 ASP A  40 ",-0.26979476452776
" HA  ASP A  40 "," H   GLY A  41 ",-1.53746881487228
" HA  ASP A  40 "," HA2 GLY A  41 ",-0.0243856027345551
" HA  ASP A  40 "," HA3 GLY A  41 ",-0.0299063668612218
" HA  ASP A  40 "," HD1 TRP A  43 ",-0.0122839844760532
" HA  ASP A  40 "," HE1 TRP A  43 ",-0.121715042945661
" HA  ASP A  40 "," HZ2 TRP A  43 ",-0.0162754464701186
" HA  ASP A  40 "," HA  GLU A  56 ",-0.0154719485986809
" HA  ASP A  40 "," HG2 GLU A  56 ",-0.0200546715988042
" HA  ASP A  40 "," HG3 GLU A  56 ",-0.0136961984643396
" HB2 ASP A  40 "," HB3 ASP A  40 ",-6.63903502685012
" HB2 ASP A  40 "," H   GLY A  41 ",-0.0415124222290758
" HB2 ASP A  40 "," HE1 TRP A  43 ",-0.00689226058850659
" HB2 ASP A  40 "," HG2 GLU A  56 ",-0.00908413526258633
" HB2 ASP A  40 "," HG3 GLU A  56 ",-0.00716537370877916
" HB3 ASP A  40 "," H   GLY A  41 ",-0.0675392851750238
" HB3 ASP A  40 "," HA2 GLY A  41 ",-0.0262174270298715
" HB3 ASP A  40 "," HA  GLU A  56 ",-0.0128258061842166
" HB3 ASP A  40 "," HG2 GLU A  56 ",-0.0235201638234028
" HB3 ASP A  40 "," HG3 GLU A  56 ",-0.0134194006147544
" H   GLY A  41 "," HA2 GLY A  41 ",-0.436543186558004
" H   GLY A  41 "," HA3 GLY A  41 ",-0.411706246756026
" H   GLY A  41 "," H   VAL A  42 ",-0.0433102128357451
" H   GLY A  41 "," HA  VAL A  42 ",-0.0184484331881856
" H   GLY A  41 "," HD1 TRP A  43 ",-0.0847688440198991
" H   GLY A  41 "," HE1 TRP A  43 ",-0.112239081293522
" H   GLY A  41 "," HZ2 TRP A  43 ",-0.00950265142397153
" H   GLY A  41 "," HA  GLU A  56 ",-0.0232724027995065
" H   GLY A  41 "," HG2 GLU A  56 ",-0.00939793349101002
" H   GLY A  41 "," HG3 GLU A  56 ",-0.00662141503432158
" HA2 GLY A  41 "," HA3 GLY A  41 ",-6.8290080606355
" HA2 GLY A  41 "," H   VAL A  42 ",-0.252120305928583
" HA2 GLY A  41 "," HA  VAL A  42 ",-0.0284798567467009
" HA2 GLY A  41 "," HB  VAL A  42 ",-0.00978673474598043
" HA2 GLY A  41 "," H   THR A  55 ",-0.0106501873769312
" HA2 GLY A  41 "," HB  THR A  55 ",-0.00808668816364145
" HA2 GLY A  41 "," HA  GLU A  56 ",-0.15689090791067
" HA2 GLY A  41 "," HG2 GLU A  56 ",-0.0107259756368245
" HA2 GLY A  41 "," HG3 GLU A  56 ",-0.00723918890908185
" HA3 GLY A  41 "," H   VAL A  42 ",-1.91791707569934
" HA3 GLY A  41 "," HA  VAL A  42 ",-0.0295171856103277
" HA3 GLY A  41 "," HB  VAL A  42 ",-0.0146077922386069
" HA3 GLY A  41 "," HD1 TRP A  43 ",-0.00942583637152661
" HA3 GLY A  41 "," HA  VAL A  54 ",-0.0153174907034619
" HA3 GLY A  41 "," HB  VAL A  54 ",-0.00506943826071401
" HA3 GLY A  41 "," H   THR A  55 ",-0.0658682872068013
" HA3 GLY A  41 "," HA  THR A  55 ",-0.0141735025718111
" HA3 GLY A  41 "," HB  THR A  55 ",-0.0330403086777344
" HA3 GLY A  41 "," H   GLU A  56 ",-0.0282945506699339
" HA3 GLY A  41 "," HA  GLU A  56 ",-0.884701699697954
" HA3 GLY A  41 "," HB2 GLU A  56 ",-0.0136633280277212
" HA3 GLY A  41 "," HB3 GLU A  56 ",-0.0144837972288221
" HA3 GLY A  41 "," HG2 GLU A  56 ",-0.0254202846905121
" HA3 GLY A  41 "," HG3 GLU A  56 ",-0.0125627688851294
" H   VAL A  42 "," HA  VAL A  42 ",-0.3196055764584
" H   VAL A  42 "," HB  VAL A  42 ",-0.412574570308353
" H   VAL A  42 "," H   TRP A  43 ",-0.0249027956645378
" H   VAL A  42 "," HD1 TRP A  43 ",-0.0166635166891698
" H   VAL A  42 "," HA  VAL A  54 ",-0.0433862352870289
" H   VAL A  42 "," H   THR A  55 ",-0.450721579172952
" H   VAL A  42 "," HA  THR A  55 ",-0.0162078565753431
" H   VAL A  42 "," HB  THR A  55 ",-0.171201882966467
" H   VAL A  42 "," HG1 THR A  55 ",-0.0270139193805882
" H   VAL A  42 "," H   GLU A  56 ",-0.0150305093962673
" H   VAL A  42 "," HA  GLU A  56 ",-0.0467815760951038
" HA  VAL A  42 "," HB  VAL A  42 ",-0.353327572118331
" HA  VAL A  42 "," H   TRP A  43 ",-1.81892758141819
" HA  VAL A  42 "," HA  TRP A  43 ",-0.0299932755205591
" HA  VAL A  42 "," HB2 TRP A  43 ",-0.0316047516595251
" HA  VAL A  42 "," HD1 TRP A  43 ",-0.0917167024936558
" HA  VAL A  42 "," H   THR A  55 ",-0.0129558867253673
" HB  VAL A  42 "," H   TRP A  43 ",-0.0641320377515677
" HB  VAL A  42 "," HA  TRP A  43 ",-0.0171652307179845
" HB  VAL A  42 "," H   THR A  44 ",-0.00972778724294032
" HB  VAL A  42 "," HA  VAL A  54 ",-0.00925588336778336
" HB  VAL A  42 "," H   THR A  55 ",-0.0570677439175512
" HB  VAL A  42 "," HB  THR A  55 ",-0.0955212792817857
" HB  VAL A  42 "," HG1 THR A  55 ",-0.0710406708889637
" H   TRP A  43 "," HA  TRP A  43 ",-0.299163496102292
" H   TRP A  43 "," HB2 TRP A  43 ",-0.771506786438688
" H   TRP A  43 "," HB3 TRP A  43 ",-0.0858738573551421
" H   TRP A  43 "," HD1 TRP A  43 ",-0.262196318754246
" H   TRP A  43 "," HE1 TRP A  43 ",-0.00944494630610325
" H   TRP A  43 "," H   THR A  44 ",-0.0406451686470476
" H   TRP A  43 "," HA  THR A  44 ",-0.0164471374408012
" HA  TRP A  43 "," HB2 TRP A  43 ",-0.288743034017766
" HA  TRP A  43 "," HB3 TRP A  43 ",-0.794867275957578
" HA  TRP A  43 "," HD1 TRP A  43 ",-0.0670702676099103
" HA  TRP A  43 "," HE3 TRP A  43 ",-0.132446747222433
" HA  TRP A  43 "," H   THR A  44 ",-1.65934878200895
" HA  TRP A  43 "," HA  THR A  44 ",-0.028421416500503
" HA  TRP A  43 "," HG1 THR A  44 ",-0.0216907064101406
" HA  TRP A  43 "," HB3 PHE A  52 ",-0.00972543141538663
" HA  TRP A  43 "," H   THR A  53 ",-0.0358948709387985
" HA  TRP A  43 "," HB  THR A  53 ",-0.0180683701619421
" HA  TRP A  43 "," HA  VAL A  54 ",-0.259574245714936
" HA  TRP A  43 "," HB  VAL A  54 ",-0.0343422582683092
" HA  TRP A  43 "," H   THR A  55 ",-0.0405858840329186
" HB2 TRP A  43 "," HB3 TRP A  43 ",-6.87196776364336
" HB2 TRP A  43 "," HD1 TRP A  43 ",-0.463124755102672
" HB2 TRP A  43 "," HE1 TRP A  43 ",-0.0164275034287186
" HB2 TRP A  43 "," HE3 TRP A  43 ",-0.044046640649257
" HB2 TRP A  43 "," H   THR A  44 ",-0.0359884521987725
" HB2 TRP A  43 "," HA  THR A  44 ",-0.0151919842905525
" HB3 TRP A  43 "," HD1 TRP A  43 ",-0.0604674335742265
" HB3 TRP A  43 "," HE3 TRP A  43 ",-0.75230321485254
" HB3 TRP A  43 "," HZ3 TRP A  43 ",-0.0139526107875773
" HB3 TRP A  43 "," H   THR A  44 ",-0.18738636468426
" HB3 TRP A  43 "," HA  THR A  44 ",-0.0274887630825599
" HB3 TRP A  43 "," HB2 TYR A  45 ",-0.00860118549859592
" HB3 TRP A  43 "," HB3 TYR A  45 ",-0.0123040155874919
" HB3 TRP A  43 "," HB3 PHE A  52 ",-0.0119418026965256
" HB3 TRP A  43 "," H   THR A  53 ",-0.0121426627250566
" HB3 TRP A  43 "," HA  VAL A  54 ",-0.0109456887866106
" HD1 TRP A  43 "," HE1 TRP A  43 ",-0.71681098320397
" HD1 TRP A  43 "," HA  VAL A  54 ",-0.0153521403091811
" HD1 TRP A  43 "," H   THR A  55 ",-0.00870074796181339
" HE1 TRP A  43 "," HZ2 TRP A  43 ",-0.382089496235188
" HE1 TRP A  43 "," HH2 TRP A  43 ",-0.0124534770847286
" HE1 TRP A  43 "," HA  VAL A  54 ",-0.0138512795197998
" HE1 TRP A  43 "," HB  VAL A  54 ",-0.017294407631016
" HE3 TRP A  43 "," HZ2 TRP A  43 ",-0.0131405325312353
" HE3 TRP A  43 "," HZ3 TRP A  43 ",-0.914132302625182
" HE3 TRP A  43 "," HH2 TRP A  43 ",-0.0344855924322452
" HE3 TRP A  43 "," H   THR A  44 ",-0.0795115770847246
" HE3 TRP A  43 "," HB2 TYR A  45 ",-0.0105452347350649
" HE3 TRP A  43 "," HA  PHE A  52 ",-0.0116453814223008
" HE3 TRP A  43 "," HB2 PHE A  52 ",-0.0203590148588827
" HE3 TRP A  43 "," HB3 PHE A  52 ",-0.178703319793053
" HE3 TRP A  43 "," H   THR A  53 ",-0.0426687187304131
" HE3 TRP A  43 "," HA  VAL A  54 ",-0.0169953643315851
" HE3 TRP A  43 "," HB  VAL A  54 ",-0.0515215251406564
" HZ2 TRP A  43 "," HZ3 TRP A  43 ",-0.0314475931247888
" HZ2 TRP A  43 "," HH2 TRP A  43 ",-0.836308862009019
" HZ2 TRP A  43 "," HB  VAL A  54 ",-0.0656897186237289
" HZ3 TRP A  43 "," HH2 TRP A  43 ",-0.954553122903536
" HZ3 TRP A  43 "," HB2 PHE A  52 ",-0.0609410700539503
" HZ3 TRP A  43 "," HB3 PHE A  52 ",-0.10313979252422
" HZ3 TRP A  43 "," H   THR A  53 ",-0.010683567636837
" HZ3 TRP A  43 "," HB  VAL A  54 ",-0.0540105701261212
" HH2 TRP A  43 "," HB  VAL A  54 ",-0.056047162042028
" H   THR A  44 "," HA  THR A  44 ",-0.325326517996318
" H   THR A  44 "," HB  THR A  44 ",-0.0780874757692134
" H   THR A  44 "," HG1 THR A  44 ",-0.670871231672404
" H   THR A  44 "," H   TYR A  45 ",-0.031824555556122
" H   THR A  44 "," HA  TYR A  45 ",-0.0137463803644933
" H   THR A  44 "," HB3 TYR A  45 ",-0.0123196995931326
" H   THR A  44 "," HA  PHE A  52 ",-0.0283998495753293
" H   THR A  44 "," HB3 PHE A  52 ",-0.0334057116469403
" H   THR A  44 "," H   THR A  53 ",-0.455097354142804
" H   THR A  44 "," HA  THR A  53 ",-0.0125773092911883
" H   THR A  44 "," HB  THR A  53 ",-0.0833943486669868
" H   THR A  44 "," HG1 THR A  53 ",-0.0214033391464827
" H   THR A  44 "," HA  VAL A  54 ",-0.0344884338986166
" H   THR A  44 "," H   THR A  55 ",-0.0111121553285271
" HA  THR A  44 "," HB  THR A  44 ",-0.686244902247056
" HA  THR A  44 "," HG1 THR A  44 ",-0.0567951842231569
" HA  THR A  44 "," H   TYR A  45 ",-1.63423910345463
" HA  THR A  44 "," HA  TYR A  45 ",-0.0270083492751678
" HA  THR A  44 "," HB2 TYR A  45 ",-0.0130516179225219
" HA  THR A  44 "," HB3 TYR A  45 ",-0.0305630199514424
" HA  THR A  44 "," H   THR A  53 ",-0.0154244435923342
" HB  THR A  44 "," HG1 THR A  44 ",-0.861575036205497
" HB  THR A  44 "," H   TYR A  45 ",-0.386691612407705
" HB  THR A  44 "," HA  TYR A  45 ",-0.0351585557773575
" HB  THR A  44 "," HB2 ASP A  46 ",-0.0100585420149666
" HB  THR A  44 "," HA  PHE A  52 ",-0.0120465946337114
" HB  THR A  44 "," H   THR A  53 ",-0.0254956448406983
" HB  THR A  44 "," HB  THR A  53 ",-0.029501064240222
" HB  THR A  44 "," HG1 THR A  53 ",-0.0335586200416848
" HG1 THR A  44 "," H   TYR A  45 ",-0.0176299399706278
" HG1 THR A  44 "," HA  TYR A  45 ",-0.0108241703183858
" HG1 THR A  44 "," HA  PHE A  52 ",-0.0202733432596583
" HG1 THR A  44 "," H   THR A  53 ",-0.213561306718293
" HG1 THR A  44 "," HA  THR A  53 ",-0.0158271406260351
" HG1 THR A  44 "," HB  THR A  53 ",-0.936321078463025
" HG1 THR A  44 "," HG1 THR A  53 ",-0.331584748134035
" HG1 THR A  44 "," HG1 THR A  55 ",-0.0097942413330519
" H   TYR A  45 "," HA  TYR A  45 ",-0.287393401875637
" H   TYR A  45 "," HB2 TYR A  45 ",-0.0822349739585703
" H   TYR A  45 "," HB3 TYR A  45 ",-0.462392133805224
" H   TYR A  45 "," H   ASP A  46 ",-0.0314310109074595
" H   TYR A  45 "," HA  ASP A  46 ",-0.0189405513235277
" H   TYR A  45 "," HB2 ASP A  46 ",-0.0112471830716213
" H   TYR A  45 "," HA  PHE A  52 ",-0.0143042103793697
" H   TYR A  45 "," HG1 THR A  53 ",-0.00464311392111014
" HA  TYR A  45 "," HB2 TYR A  45 ",-1.15486206716946
" HA  TYR A  45 "," HB3 TYR A  45 ",-0.272122831834155
" HA  TYR A  45 "," H   ASP A  46 ",-2.07950704040986
" HA  TYR A  45 "," HA  ASP A  46 ",-0.0289332012102124
" HA  TYR A  45 "," HB2 ASP A  46 ",-0.0260265147177656
" HA  TYR A  45 "," HB3 ASP A  46 ",-0.0235176103361581
" HA  TYR A  45 "," H   THR A  51 ",-0.0232266296940176
" HA  TYR A  45 "," HB  THR A  51 ",-0.00997791726772391
" HA  TYR A  45 "," H   PHE A  52 ",-0.0115585488476466
" HA  TYR A  45 "," HA  PHE A  52 ",-0.535289084440395
" HA  TYR A  45 "," HB2 PHE A  52 ",-0.00976750211879389
" HA  TYR A  45 "," HB3 PHE A  52 ",-0.0233308192312172
" HA  TYR A  45 "," HZ  PHE A  52 ",-0.0102700410866318
" HA  TYR A  45 "," H   THR A  53 ",-0.0398996692350509
" HA  TYR A  45 "," HG1 THR A  53 ",-0.0124255028498444
" HB2 TYR A  45 "," HB3 TYR A  45 ",-4.52574664082618
" HB2 TYR A  45 "," H   ASP A  46 ",-0.0906942314920327
" HB2 TYR A  45 "," HA  LYS A  50 ",-0.00876441102576499
" HB2 TYR A  45 "," H   THR A  51 ",-0.0112286723808396
" HB2 TYR A  45 "," HA  PHE A  52 ",-0.0663354036814224
" HB2 TYR A  45 "," HB3 PHE A  52 ",-0.0184581467259499
" HB2 TYR A  45 "," HZ  PHE A  52 ",-0.148780350259335
" HB3 TYR A  45 "," H   ASP A  46 ",-0.0278081596745812
" HB3 TYR A  45 "," HA  ASP A  46 ",-0.00896011557781727
" HB3 TYR A  45 "," HA  PHE A  52 ",-0.036337196673715
" HB3 TYR A  45 "," HB3 PHE A  52 ",-0.0123349032303787
" HB3 TYR A  45 "," HZ  PHE A  52 ",-0.0391909150520082
" HB3 TYR A  45 "," H   THR A  53 ",-0.00827479170131808
" HH  TYR A  45 "," H   ASP A  47 ",-0.0195336562988149
" HH  TYR A  45 "," HA  ASP A  47 ",-0.165777895620132
" HH  TYR A  45 "," HB2 ASP A  47 ",-0.113649919788403
" HH  TYR A  45 "," HB3 ASP A  47 ",-0.632894335922747
" HH  TYR A  45 "," H   LYS A  50 ",-0.00500596446735065
" HH  TYR A  45 "," HA  LYS A  50 ",-0.0261764434179683
" HH  TYR A  45 "," HB2 LYS A  50 ",-0.00341512974111176
" HH  TYR A  45 "," HB3 LYS A  50 ",-0.0168107190786382
" HH  TYR A  45 "," HZ  PHE A  52 ",-0.0115755697685212
" H   ASP A  46 "," HA  ASP A  46 ",-0.289434743009701
" H   ASP A  46 "," HB2 ASP A  46 ",-0.244092221263612
" H   ASP A  46 "," HB3 ASP A  46 ",-0.648575781738351
" H   ASP A  46 "," H   ASP A  47 ",-0.0417078395647138
" H   ASP A  46 "," HA  ASP A  47 ",-0.0168334282447222
" H   ASP A  46 "," H   ALA A  48 ",-0.0106429402295287
" H   ASP A  46 "," H   THR A  49 ",-0.0187947562523085
" H   ASP A  46 "," HA  LYS A  50 ",-0.0333991751338957
" H   ASP A  46 "," H   THR A  51 ",-0.259657070984668
" H   ASP A  46 "," HA  THR A  51 ",-0.0105773668642887
" H   ASP A  46 "," HB  THR A  51 ",-0.033543770103873
" H   ASP A  46 "," H   PHE A  52 ",-0.00870954766246279
" H   ASP A  46 "," HA  PHE A  52 ",-0.0550267719223418
" HA  ASP A  46 "," HB2 ASP A  46 ",-0.907870231188467
" HA  ASP A  46 "," HB3 ASP A  46 ",-0.278249747796126
" HA  ASP A  46 "," H   ASP A  47 ",-1.88640562756865
" HA  ASP A  46 "," HA  ASP A  47 ",-0.0307349170008071
" HA  ASP A  46 "," HB2 ASP A  47 ",-0.00947778446997583
" HA  ASP A  46 "," HB3 ASP A  47 ",-0.0257543116415538
" HA  ASP A  46 "," H   ALA A  48 ",-0.101230835577861
" HA  ASP A  46 "," H   THR A  49 ",-0.0221834615330923
" HA  ASP A  46 "," H   THR A  51 ",-0.011920906176469
" HB2 ASP A  46 "," HB3 ASP A  46 ",-7.31292738185207
" HB2 ASP A  46 "," H   ASP A  47 ",-0.0381230953522352
" HB2 ASP A  46 "," H   ALA A  48 ",-0.0246608783864824
" HB2 ASP A  46 "," H   THR A  49 ",-0.0292519276121104
" HB2 ASP A  46 "," HB  THR A  49 ",-0.00891473444795028
" HB2 ASP A  46 "," HG1 THR A  49 ",-0.0104412916637392
" HB2 ASP A  46 "," H   THR A  51 ",-0.0249634770585971
" HB2 ASP A  46 "," HB  THR A  51 ",-0.0345419756292426
" HB2 ASP A  46 "," HG1 THR A  51 ",-0.0044174049288225
" HB3 ASP A  46 "," H   ASP A  47 ",-0.0375706185668374
" HB3 ASP A  46 "," H   ALA A  48 ",-0.0608777327983622
" HB3 ASP A  46 "," H   THR A  49 ",-0.238138101377995
" HB3 ASP A  46 "," HB  THR A  49 ",-0.0549466702079179
" HB3 ASP A  46 "," HG1 THR A  49 ",-0.123454589402191
" HB3 ASP A  46 "," H   LYS A  50 ",-0.020187160044062
" HB3 ASP A  46 "," HA  LYS A  50 ",-0.0177672781997998
" HB3 ASP A  46 "," H   THR A  51 ",-0.392199500069661
" HB3 ASP A  46 "," HA  THR A  51 ",-0.00756264933333762
" HB3 ASP A  46 "," HB  THR A  51 ",-0.178169957721193
" HB3 ASP A  46 "," HG1 THR A  51 ",-0.0173696862970286
" H   ASP A  47 "," HA  ASP A  47 ",-0.413248433968944
" H   ASP A  47 "," HB2 ASP A  47 ",-0.178480523583645
" H   ASP A  47 "," HB3 ASP A  47 ",-1.15888030285749
" H   ASP A  47 "," H   ALA A  48 ",-0.529911417364851
" H   ASP A  47 "," H   THR A  49 ",-0.0279760479422402
" H   ASP A  47 "," H   LYS A  50 ",-0.0084141807426765
" H   ASP A  47 "," HA  LYS A  50 ",-0.00803790509936434
" HA  ASP A  47 "," HB2 ASP A  47 ",-1.23433596027044
" HA  ASP A  47 "," HB3 ASP A  47 ",-0.508533111038616
" HA  ASP A  47 "," H   ALA A  48 ",-0.130076827853761
" HA  ASP A  47 "," HA  ALA A  48 ",-0.0180974597204078
" HA  ASP A  47 "," H   THR A  49 ",-0.0368658428841941
" HA  ASP A  47 "," H   LYS A  50 ",-0.119142243105462
" HA  ASP A  47 "," HA  LYS A  50 ",-0.129318415348952
" HA  ASP A  47 "," HB3 LYS A  50 ",-0.0158559392177157
" HA  ASP A  47 "," HG2 LYS A  50 ",-0.00812037102482699
" HA  ASP A  47 "," HG3 LYS A  50 ",-0.0182140739382835
" HA  ASP A  47 "," HD2 LYS A  50 ",-0.0152256399031286
" HA  ASP A  47 "," HD3 LYS A  50 ",-0.0145095333047774
" HA  ASP A  47 "," H   THR A  51 ",-0.0124815714887206
" HB2 ASP A  47 "," HB3 ASP A  47 ",-4.14295227173983
" HB2 ASP A  47 "," H   ALA A  48 ",-0.0406810681171281
" HB2 ASP A  47 "," HA  ALA A  48 ",-0.0121805109277539
" HB2 ASP A  47 "," H   LYS A  50 ",-0.00717337281169413
" HB3 ASP A  47 "," H   ALA A  48 ",-0.20990487644969
" HB3 ASP A  47 "," HA  ALA A  48 ",-0.010975674494857
" H   ALA A  48 "," HA  ALA A  48 ",-0.400476099154202
" H   ALA A  48 "," H   THR A  49 ",-0.470209764073532
" H   ALA A  48 "," HG1 THR A  49 ",-0.0107503010591486
" H   ALA A  48 "," H   LYS A  50 ",-0.0463352781695721
" H   ALA A  48 "," HA  LYS A  50 ",-0.00923745206249654
" H   ALA A  48 "," H   THR A  51 ",-0.00863187673490231
" HA  ALA A  48 "," H   THR A  49 ",-0.0974670409810476
" HA  ALA A  48 "," HA  THR A  49 ",-0.0227344162308378
" HA  ALA A  48 "," HG1 THR A  49 ",-0.00758135462738382
" HA  ALA A  48 "," H   LYS A  50 ",-0.0235571207604074
" HA  ALA A  48 "," HD3 LYS A  50 ",-0.00628077315039603
" H   THR A  49 "," HA  THR A  49 ",-0.312201025360168
" H   THR A  49 "," HB  THR A  49 ",-0.249535243220134
" H   THR A  49 "," HG1 THR A  49 ",-0.766423850463677
" H   THR A  49 "," H   LYS A  50 ",-0.514028615160604
" H   THR A  49 "," HA  LYS A  50 ",-0.0257840777760054
" H   THR A  49 "," HG2 LYS A  50 ",-0.0108494079487634
" H   THR A  49 "," HD3 LYS A  50 ",-0.00875154756654836
" H   THR A  49 "," H   THR A  51 ",-0.0632851474588203
" H   THR A  49 "," HB  THR A  51 ",-0.0123690969766054
" H   THR A  49 "," HG1 THR A  51 ",-0.00744380370951446
" HA  THR A  49 "," HB  THR A  49 ",-0.472819615574259
" HA  THR A  49 "," HG1 THR A  49 ",-0.158608684795197
" HA  THR A  49 "," H   LYS A  50 ",-0.239338203181457
" HA  THR A  49 "," HA  LYS A  50 ",-0.0174511339287426
" HA  THR A  49 "," HB2 LYS A  50 ",-0.0219800580592302
" HA  THR A  49 "," HG2 LYS A  50 ",-0.132192705731006
" HA  THR A  49 "," HG3 LYS A  50 ",-0.0274874264783261
" HA  THR A  49 "," HD3 LYS A  50 ",-0.0243515447093372
" HA  THR A  49 "," HE3 LYS A  50 ",-0.00774440481566347
" HA  THR A  49 "," H   THR A  51 ",-0.0174711406072225
" HA  THR A  49 "," HG1 THR A  51 ",-0.00728303695507762
" HB  THR A  49 "," HG1 THR A  49 ",-0.363432402766226
" HB  THR A  49 "," H   LYS A  50 ",-0.0325054829421225
" HB  THR A  49 "," HG2 LYS A  50 ",-0.00777784971305326
" HB  THR A  49 "," HG3 LYS A  50 ",-0.00976761230938562
" HB  THR A  49 "," H   THR A  51 ",-0.0312598949298612
" HB  THR A  49 "," HB  THR A  51 ",-0.0509154339228791
" HB  THR A  49 "," HG1 THR A  51 ",-0.541915256506181
" HG1 THR A  49 "," H   LYS A  50 ",-0.272255684007409
" HG1 THR A  49 "," HA  LYS A  50 ",-0.00860717367020879
" HG1 THR A  49 "," H   THR A  51 ",-0.137841700026147
" HG1 THR A  49 "," HA  THR A  51 ",-0.00688206410975782
" HG1 THR A  49 "," HB  THR A  51 ",-0.155666606845423
" HG1 THR A  49 "," HG1 THR A  51 ",-0.0255158105003277
" H   LYS A  50 "," HA  LYS A  50 ",-0.783422411265002
" H   LYS A  50 "," HB2 LYS A  50 ",-0.208637710583926
" H   LYS A  50 "," HB3 LYS A  50 ",-0.090563420107028
" H   LYS A  50 "," HG2 LYS A  50 ",-0.167804298825752
" H   LYS A  50 "," HG3 LYS A  50 ",-0.050773053766367
" H   LYS A  50 "," HD2 LYS A  50 ",-0.0296734987250041
" H   LYS A  50 "," HD3 LYS A  50 ",-0.136159945872895
" H   LYS A  50 "," HE3 LYS A  50 ",-0.0108762284127812
" H   LYS A  50 "," H   THR A  51 ",-0.350135491601901
" H   LYS A  50 "," HA  THR A  51 ",-0.0122425692405267
" H   LYS A  50 "," HB  THR A  51 ",-0.0211937012287134
" H   LYS A  50 "," HG1 THR A  51 ",-0.0108128384612508
" HA  LYS A  50 "," HB2 LYS A  50 ",-0.334360917514896
" HA  LYS A  50 "," HB3 LYS A  50 ",-0.847059169493596
" HA  LYS A  50 "," HG2 LYS A  50 ",-0.109426078385366
" HA  LYS A  50 "," HG3 LYS A  50 ",-0.508438874804453
" HA  LYS A  50 "," HD2 LYS A  50 ",-0.291903826481685
" HA  LYS A  50 "," HD3 LYS A  50 ",-0.0827885384985519
" HA  LYS A  50 "," HE2 LYS A  50 ",-0.0149761285359922
" HA  LYS A  50 "," HE3 LYS A  50 ",-0.0110092183297116
" HA  LYS A  50 "," H   THR A  51 ",-0.629080793399745
" HA  LYS A  50 "," HA  THR A  51 ",-0.0286228649973179
" HA  LYS A  50 "," HZ  PHE A  52 ",-0.00895452187458718
" HB2 LYS A  50 "," HB3 LYS A  50 ",-3.84065546058615
" HB2 LYS A  50 "," HG2 LYS A  50 ",-0.303878539634871
" HB2 LYS A  50 "," HG3 LYS A  50 ",-0.433568510155633
" HB2 LYS A  50 "," HD2 LYS A  50 ",-0.0753930694676102
" HB2 LYS A  50 "," HD3 LYS A  50 ",-0.66792112183029
" HB2 LYS A  50 "," HE2 LYS A  50 ",-0.0632473935277234
" HB2 LYS A  50 "," HE3 LYS A  50 ",-0.0208101493576439
" HB2 LYS A  50 "," H   THR A  51 ",-0.0284486013790384
" HB2 LYS A  50 "," HA  THR A  51 ",-0.0177585374466558
" HB3 LYS A  50 "," HG2 LYS A  50 ",-0.519513329683162
" HB3 LYS A  50 "," HG3 LYS A  50 ",-0.285413889687216
" HB3 LYS A  50 "," HD2 LYS A  50 ",-0.35959774316088
" HB3 LYS A  50 "," HD3 LYS A  50 ",-0.157766799135583
" HB3 LYS A  50 "," HE2 LYS A  50 ",-0.175856181687269
" HB3 LYS A  50 "," HE3 LYS A  50 ",-0.0500215812255038
" HB3 LYS A  50 "," H   THR A  51 ",-0.0242811934250647
" HB3 LYS A  50 "," HA  THR A  51 ",-0.015070946113206
" HG2 LYS A  50 "," HG3 LYS A  50 ",-4.115242229601
" HG2 LYS A  50 "," HD2 LYS A  50 ",-0.231122950580154
" HG2 LYS A  50 "," HD3 LYS A  50 ",-0.389643064792249
" HG2 LYS A  50 "," HE2 LYS A  50 ",-0.676973387709836
" HG2 LYS A  50 "," HE3 LYS A  50 ",-0.641058223075309
" HG2 LYS A  50 "," H   THR A  51 ",-0.0125900096910363
" HG3 LYS A  50 "," HD2 LYS A  50 ",-0.660468475263254
" HG3 LYS A  50 "," HD3 LYS A  50 ",-0.191668409840722
" HG3 LYS A  50 "," HE2 LYS A  50 ",-0.672444433046239
" HG3 LYS A  50 "," HE3 LYS A  50 ",-0.0633218611946586
" HG3 LYS A  50 "," H   THR A  51 ",-0.0156547832420594
" HG3 LYS A  50 "," HA  THR A  51 ",-0.00605012309792556
" HG3 LYS A  50 "," HG1 THR A  51 ",-0.00602373557516458
" HD2 LYS A  50 "," HD3 LYS A  50 ",-4.4059817594412
" HD2 LYS A  50 "," HE2 LYS A  50 ",-0.251810768144627
" HD2 LYS A  50 "," HE3 LYS A  50 ",-0.668854406573582
" HD3 LYS A  50 "," HE2 LYS A  50 ",-0.359289749978302
" HD3 LYS A  50 "," HE3 LYS A  50 ",-0.285296412094483
" HE2 LYS A  50 "," HE3 LYS A  50 ",-3.26639981858551
" H   THR A  51 "," HA  THR A  51 ",-0.292338570046638
" H   THR A  51 "," HB  THR A  51 ",-0.701379285953105
" H   THR A  51 "," HG1 THR A  51 ",-0.0490604881047494
" H   THR A  51 "," H   PHE A  52 ",-0.0315233398029754
" H   THR A  51 "," HA  PHE A  52 ",-0.0159439134711706
" HA  THR A  51 "," HB  THR A  51 ",-0.25628848116314
" HA  THR A  51 "," HG1 THR A  51 ",-0.324481399827743
" HA  THR A  51 "," H   PHE A  52 ",-2.18723562749199
" HA  THR A  51 "," HA  PHE A  52 ",-0.0287558450713056
" HA  THR A  51 "," HB2 PHE A  52 ",-0.0271899720713071
" HA  THR A  51 "," HG1 THR A  53 ",-0.00546026105301052
" HB  THR A  51 "," HG1 THR A  51 ",-0.80128907581525
" HB  THR A  51 "," H   PHE A  52 ",-0.0323772891903196
" HB  THR A  51 "," HA  PHE A  52 ",-0.0140056420022129
" HG1 THR A  51 "," H   PHE A  52 ",-0.0166495428050154
" H   PHE A  52 "," HA  PHE A  52 ",-0.294966266472002
" H   PHE A  52 "," HB2 PHE A  52 ",-0.807652656588445
" H   PHE A  52 "," HB3 PHE A  52 ",-0.0864691970228091
" H   PHE A  52 "," H   THR A  53 ",-0.0270250740094811
" H   PHE A  52 "," HA  THR A  53 ",-0.0127065819319311
" H   PHE A  52 "," HG1 THR A  53 ",-0.0214136714186228
" HA  PHE A  52 "," HB2 PHE A  52 ",-0.264082597785431
" HA  PHE A  52 "," HB3 PHE A  52 ",-0.69623972275077
" HA  PHE A  52 "," H   THR A  53 ",-1.65749747471318
" HA  PHE A  52 "," HA  THR A  53 ",-0.0290445697036664
" HA  PHE A  52 "," HB  THR A  53 ",-0.0188301433496718
" HA  PHE A  52 "," HG1 THR A  53 ",-0.114249090140713
" HB2 PHE A  52 "," HB3 PHE A  52 ",-5.50059848069143
" HB2 PHE A  52 "," H   THR A  53 ",-0.0608236702676816
" HB2 PHE A  52 "," HA  THR A  53 ",-0.0169230511547065
" HB3 PHE A  52 "," H   THR A  53 ",-0.513654477995351
" HB3 PHE A  52 "," HA  THR A  53 ",-0.0317069032280284
" HB3 PHE A  52 "," HG1 THR A  53 ",-0.0149939325463205
" HB3 PHE A  52 "," HB  VAL A  54 ",-0.00893866688976123
" H   THR A  53 "," HA  THR A  53 ",-0.30767557742062
" H   THR A  53 "," HB  THR A  53 ",-0.367600642084488
" H   THR A  53 "," HG1 THR A  53 ",-0.522683574289973
" H   THR A  53 "," H   VAL A  54 ",-0.032901900404944
" H   THR A  53 "," HA  VAL A  54 ",-0.0181388209984949
" H   THR A  53 "," HB  VAL A  54 ",-0.00942028185071413
" HA  THR A  53 "," HB  THR A  53 ",-0.289827697837706
" HA  THR A  53 "," HG1 THR A  53 ",-0.213103811599217
" HA  THR A  53 "," H   VAL A  54 ",-1.93465828464078
" HA  THR A  53 "," HA  VAL A  54 ",-0.0295405712935592
" HA  THR A  53 "," HB  VAL A  54 ",-0.0218547230946803
" HB  THR A  53 "," HG1 THR A  53 ",-0.697524784416853
" HB  THR A  53 "," H   VAL A  54 ",-0.0665377393579602
" HB  THR A  53 "," HA  VAL A  54 ",-0.0258326542452208
" HB  THR A  53 "," H   THR A  55 ",-0.0145423265850642
" HB  THR A  53 "," HG1 THR A  55 ",-0.0311798838260081
" HG1 THR A  53 "," H   VAL A  54 ",-0.0134178914141243
" H   VAL A  54 "," HA  VAL A  54 ",-0.305897773545115
" H   VAL A  54 "," HB  VAL A  54 ",-0.260541092940773
" H   VAL A  54 "," H   THR A  55 ",-0.0461574545441961
" H   VAL A  54 "," HA  THR A  55 ",-0.0195833765824274
" H   VAL A  54 "," HG1 THR A  55 ",-0.0140260662946924
" HA  VAL A  54 "," HB  VAL A  54 ",-0.693405058423204
" HA  VAL A  54 "," H   THR A  55 ",-1.85801102017255
" HA  VAL A  54 "," HA  THR A  55 ",-0.0301296450322831
" HA  VAL A  54 "," HB  THR A  55 ",-0.0146554479377531
" HA  VAL A  54 "," HG1 THR A  55 ",-0.0293393229623151
" HB  VAL A  54 "," H   THR A  55 ",-0.031528035797331
" HB  VAL A  54 "," HA  THR A  55 ",-0.00823290197286765
" H   THR A  55 "," HA  THR A  55 ",-0.303846403219048
" H   THR A  55 "," HB  THR A  55 ",-0.46961494035773
" H   THR A  55 "," HG1 THR A  55 ",-0.4513905540209
" H   THR A  55 "," H   GLU A  56 ",-0.0255111325408799
" H   THR A  55 "," HA  GLU A  56 ",-0.0128999124375309
" HA  THR A  55 "," HB  THR A  55 ",-0.276030967572705
" HA  THR A  55 "," HG1 THR A  55 ",-0.115740929666224
" HA  THR A  55 "," H   GLU A  56 ",-1.37256755483739
" HA  THR A  55 "," HA  GLU A  56 ",-0.0296480458836304
" HA  THR A  55 "," HB2 GLU A  56 ",-0.0277209239681625
" HA  THR A  55 "," HG2 GLU A  56 ",-0.0124044959645086
" HA  THR A  55 "," HG3 GLU A  56 ",-0.0141891005840256
" HB  THR A  55 "," HG1 THR A  55 ",-1.52508892388465
" HB  THR A  55 "," H   GLU A  56 ",-0.338961322244326
" HB  THR A  55 "," HA  GLU A  56 ",-0.0219419295002005
" HB  THR A  55 "," HB2 GLU A  56 ",-0.00802314132495958
" HG1 THR A  55 "," H   GLU A  56 ",-0.0159665836032198
" H   GLU A  56 "," HA  GLU A  56 ",-0.262432850458689
" H   GLU A  56 "," HB2 GLU A  56 ",-0.933048963284899
" H   GLU A  56 "," HB3 GLU A  56 ",-0.170312996133734
" H   GLU A  56 "," HG2 GLU A  56 ",-0.0561619883572326
" H   GLU A  56 "," HG3 GLU A  56 ",-0.126763602642272
" HA  GLU A  56 "," HB2 GLU A  56 ",-0.269644285099769
" HA  GLU A  56 "," HB3 GLU A  56 ",-0.427273170808635
" HA  GLU A  56 "," HG2 GLU A  56 ",-0.829937255237539
" HA  GLU A  56 "," HG3 GLU A  56 ",-0.186456373676921
" HB2 GLU A  56 "," HB3 GLU A  56 ",-4.55208906715124
" HB2 GLU A  56 "," HG2 GLU A  56 ",-0.24040502870264
" HB2 GLU A  56 "," HG3 GLU A  56 ",-0.701285990997689
" HB3 GLU A  56 "," HG2 GLU A  56 ",-0.292604590465567
" HB3 GLU A  56 "," HG3 GLU A  56 ",-0.253661365735929
" HG2 GLU A  56 "," HG3 GLU A  56 ",-3.890401554321
