"atom1","atom2","sigma"
" H1  MET A   1 "," HE1 MET A   1 ",-0.0100146560652091
" H1  MET A   1 "," HZ1 LYS A  50 ",-0.0234807306585338
" HA  MET A   1 "," HZ1 LYS A  50 ",-0.153125342879485
" HB2 MET A   1 "," HE1 MET A   1 ",-0.0764874055961057
" HB2 MET A   1 "," HZ1 LYS A  50 ",-0.00215283876268404
" HB3 MET A   1 "," HE1 MET A   1 ",-0.0235537117707616
" HB3 MET A   1 ","HG11 VAL A  21 ",-0.00491520912166461
" HB3 MET A   1 "," HZ1 LYS A  50 ",-0.00431094685550022
" HG2 MET A   1 "," HE1 MET A   1 ",-0.290176641358776
" HG2 MET A   1 ","HG11 VAL A  21 ",-0.00893523275434961
" HG2 MET A   1 "," HZ1 LYS A  50 ",-0.00740358763837196
" HG3 MET A   1 "," HE1 MET A   1 ",-0.129756249488674
" HG3 MET A   1 "," HZ1 LYS A  50 ",-0.00576286295353699
" HE2 LYS A  19 "," HE1 MET A   1 ",-0.00412071508738334
" HA  VAL A  21 "," HE1 MET A   1 ",-0.00631533824735126
" H   GLN A   2 "," HZ1 LYS A  50 ",-0.0700440260818452
" HA  GLN A   2 ","HG21 THR A  18 ",-0.00523121790256441
" HB2 GLN A   2 ","HG21 THR A  17 ",-0.00492241158257696
" HB2 GLN A   2 "," HZ1 LYS A  50 ",-0.00583720066207543
" HB3 GLN A   2 ","HG21 THR A  17 ",-0.0054568163484363
" HB3 GLN A   2 "," HZ1 LYS A  50 ",-0.0045251279547934
" HG2 GLN A   2 ","HG21 THR A  17 ",-0.00586506602231625
"HE21 GLN A   2 ","HG21 THR A  17 ",-0.00567612124003053
"HE22 GLN A   2 ","HG21 THR A  17 ",-0.00228770402667923
" H   TYR A   3 ","HG21 THR A  18 ",-0.0303544360796208
" HA  TYR A   3 "," HZ1 LYS A  50 ",-0.00325981254251297
" HB2 TYR A   3 ","HG21 THR A  18 ",-0.068026441667924
" HB2 TYR A   3 "," HB1 ALA A  20 ",-0.00529520541344191
" HB2 TYR A   3 "," HB1 ALA A  26 ",-0.0299732798725352
" HB3 TYR A   3 ","HG21 THR A  18 ",-0.00735541844987561
" HB3 TYR A   3 "," HB1 ALA A  26 ",-0.0122911693997442
" HH  TYR A   3 "," HB1 ALA A  20 ",-0.0175904201177087
" HH  TYR A   3 "," HB1 ALA A  23 ",-0.0116491721711856
" HH  TYR A   3 ","HG21 THR A  25 ",-0.00270433683417463
" HH  TYR A   3 "," HB1 ALA A  26 ",-0.00813179336263762
" HH  TYR A   3 "," HZ1 LYS A  50 ",-0.00404125358642
" H   LYS A   4 "," HZ1 LYS A   4 ",-0.00394511478353615
" H   LYS A   4 ","HG21 THR A  17 ",-0.00605188605234607
" H   LYS A   4 ","HG21 THR A  51 ",-0.00680235681964363
" HA  LYS A   4 "," HZ1 LYS A   4 ",-0.0115348354657066
" HA  LYS A   4 ","HG21 THR A  17 ",-0.2379015758964
" HA  LYS A   4 ","HG21 THR A  18 ",-0.00328530957657372
" HB2 LYS A   4 "," HZ1 LYS A   4 ",-0.215919785406026
" HB2 LYS A   4 ","HG21 THR A  17 ",-0.0686942663661396
" HB2 LYS A   4 ","HG21 THR A  51 ",-0.00742530602960199
" HB3 LYS A   4 "," HZ1 LYS A   4 ",-0.047061877892315
" HB3 LYS A   4 ","HG21 VAL A   6 ",-0.0155016739063494
" HB3 LYS A   4 ","HG21 THR A  17 ",-0.00984141184762281
" HB3 LYS A   4 ","HG21 THR A  51 ",-0.0735737213224956
" HG2 LYS A   4 "," HZ1 LYS A   4 ",-0.115836879020129
" HG2 LYS A   4 ","HG21 VAL A   6 ",-0.0396564984883765
" HG2 LYS A   4 ","HG21 THR A  17 ",-0.0159722116003742
" HG2 LYS A   4 ","HG21 THR A  51 ",-0.012590422763351
" HG3 LYS A   4 "," HZ1 LYS A   4 ",-0.0803395502197641
" HG3 LYS A   4 ","HG21 VAL A   6 ",-0.0412119699168928
" HG3 LYS A   4 ","HG21 THR A  17 ",-0.164106532147177
" HG3 LYS A   4 ","HG21 THR A  51 ",-0.0190470986364857
" HD2 LYS A   4 "," HZ1 LYS A   4 ",-0.106822952836227
" HD2 LYS A   4 ","HG21 VAL A   6 ",-0.0292437423514332
" HD2 LYS A   4 ","HG21 THR A  16 ",-0.00261483766742123
" HD2 LYS A   4 ","HG21 THR A  17 ",-0.149042372426423
" HD3 LYS A   4 "," HZ1 LYS A   4 ",-0.0863320050949088
" HD3 LYS A   4 ","HG11 VAL A   6 ",-0.00252337503778317
" HD3 LYS A   4 ","HG21 VAL A   6 ",-0.0825808739597528
" HD3 LYS A   4 ","HG21 THR A  17 ",-0.234427416997845
" HE2 LYS A   4 "," HZ1 LYS A   4 ",-0.299657254799051
" HE2 LYS A   4 ","HG21 VAL A   6 ",-0.00648729227655713
" HE2 LYS A   4 ","HG21 THR A  17 ",-0.0368849913876013
" HE3 LYS A   4 "," HZ1 LYS A   4 ",-0.312754942225049
" HE3 LYS A   4 ","HG21 VAL A   6 ",-0.0111058636626149
" HE3 LYS A   4 ","HG21 THR A  17 ",-0.0474338098419084
" H   LEU A   5 "," HZ1 LYS A   4 ",-0.00701758419787015
" HA  GLU A  15 "," HZ1 LYS A   4 ",-0.00289039283031394
" HB2 GLU A  15 "," HZ1 LYS A   4 ",-0.00581087157606958
" HB3 GLU A  15 "," HZ1 LYS A   4 ",-0.0309650864413608
" HG2 GLU A  15 "," HZ1 LYS A   4 ",-0.144555447505126
" HG3 GLU A  15 "," HZ1 LYS A   4 ",-0.00815837867398509
" H   THR A  16 "," HZ1 LYS A   4 ",-0.0150030629547802
" HA  THR A  16 "," HZ1 LYS A   4 ",-0.00618604262043401
" H   THR A  17 "," HZ1 LYS A   4 ",-0.00290553260392476
" HA  THR A  17 "," HZ1 LYS A   4 ",-0.00506133787882111
" HB  THR A  17 "," HZ1 LYS A   4 ",-0.00667242028038794
" HG1 THR A  17 "," HZ1 LYS A   4 ",-0.00271619250225395
" HG1 THR A  51 "," HZ1 LYS A   4 ",-0.00261902247981701
" H   LEU A   5 ","HD11 LEU A   5 ",-0.00854326376633728
" H   LEU A   5 ","HD21 LEU A   5 ",-0.00889390731904606
" H   LEU A   5 ","HG21 VAL A   6 ",-0.0132925679246415
" H   LEU A   5 ","HG21 THR A  16 ",-0.0258102936092956
" H   LEU A   5 ","HG21 THR A  17 ",-0.030793511272801
" H   LEU A   5 ","HG21 THR A  51 ",-0.00311203037944775
" HA  LEU A   5 ","HD11 LEU A   5 ",-0.263071735134062
" HA  LEU A   5 ","HD21 LEU A   5 ",-0.0173398621791364
" HA  LEU A   5 ","HG21 VAL A   6 ",-0.0233366638379068
" HA  LEU A   5 ","HG21 THR A  16 ",-0.00602466873414486
" HA  LEU A   5 ","HG21 THR A  51 ",-0.0112176804827338
" HA  LEU A   5 ","HG21 VAL A  54 ",-0.00227401773845658
" HB2 LEU A   5 ","HD11 LEU A   5 ",-0.350513397018107
" HB2 LEU A   5 ","HD21 LEU A   5 ",-0.236433832437741
" HB2 LEU A   5 ","HG21 THR A  16 ",-0.0436193595974304
" HB3 LEU A   5 ","HD11 LEU A   5 ",-0.056549853739814
" HB3 LEU A   5 ","HD21 LEU A   5 ",-0.389691526796064
" HB3 LEU A   5 ","HD11 ILE A   7 ",-0.00468721690983047
" HB3 LEU A   5 ","HG21 THR A  16 ",-0.392942423255148
" HG  LEU A   5 ","HD11 LEU A   5 ",-0.463800416686719
" HG  LEU A   5 ","HD21 LEU A   5 ",-0.474365056159039
" HG  LEU A   5 ","HG21 VAL A   6 ",-0.00515507675055435
" HG  LEU A   5 ","HD11 ILE A   7 ",-0.0441899128304088
" HG  LEU A   5 ","HG21 THR A  16 ",-0.0651600177426857
" HG  LEU A   5 ","HG11 VAL A  54 ",-0.0249749296613334
" HG  LEU A   5 ","HG21 VAL A  54 ",-0.0149609596871289
" H   VAL A   6 ","HD11 LEU A   5 ",-0.295747393951901
" HA  VAL A   6 ","HD11 LEU A   5 ",-0.0122320719229717
" HB  VAL A   6 ","HD11 LEU A   5 ",-0.008637539988239
" H   ILE A   7 ","HD11 LEU A   5 ",-0.00791567386614308
" HA  ILE A   7 ","HD11 LEU A   5 ",-0.0133648967701428
"HG12 ILE A   7 ","HD11 LEU A   5 ",-0.0185467134161232
"HG13 ILE A   7 ","HD11 LEU A   5 ",-0.0582065718970337
" HA  PHE A  30 ","HD11 LEU A   5 ",-0.00719356002128514
" HB2 PHE A  30 ","HD11 LEU A   5 ",-0.0208713251252023
" HB3 PHE A  30 ","HD11 LEU A   5 ",-0.137416252181237
" H   ALA A  34 ","HD11 LEU A   5 ",-0.00250637624722692
" HE3 TRP A  43 ","HD11 LEU A   5 ",-0.0200850197788495
" HZ2 TRP A  43 ","HD11 LEU A   5 ",-0.00751326000506304
" HZ3 TRP A  43 ","HD11 LEU A   5 ",-0.206375157311969
" HH2 TRP A  43 ","HD11 LEU A   5 ",-0.0899560135547264
" H   PHE A  52 ","HD11 LEU A   5 ",-0.00898171471141174
" HA  PHE A  52 ","HD11 LEU A   5 ",-0.00787566182025896
" HB2 PHE A  52 ","HD11 LEU A   5 ",-0.10929663303571
" HB3 PHE A  52 ","HD11 LEU A   5 ",-0.0990540796430914
" H   THR A  53 ","HD11 LEU A   5 ",-0.014477965871716
" HA  THR A  53 ","HD11 LEU A   5 ",-0.0464330784447103
" H   VAL A  54 ","HD11 LEU A   5 ",-0.0513968569182605
" HA  VAL A  54 ","HD11 LEU A   5 ",-0.00795580885269608
" HB  VAL A  54 ","HD11 LEU A   5 ",-0.0514516110796387
" H   VAL A   6 ","HD21 LEU A   5 ",-0.00847179394876413
" HA  ILE A   7 ","HD21 LEU A   5 ",-0.00437861876884173
"HG12 ILE A   7 ","HD21 LEU A   5 ",-0.029955770922324
"HG13 ILE A   7 ","HD21 LEU A   5 ",-0.0458425216975932
" HA  GLU A  15 ","HD21 LEU A   5 ",-0.00458974974751849
" H   THR A  16 ","HD21 LEU A   5 ",-0.0101387596209215
" HB  THR A  16 ","HD21 LEU A   5 ",-0.0576631316636231
" HG1 THR A  16 ","HD21 LEU A   5 ",-0.00648521236998938
" HA  PHE A  30 ","HD21 LEU A   5 ",-0.0784352441244181
" HB2 PHE A  30 ","HD21 LEU A   5 ",-0.0143344335911263
" HB3 PHE A  30 ","HD21 LEU A   5 ",-0.207979287970928
" HZ  PHE A  30 ","HD21 LEU A   5 ",-0.00653628896366446
" HA  LYS A  31 ","HD21 LEU A   5 ",-0.0039367623890826
" H   TYR A  33 ","HD21 LEU A   5 ",-0.006853364035309
" HB2 TYR A  33 ","HD21 LEU A   5 ",-0.0182319703156866
" HB3 TYR A  33 ","HD21 LEU A   5 ",-0.0753319496603405
" H   ALA A  34 ","HD21 LEU A   5 ",-0.0169161284071911
" HZ2 TRP A  43 ","HD21 LEU A   5 ",-0.00835447043322453
" HZ3 TRP A  43 ","HD21 LEU A   5 ",-0.0488622606781401
" HH2 TRP A  43 ","HD21 LEU A   5 ",-0.205692856573334
" HB2 PHE A  52 ","HD21 LEU A   5 ",-0.00622913917938706
" HB  VAL A  54 ","HD21 LEU A   5 ",-0.00952110151160351
" H   VAL A   6 ","HG11 VAL A   6 ",-0.0190693612767316
" H   VAL A   6 ","HG21 VAL A   6 ",-0.145586697279344
" H   VAL A   6 ","HG21 THR A  51 ",-0.0105925405663515
" H   VAL A   6 ","HG21 THR A  53 ",-0.0121818847301156
" H   VAL A   6 ","HG11 VAL A  54 ",-0.012456453775426
" H   VAL A   6 ","HG21 VAL A  54 ",-0.00287718646170125
" HA  VAL A   6 ","HG11 VAL A   6 ",-0.28681222902168
" HA  VAL A   6 ","HG21 VAL A   6 ",-0.273928863547691
" HA  VAL A   6 ","HD11 ILE A   7 ",-0.00655520522846222
" HB  VAL A   6 ","HG11 VAL A   6 ",-0.469784639606597
" HB  VAL A   6 ","HG21 VAL A   6 ",-0.493380630716975
" HB  VAL A   6 ","HG21 THR A  51 ",-0.0110182415848469
" HB  VAL A   6 ","HG21 THR A  53 ",-0.0822749104018248
" HB  VAL A   6 ","HG11 VAL A  54 ",-0.00413113031005509
" H   ILE A   7 ","HG11 VAL A   6 ",-0.261943939212123
" HA  ILE A   7 ","HG11 VAL A   6 ",-0.0173316534563549
" HB  ILE A   7 ","HG11 VAL A   6 ",-0.00815752130492418
"HG13 ILE A   7 ","HG11 VAL A   6 ",-0.00692879218652766
" H   ASN A   8 ","HG11 VAL A   6 ",-0.0164473908205721
" HA  ASN A   8 ","HG11 VAL A   6 ",-0.0128259397662445
" HB2 ASN A   8 ","HG11 VAL A   6 ",-0.0228077092187329
" HB3 ASN A   8 ","HG11 VAL A   6 ",-0.0046542406705648
"HD21 ASN A   8 ","HG11 VAL A   6 ",-0.00690775084110808
"HD22 ASN A   8 ","HG11 VAL A   6 ",-0.0226628917029201
" HA  LYS A  13 ","HG11 VAL A   6 ",-0.00389055100327653
" H   GLY A  14 ","HG11 VAL A   6 ",-0.0145494362801044
" HA  GLU A  15 ","HG11 VAL A   6 ",-0.0136489068140469
" HB2 GLU A  15 ","HG11 VAL A   6 ",-0.00546607602767897
" HG2 GLU A  15 ","HG11 VAL A   6 ",-0.0133193380752037
" HG3 GLU A  15 ","HG11 VAL A   6 ",-0.0401725777011843
" HA  THR A  53 ","HG11 VAL A   6 ",-0.0127999738521579
" HG1 THR A  53 ","HG11 VAL A   6 ",-0.00407791675434389
" H   VAL A  54 ","HG11 VAL A   6 ",-0.00923681827563872
" H   ILE A   7 ","HG21 VAL A   6 ",-0.0144260146094964
" HA  GLU A  15 ","HG21 VAL A   6 ",-0.0186620404592283
" HB2 GLU A  15 ","HG21 VAL A   6 ",-0.00596307195716727
" HB3 GLU A  15 ","HG21 VAL A   6 ",-0.0145011020993349
" HG2 GLU A  15 ","HG21 VAL A   6 ",-0.0412420482270944
" HG3 GLU A  15 ","HG21 VAL A   6 ",-0.0952820315230341
" H   THR A  16 ","HG21 VAL A   6 ",-0.00983731680083639
" HA  THR A  51 ","HG21 VAL A   6 ",-0.00384034395835855
" HG1 THR A  51 ","HG21 VAL A   6 ",-0.00366447687389412
" H   PHE A  52 ","HG21 VAL A   6 ",-0.00870184848716266
" HA  THR A  53 ","HG21 VAL A   6 ",-0.0132459005419546
" HG1 THR A  53 ","HG21 VAL A   6 ",-0.00650496623508638
" H   ILE A   7 ","HG21 ILE A   7 ",-0.0204327786427344
" H   ILE A   7 ","HD11 ILE A   7 ",-0.0370968898103129
" H   ILE A   7 ","HG21 THR A  16 ",-0.00284856442283793
" H   ILE A   7 ","HG11 VAL A  54 ",-0.0102983618605992
" HA  ILE A   7 ","HG21 ILE A   7 ",-0.280526021859723
" HA  ILE A   7 ","HD11 ILE A   7 ",-0.0188205338140107
" HA  ILE A   7 ","HG11 VAL A  39 ",-0.0111579220793063
" HA  ILE A   7 ","HG21 THR A  53 ",-0.00828554389545491
" HA  ILE A   7 ","HG11 VAL A  54 ",-0.393506414979343
" HA  ILE A   7 ","HG21 VAL A  54 ",-0.0118931298985259
" HB  ILE A   7 ","HG21 ILE A   7 ",-0.488753204927784
" HB  ILE A   7 ","HD11 ILE A   7 ",-0.33215788231093
" HB  ILE A   7 ","HD11 LEU A  12 ",-0.00594264576106392
" HB  ILE A   7 ","HD21 LEU A  12 ",-0.00545013767000371
" HB  ILE A   7 ","HG11 VAL A  54 ",-0.00971766759409163
"HG12 ILE A   7 ","HG21 ILE A   7 ",-0.390078134279652
"HG12 ILE A   7 ","HD11 ILE A   7 ",-0.427076548287443
"HG12 ILE A   7 ","HD21 LEU A  12 ",-0.00500723652890041
"HG12 ILE A   7 ","HG21 THR A  16 ",-0.00380887041945277
"HG12 ILE A   7 "," HB1 ALA A  34 ",-0.0091124312460758
"HG12 ILE A   7 ","HG11 VAL A  39 ",-0.0215864536617486
"HG12 ILE A   7 ","HG21 VAL A  39 ",-0.0100848106002138
"HG12 ILE A   7 ","HG11 VAL A  54 ",-0.160509671108941
"HG12 ILE A   7 ","HG21 VAL A  54 ",-0.0127232068532367
"HG13 ILE A   7 ","HG21 ILE A   7 ",-0.057960020616482
"HG13 ILE A   7 ","HD11 ILE A   7 ",-0.425669282527097
"HG13 ILE A   7 ","HG21 THR A  16 ",-0.0105601019405331
"HG13 ILE A   7 ","HG11 VAL A  54 ",-0.0781323779624302
" H   ASN A   8 ","HG21 ILE A   7 ",-0.153925886934051
" HA  ASN A   8 ","HG21 ILE A   7 ",-0.0197024231334813
" HB2 ASN A   8 ","HG21 ILE A   7 ",-0.00541440347709194
" H   GLY A   9 ","HG21 ILE A   7 ",-0.253882035153765
" HA2 GLY A   9 ","HG21 ILE A   7 ",-0.0136099303403243
" HA3 GLY A   9 ","HG21 ILE A   7 ",-0.0423273487504192
" H   LEU A  12 ","HG21 ILE A   7 ",-0.00615943920577181
" HA  LEU A  12 ","HG21 ILE A   7 ",-0.00609302468221694
" HB2 LEU A  12 ","HG21 ILE A   7 ",-0.00884381276717374
" HB3 LEU A  12 ","HG21 ILE A   7 ",-0.0679458357903327
" HG  LEU A  12 ","HG21 ILE A   7 ",-0.242384739808883
" H   LYS A  13 ","HG21 ILE A   7 ",-0.00720079474607095
" HA  LYS A  13 ","HG21 ILE A   7 ",-0.0721764647100827
" HG2 LYS A  13 ","HG21 ILE A   7 ",-0.00829911528424838
" HG3 LYS A  13 ","HG21 ILE A   7 ",-0.00490558078093931
" H   GLY A  14 ","HG21 ILE A   7 ",-0.0329624678701455
" HA3 GLY A  14 ","HG21 ILE A   7 ",-0.00535375851997031
" HA  ALA A  34 ","HG21 ILE A   7 ",-0.00575111817680673
" HB2 ASN A  37 ","HG21 ILE A   7 ",-0.00487101538629074
" HB3 ASN A  37 ","HG21 ILE A   7 ",-0.00591119078900012
" HB  VAL A  39 ","HG21 ILE A   7 ",-0.019344414359982
" H   VAL A  54 ","HG21 ILE A   7 ",-0.00473150547198874
" HB  VAL A  54 ","HG21 ILE A   7 ",-0.00970025498403244
" HA  THR A  55 ","HG21 ILE A   7 ",-0.00539794361675229
" H   GLU A  56 ","HG21 ILE A   7 ",-0.00397589435467712
" HB2 GLU A  56 ","HG21 ILE A   7 ",-0.0048465409700081
" HB3 LEU A  12 ","HD11 ILE A   7 ",-0.00513351733092205
" HG  LEU A  12 ","HD11 ILE A   7 ",-0.045910745976221
" HA  LYS A  13 ","HD11 ILE A   7 ",-0.00684267387702892
" H   GLY A  14 ","HD11 ILE A   7 ",-0.0289869861697788
" HA3 GLY A  14 ","HD11 ILE A   7 ",-0.0264512925622121
" H   GLU A  15 ","HD11 ILE A   7 ",-0.0103262977484984
" HA  GLU A  15 ","HD11 ILE A   7 ",-0.0228820287755322
" H   THR A  16 ","HD11 ILE A   7 ",-0.00590469364633944
" HB  THR A  16 ","HD11 ILE A   7 ",-0.0111635780069794
" HG1 THR A  16 ","HD11 ILE A   7 ",-0.00502125726323338
" HB3 TYR A  33 ","HD11 ILE A   7 ",-0.00805218093440378
" HH  TYR A  33 ","HD11 ILE A   7 ",-0.0119009365673752
" HA  ALA A  34 ","HD11 ILE A   7 ",-0.0115391300709533
" HB2 ASN A  37 ","HD11 ILE A   7 ",-0.0107715644448889
" HB3 ASN A  37 ","HD11 ILE A   7 ",-0.00879524404426081
"HD21 ASN A  37 ","HD11 ILE A   7 ",-0.0077709661641286
"HD22 ASN A  37 ","HD11 ILE A   7 ",-0.00550344835002595
" HB  VAL A  39 ","HD11 ILE A   7 ",-0.00515047841135682
" H   ASN A   8 ","HG11 VAL A  39 ",-0.00837657156240025
" H   ASN A   8 ","HG21 THR A  53 ",-0.022280658183123
" H   ASN A   8 ","HG11 VAL A  54 ",-0.0603035407390553
" H   ASN A   8 ","HG21 VAL A  54 ",-0.00835808452667222
" HA  ASN A   8 "," HZ1 LYS A  13 ",-0.0094946098622482
" HB2 ASN A   8 ","HG21 THR A  53 ",-0.0494603018838141
" HB2 ASN A   8 ","HG11 VAL A  54 ",-0.00468573894567973
" HB2 ASN A   8 ","HG21 THR A  55 ",-0.031777903250201
" HB3 ASN A   8 "," HZ1 LYS A  13 ",-0.00552364822245203
" HB3 ASN A   8 ","HG21 THR A  53 ",-0.013320859214555
" HB3 ASN A   8 ","HG21 THR A  55 ",-0.0775475123223254
"HD21 ASN A   8 "," HZ1 LYS A  13 ",-0.0249011579543111
"HD21 ASN A   8 ","HG21 THR A  55 ",-0.0099260559036925
"HD22 ASN A   8 "," HZ1 LYS A  13 ",-0.0142909573082643
"HD22 ASN A   8 ","HG21 THR A  55 ",-0.00287730478521021
" H   GLY A   9 ","HG11 VAL A  39 ",-0.0101458039782531
" H   GLY A   9 ","HG21 VAL A  39 ",-0.00580857575141012
" HA2 GLY A   9 ","HG11 VAL A  39 ",-0.0203523465752809
" HA2 GLY A   9 ","HG21 VAL A  39 ",-0.00669961592783206
" HA2 GLY A   9 ","HG21 THR A  55 ",-0.0144201410301625
" HA3 GLY A   9 ","HD21 LEU A  12 ",-0.00460478577715481
" HA3 GLY A   9 ","HG11 VAL A  39 ",-0.031924355936108
" HA3 GLY A   9 ","HG21 VAL A  39 ",-0.0311938368934132
" H   LYS A  10 ","HG21 THR A  11 ",-0.00610807982660056
" HA  LYS A  10 "," HZ1 LYS A  10 ",-0.0241843924358315
" HA  LYS A  10 ","HG21 THR A  11 ",-0.00517060791931446
" HA  LYS A  10 "," HZ1 LYS A  13 ",-0.0116253947310044
" HB2 LYS A  10 "," HZ1 LYS A  10 ",-0.0138995835553729
" HB2 LYS A  10 ","HG21 THR A  11 ",-0.00747641256216363
" HB3 LYS A  10 ","HG21 THR A  11 ",-0.0797189191871658
" HG2 LYS A  10 "," HZ1 LYS A  10 ",-0.0184190119608622
" HG2 LYS A  10 ","HG21 THR A  11 ",-0.0108262755494166
" HG3 LYS A  10 "," HZ1 LYS A  10 ",-0.0542946956558866
" HG3 LYS A  10 ","HG21 THR A  11 ",-0.00454367439992275
" HD2 LYS A  10 "," HZ1 LYS A  10 ",-0.282506403003241
" HD3 LYS A  10 "," HZ1 LYS A  10 ",-0.0955633161560967
" HE2 LYS A  10 "," HZ1 LYS A  10 ",-0.317784639586926
" HE3 LYS A  10 "," HZ1 LYS A  10 ",-0.327786456587112
" H   THR A  11 ","HG21 THR A  11 ",-0.0540588900905708
" H   THR A  11 ","HG21 VAL A  39 ",-0.00339195623093238
" HA  THR A  11 ","HG21 THR A  11 ",-0.219431014339829
" HA  THR A  11 "," HZ1 LYS A  13 ",-0.00468701598297967
" HB  THR A  11 ","HG21 THR A  11 ",-0.268932368535085
" HG1 THR A  11 ","HG21 THR A  11 ",-0.145768519675416
" HG1 THR A  11 ","HD11 LEU A  12 ",-0.00389839338365886
" HG1 THR A  11 ","HD21 LEU A  12 ",-0.00382388503841099
" HG1 THR A  11 ","HG21 VAL A  39 ",-0.00384907306271662
" H   LEU A  12 ","HG21 THR A  11 ",-0.0147771711590963
" H   LEU A  12 ","HD11 LEU A  12 ",-0.0100578053784164
" H   LEU A  12 ","HD21 LEU A  12 ",-0.00795085966714987
" H   LEU A  12 "," HZ1 LYS A  13 ",-0.00482992341323657
" H   LEU A  12 ","HG21 VAL A  39 ",-0.0111136144405503
" HA  LEU A  12 ","HD11 LEU A  12 ",-0.513543392069078
" HA  LEU A  12 ","HD21 LEU A  12 ",-0.0194448754230497
" HB2 LEU A  12 ","HD11 LEU A  12 ",-0.202880104721686
" HB2 LEU A  12 ","HD21 LEU A  12 ",-0.327479935954374
" HB2 LEU A  12 ","HG21 VAL A  39 ",-0.0215517499280112
" HB3 LEU A  12 ","HD11 LEU A  12 ",-0.0470670194325545
" HB3 LEU A  12 ","HD21 LEU A  12 ",-0.247057084224796
" HB3 LEU A  12 ","HG11 VAL A  39 ",-0.00936104790811612
" HB3 LEU A  12 ","HG21 VAL A  39 ",-0.109021013385041
" HG  LEU A  12 ","HD11 LEU A  12 ",-0.409116234569531
" HG  LEU A  12 ","HD21 LEU A  12 ",-0.438987571880668
" HG  LEU A  12 ","HG11 VAL A  39 ",-0.0057276590341086
" HG  LEU A  12 ","HG21 VAL A  39 ",-0.0501898348384119
" H   LYS A  13 ","HD11 LEU A  12 ",-0.223143325093053
" HA  LYS A  13 ","HD11 LEU A  12 ",-0.0143040100835779
" HB2 LYS A  13 ","HD11 LEU A  12 ",-0.00533067333632944
" H   GLY A  14 ","HD11 LEU A  12 ",-0.00856524769083614
" HA2 GLY A  14 ","HD11 LEU A  12 ",-0.00365866860412018
" HA3 GLY A  14 ","HD11 LEU A  12 ",-0.0128357369587523
" HH  TYR A  33 ","HD11 LEU A  12 ",-0.00275038616763011
" HB3 ASN A  37 ","HD11 LEU A  12 ",-0.015552817758729
" H   GLY A  14 ","HD21 LEU A  12 ",-0.00313720858726391
" HH  TYR A  33 ","HD21 LEU A  12 ",-0.00405923247038838
" HA  ALA A  34 ","HD21 LEU A  12 ",-0.0063321878978857
" HA  ASN A  37 ","HD21 LEU A  12 ",-0.0199724527911792
" HB2 ASN A  37 ","HD21 LEU A  12 ",-0.0689026173890006
" HB3 ASN A  37 ","HD21 LEU A  12 ",-0.434900622781257
"HD21 ASN A  37 ","HD21 LEU A  12 ",-0.00886634718678479
"HD22 ASN A  37 ","HD21 LEU A  12 ",-0.0103571917682701
" H   VAL A  39 ","HD21 LEU A  12 ",-0.00728177817024631
" HA  VAL A  39 ","HD21 LEU A  12 ",-0.00564487963654887
" HB  VAL A  39 ","HD21 LEU A  12 ",-0.0130244959187393
" HB2 LYS A  13 "," HZ1 LYS A  13 ",-0.00759145453506433
" HB3 LYS A  13 "," HZ1 LYS A  13 ",-0.00926529232557313
" HG2 LYS A  13 "," HZ1 LYS A  13 ",-0.042244045643953
" HG3 LYS A  13 "," HZ1 LYS A  13 ",-0.0260161714643399
" HD2 LYS A  13 "," HZ1 LYS A  13 ",-0.300931685755375
" HD3 LYS A  13 "," HZ1 LYS A  13 ",-0.110183461073388
" HE2 LYS A  13 "," HZ1 LYS A  13 ",-0.310806026556173
" HE3 LYS A  13 "," HZ1 LYS A  13 ",-0.348758860348973
" HA  GLU A  15 ","HG21 THR A  16 ",-0.0162349718552345
" HB2 GLU A  15 ","HG21 THR A  17 ",-0.0045743670628437
" HB3 GLU A  15 ","HG21 THR A  17 ",-0.021035101451101
" HG2 GLU A  15 ","HG21 THR A  16 ",-0.00269674301296014
" HG2 GLU A  15 ","HG21 THR A  17 ",-0.00798005259319635
" H   THR A  16 ","HG21 THR A  16 ",-0.0995335355375517
" H   THR A  16 ","HG21 THR A  17 ",-0.014597531241167
" HA  THR A  16 ","HG21 THR A  16 ",-0.0863557140884533
" HA  THR A  16 ","HG21 THR A  17 ",-0.0238357302914399
" HB  THR A  16 ","HG21 THR A  16 ",-0.259355954133811
" HG1 THR A  16 ","HG21 THR A  16 ",-0.0999022532646874
" H   THR A  17 ","HG21 THR A  16 ",-0.0448119974339809
" HA  THR A  17 ","HG21 THR A  16 ",-0.0228018059411391
" HB  THR A  18 ","HG21 THR A  16 ",-0.0127744048762966
" HG1 THR A  18 ","HG21 THR A  16 ",-0.00560819758151831
" HA  PHE A  30 ","HG21 THR A  16 ",-0.0133343233912776
" HZ  PHE A  30 ","HG21 THR A  16 ",-0.00994791807420941
" HB2 TYR A  33 ","HG21 THR A  16 ",-0.0193725444658752
" HB3 TYR A  33 ","HG21 THR A  16 ",-0.0147776172194157
" HH  TYR A  33 ","HG21 THR A  16 ",-0.00609134679808972
" H   THR A  17 ","HG21 THR A  17 ",-0.169397069868647
" HA  THR A  17 ","HG21 THR A  17 ",-0.246677825659578
" HA  THR A  17 ","HG21 THR A  18 ",-0.0113415380085695
" HB  THR A  17 ","HG21 THR A  17 ",-0.402951339275251
" HB  THR A  17 ","HG21 THR A  18 ",-0.0039118341172085
" HG1 THR A  17 ","HG21 THR A  17 ",-0.083557593589073
" H   THR A  18 ","HG21 THR A  17 ",-0.0250231758273311
" HZ  PHE A  30 ","HG21 THR A  17 ",-0.00450627726590974
" H   THR A  18 ","HG21 THR A  18 ",-0.109755172909085
" HA  THR A  18 ","HG21 THR A  18 ",-0.119611795135955
" HB  THR A  18 ","HG21 THR A  18 ",-0.311297643937646
" HB  THR A  18 "," HB1 ALA A  20 ",-0.00388574313995941
" HB  THR A  18 "," HB1 ALA A  26 ",-0.0131657459347752
" HB  THR A  18 "," HB1 ALA A  29 ",-0.0116086470197325
" HG1 THR A  18 ","HG21 THR A  18 ",-0.233833823335332
" HG1 THR A  18 "," HB1 ALA A  20 ",-0.0100220270377567
" HG1 THR A  18 "," HB1 ALA A  26 ",-0.00467258534520651
" HG1 THR A  18 "," HB1 ALA A  29 ",-0.0177678223807651
" H   LYS A  19 ","HG21 THR A  18 ",-0.172347842785759
" HA  LYS A  19 ","HG21 THR A  18 ",-0.0174377457203209
" HB2 LYS A  19 ","HG21 THR A  18 ",-0.00558095435912913
" HG2 LYS A  19 ","HG21 THR A  18 ",-0.00257860033498773
" H   ALA A  20 ","HG21 THR A  18 ",-0.0147049595673396
" HA  ALA A  20 ","HG21 THR A  18 ",-0.0045852332258738
" HA  ALA A  26 ","HG21 THR A  18 ",-0.0411694962895374
" H   PHE A  30 ","HG21 THR A  18 ",-0.00943780565438423
" HA  PHE A  30 ","HG21 THR A  18 ",-0.00583854926238731
" HB2 PHE A  30 ","HG21 THR A  18 ",-0.00375795624152163
" HZ  PHE A  30 ","HG21 THR A  18 ",-0.259394696300262
" H   LYS A  19 "," HB1 ALA A  20 ",-0.00822501983083114
" HA  LYS A  19 "," HZ1 LYS A  19 ",-0.00339852136547759
" HA  LYS A  19 "," HB1 ALA A  20 ",-0.0167072720389197
" HB2 LYS A  19 "," HZ1 LYS A  19 ",-0.0359629280047267
" HB3 LYS A  19 "," HZ1 LYS A  19 ",-0.0926176198144248
" HG2 LYS A  19 "," HZ1 LYS A  19 ",-0.0162724945042288
" HG3 LYS A  19 "," HZ1 LYS A  19 ",-0.019623791464002
" HD2 LYS A  19 "," HZ1 LYS A  19 ",-0.0903581246899657
" HD3 LYS A  19 "," HZ1 LYS A  19 ",-0.287380017360255
" HE2 LYS A  19 "," HZ1 LYS A  19 ",-0.329534487905106
" HE3 LYS A  19 "," HZ1 LYS A  19 ",-0.253012924036757
" H   ALA A  20 "," HB1 ALA A  20 ",-0.163113676636491
" H   ALA A  20 "," HB1 ALA A  26 ",-0.0130250171249531
" HA  ALA A  20 "," HB1 ALA A  20 ",-0.504730566529949
" HA  ALA A  20 ","HG11 VAL A  21 ",-0.0118858902375309
" HA  ALA A  20 ","HG21 VAL A  21 ",-0.0186365630531437
" HA  ALA A  20 ","HG21 THR A  25 ",-0.0396433808264776
" HA  ALA A  20 "," HB1 ALA A  26 ",-0.00816693159900306
" H   VAL A  21 "," HB1 ALA A  20 ",-0.116499694265265
" HA  VAL A  21 "," HB1 ALA A  20 ",-0.00943383828964224
" HB  VAL A  21 "," HB1 ALA A  20 ",-0.0043964012309296
" H   ASP A  22 "," HB1 ALA A  20 ",-0.337872607932874
" HA  ASP A  22 "," HB1 ALA A  20 ",-0.00936205961140566
" H   ALA A  23 "," HB1 ALA A  20 ",-0.00475947927172966
" HA  ALA A  23 "," HB1 ALA A  20 ",-0.0156185785343857
" H   THR A  25 "," HB1 ALA A  20 ",-0.0163489420980584
" HA  THR A  25 "," HB1 ALA A  20 ",-0.00726777584832034
" HB  THR A  25 "," HB1 ALA A  20 ",-0.201358679694411
" HG1 THR A  25 "," HB1 ALA A  20 ",-0.00617598456513605
" H   ALA A  26 "," HB1 ALA A  20 ",-0.114708032851362
" HA  ALA A  26 "," HB1 ALA A  20 ",-0.116373640821172
" H   VAL A  21 ","HG11 VAL A  21 ",-0.117244538783043
" H   VAL A  21 ","HG21 VAL A  21 ",-0.438623202103801
" H   VAL A  21 ","HG21 THR A  25 ",-0.0637653932242143
" HA  VAL A  21 ","HG11 VAL A  21 ",-0.198500890388819
" HA  VAL A  21 ","HG21 VAL A  21 ",-0.0853375628033408
" HB  VAL A  21 ","HG11 VAL A  21 ",-0.270587583042574
" HB  VAL A  21 ","HG21 VAL A  21 ",-0.275151705460717
" HB  VAL A  21 ","HG21 THR A  25 ",-0.00702570744018883
" H   ASP A  22 ","HG11 VAL A  21 ",-0.0132371537294876
" HA  ASP A  22 ","HG11 VAL A  21 ",-0.00396178492026867
" HB3 ASP A  22 ","HG11 VAL A  21 ",-0.00947833376909313
" H   ASP A  22 ","HG21 VAL A  21 ",-0.171714854116499
" HA  ASP A  22 ","HG21 VAL A  21 ",-0.00687365559730326
" HB2 ASP A  22 ","HG21 VAL A  21 ",-0.0055901978153688
" HB3 ASP A  22 ","HG21 VAL A  21 ",-0.0177683070396799
" H   THR A  25 ","HG21 VAL A  21 ",-0.00509133961462355
" HB  THR A  25 ","HG21 VAL A  21 ",-0.0281200147042961
" HG1 THR A  25 ","HG21 VAL A  21 ",-0.00905581977998391
" H   ASP A  22 ","HG21 THR A  25 ",-0.113947751065915
" H   ASP A  22 "," HB1 ALA A  26 ",-0.0109045619407809
" HA  ASP A  22 "," HB1 ALA A  23 ",-0.0135263531539904
" HA  ASP A  22 ","HG21 THR A  25 ",-0.00388287952740968
" HB2 ASP A  22 "," HB1 ALA A  23 ",-0.014322795672923
" HB2 ASP A  22 ","HG21 THR A  25 ",-0.00536644794041028
" HB3 ASP A  22 ","HG21 THR A  25 ",-0.00361960471357728
" H   ALA A  23 "," HB1 ALA A  23 ",-0.459727081096397
" H   ALA A  23 "," HB1 ALA A  26 ",-0.00606646285184003
" HA  ALA A  23 "," HB1 ALA A  23 ",-0.471018677601438
" HA  ALA A  23 ","HG21 THR A  25 ",-0.00362334410957713
" HA  ALA A  23 "," HB1 ALA A  26 ",-0.183272212986887
" H   GLU A  24 "," HB1 ALA A  23 ",-0.142952312374449
" HA  GLU A  24 "," HB1 ALA A  23 ",-0.0202713630667986
" HB2 GLU A  24 "," HB1 ALA A  23 ",-0.00939689837667517
" HB3 GLU A  24 "," HB1 ALA A  23 ",-0.00631573538621598
" H   THR A  25 "," HB1 ALA A  23 ",-0.00770014673017008
" H   ALA A  26 "," HB1 ALA A  23 ",-0.00788609222222176
" H   GLU A  27 "," HB1 ALA A  23 ",-0.00814677674400601
" HB2 GLU A  27 "," HB1 ALA A  23 ",-0.00862083678031058
" HB2 TYR A  45 "," HB1 ALA A  23 ",-0.00593066163651312
" HH  TYR A  45 "," HB1 ALA A  23 ",-0.0712557338742025
" HA  ASP A  47 "," HB1 ALA A  23 ",-0.0098942725462368
" HB2 ASP A  47 "," HB1 ALA A  23 ",-0.0051251255291484
" HB3 ASP A  47 "," HB1 ALA A  23 ",-0.00515688237993208
" HA  LYS A  50 "," HB1 ALA A  23 ",-0.00456555202220788
" HB3 LYS A  50 "," HB1 ALA A  23 ",-0.00246115214971664
" HG3 LYS A  50 "," HB1 ALA A  23 ",-0.00262389572636967
" HZ  PHE A  52 "," HB1 ALA A  23 ",-0.202307807063895
" H   GLU A  24 ","HG21 THR A  25 ",-0.00596748422945832
" H   GLU A  24 "," HB1 ALA A  26 ",-0.00537054108129721
" HA  GLU A  24 "," HZ1 LYS A  28 ",-0.00312913956876128
" HB3 GLU A  24 ","HG21 THR A  25 ",-0.00411865359680089
" HB3 GLU A  24 "," HZ1 LYS A  28 ",-0.00323093102338395
" HG2 GLU A  24 "," HZ1 LYS A  28 ",-0.0466710267577041
" HG3 GLU A  24 "," HZ1 LYS A  28 ",-0.0514112047048174
" H   THR A  25 ","HG21 THR A  25 ",-0.0667587885940608
" H   THR A  25 "," HB1 ALA A  26 ",-0.0119390568549818
" HA  THR A  25 ","HG21 THR A  25 ",-0.13969867793499
" HA  THR A  25 "," HZ1 LYS A  28 ",-0.0763842949655963
" HB  THR A  25 ","HG21 THR A  25 ",-0.252553645684447
" HB  THR A  25 "," HB1 ALA A  26 ",-0.0105049152694536
" HB  THR A  25 "," HZ1 LYS A  28 ",-0.0044124570045199
" HG1 THR A  25 ","HG21 THR A  25 ",-0.19531186593504
" HG1 THR A  25 "," HZ1 LYS A  28 ",-0.047704249508661
" H   ALA A  26 ","HG21 THR A  25 ",-0.131958202581247
" HA  ALA A  26 ","HG21 THR A  25 ",-0.0358022135463675
" H   GLU A  27 ","HG21 THR A  25 ",-0.00639231108041011
" H   LYS A  28 ","HG21 THR A  25 ",-0.00461001420407779
" HB2 LYS A  28 ","HG21 THR A  25 ",-0.00679236218531869
" HB3 LYS A  28 ","HG21 THR A  25 ",-0.00301564774260214
" HE2 LYS A  28 ","HG21 THR A  25 ",-0.00464257982056132
" H   ALA A  29 ","HG21 THR A  25 ",-0.00563446861797661
" H   ALA A  26 "," HB1 ALA A  26 ",-0.493267374563899
" HA  ALA A  26 "," HB1 ALA A  26 ",-0.493949345407588
" HA  ALA A  26 "," HB1 ALA A  29 ",-0.110786876558146
" H   GLU A  27 "," HB1 ALA A  26 ",-0.0989719125436612
" HA  GLU A  27 "," HB1 ALA A  26 ",-0.0202786281053298
" HB2 GLU A  27 "," HB1 ALA A  26 ",-0.00806947868957821
" H   ALA A  29 "," HB1 ALA A  26 ",-0.00931531022482274
" H   PHE A  30 "," HB1 ALA A  26 ",-0.0113934338593545
" HB2 PHE A  30 "," HB1 ALA A  26 ",-0.0102382099157476
" HZ  PHE A  30 "," HB1 ALA A  26 ",-0.0125756263304596
" HZ  PHE A  52 "," HB1 ALA A  26 ",-0.0176089069611837
" HG2 GLU A  27 "," HZ1 LYS A  31 ",-0.00901448038514583
" HG3 GLU A  27 "," HZ1 LYS A  31 ",-0.0113943960614772
" H   LYS A  28 "," HZ1 LYS A  28 ",-0.01920332813564
" H   LYS A  28 "," HB1 ALA A  29 ",-0.00921557545003111
" HA  LYS A  28 "," HZ1 LYS A  28 ",-0.0062531577539667
" HB2 LYS A  28 "," HZ1 LYS A  28 ",-0.204614059672196
" HB2 LYS A  28 "," HB1 ALA A  29 ",-0.00968082539917016
" HB3 LYS A  28 "," HZ1 LYS A  28 ",-0.0746478794872553
" HB3 LYS A  28 "," HB1 ALA A  29 ",-0.0116894283594905
" HG2 LYS A  28 "," HZ1 LYS A  28 ",-0.181551510750872
" HG3 LYS A  28 "," HZ1 LYS A  28 ",-0.0228636289666156
" HD2 LYS A  28 "," HZ1 LYS A  28 ",-0.0842910294735532
" HD3 LYS A  28 "," HZ1 LYS A  28 ",-0.22165018321395
" HE2 LYS A  28 "," HZ1 LYS A  28 ",-0.215287213331769
" HE3 LYS A  28 "," HZ1 LYS A  28 ",-0.237685492637605
" H   ALA A  29 "," HZ1 LYS A  28 ",-0.00519349135395917
" H   ALA A  29 "," HB1 ALA A  29 ",-0.405483742663548
" HA  ALA A  29 "," HB1 ALA A  29 ",-0.47003786157987
" H   PHE A  30 "," HB1 ALA A  29 ",-0.209249910748768
" HA  PHE A  30 "," HB1 ALA A  29 ",-0.0202551251143273
" HB2 PHE A  30 "," HB1 ALA A  29 ",-0.00962969384510776
" H   LYS A  31 "," HB1 ALA A  29 ",-0.00851035017295697
" HB3 GLN A  32 "," HB1 ALA A  29 ",-0.00719397493268432
" HB3 PHE A  30 "," HB1 ALA A  34 ",-0.0050921844214597
" HB3 PHE A  30 ","HG21 VAL A  54 ",-0.00679297895537104
" HA  LYS A  31 "," HZ1 LYS A  31 ",-0.00815588623144728
" HA  LYS A  31 "," HB1 ALA A  34 ",-0.103601192707956
" HA  LYS A  31 ","HG21 VAL A  54 ",-0.0038361569888748
" HB2 LYS A  31 "," HZ1 LYS A  31 ",-0.00941327503231376
" HB3 LYS A  31 "," HZ1 LYS A  31 ",-0.012526896710991
" HB3 LYS A  31 "," HB1 ALA A  34 ",-0.00782479346432225
" HG2 LYS A  31 "," HZ1 LYS A  31 ",-0.011869921535562
" HG2 LYS A  31 "," HB1 ALA A  34 ",-0.00408020120603059
" HG3 LYS A  31 "," HZ1 LYS A  31 ",-0.0108196662771038
" HG3 LYS A  31 "," HB1 ALA A  34 ",-0.00394994414552381
" HD2 LYS A  31 "," HZ1 LYS A  31 ",-0.18749026883456
" HD2 LYS A  31 "," HB1 ALA A  34 ",-0.00769604862079569
" HD3 LYS A  31 "," HZ1 LYS A  31 ",-0.149349106896926
" HD3 LYS A  31 "," HB1 ALA A  34 ",-0.0049581655160003
" HE2 LYS A  31 "," HZ1 LYS A  31 ",-0.241421400490612
" HE2 LYS A  31 "," HB1 ALA A  34 ",-0.00463285592060579
" HE3 LYS A  31 "," HZ1 LYS A  31 ",-0.232595605807196
" HE3 LYS A  31 "," HB1 ALA A  34 ",-0.00822206854081477
" H   GLY A  41 "," HZ1 LYS A  31 ",-0.00604240385565453
" H   TRP A  43 "," HZ1 LYS A  31 ",-0.00638219481965571
" HA  TRP A  43 "," HZ1 LYS A  31 ",-0.00316047107044981
" HB2 TRP A  43 "," HZ1 LYS A  31 ",-0.0736276391157151
" HB3 TRP A  43 "," HZ1 LYS A  31 ",-0.0180955985601142
" HD1 TRP A  43 "," HZ1 LYS A  31 ",-0.0942849598857701
" HE1 TRP A  43 "," HZ1 LYS A  31 ",-0.216949383589879
" HE3 TRP A  43 "," HZ1 LYS A  31 ",-0.00714202345203026
" HZ2 TRP A  43 "," HZ1 LYS A  31 ",-0.0119554548132738
" H   TYR A  33 "," HB1 ALA A  34 ",-0.0102658625848495
" HB3 TYR A  33 "," HB1 ALA A  34 ",-0.0170176886675199
" H   ALA A  34 "," HB1 ALA A  34 ",-0.51441432599325
" H   ALA A  34 ","HG21 VAL A  54 ",-0.00358725523917629
" HA  ALA A  34 "," HB1 ALA A  34 ",-0.479857266018701
" HA  ALA A  34 ","HG11 VAL A  39 ",-0.0198947935795322
" HA  ALA A  34 ","HG21 VAL A  39 ",-0.0491844600837269
" HA  ALA A  34 ","HG11 VAL A  54 ",-0.00536086817248835
" HA  ALA A  34 ","HG21 VAL A  54 ",-0.00604715844183745
" H   ASN A  35 "," HB1 ALA A  34 ",-0.240029598076877
" HA  ASN A  35 "," HB1 ALA A  34 ",-0.0229937568132628
" HB2 ASN A  35 "," HB1 ALA A  34 ",-0.0118397134368287
" H   ASP A  36 "," HB1 ALA A  34 ",-0.00904735087561664
" H   ASN A  37 "," HB1 ALA A  34 ",-0.00800462495573618
" HB2 ASN A  37 "," HB1 ALA A  34 ",-0.0085674736879895
"HD21 ASN A  37 "," HB1 ALA A  34 ",-0.00334401154527348
" H   VAL A  39 "," HB1 ALA A  34 ",-0.0194210663145249
" HA  VAL A  39 "," HB1 ALA A  34 ",-0.00610141897531301
" HB  VAL A  39 "," HB1 ALA A  34 ",-0.19170527141799
" HA  ASP A  40 "," HB1 ALA A  34 ",-0.0287914738328914
" HB2 ASP A  40 "," HB1 ALA A  34 ",-0.00895220565215996
" H   GLY A  41 "," HB1 ALA A  34 ",-0.00534293102190802
" HE1 TRP A  43 "," HB1 ALA A  34 ",-0.0348884429621027
" HZ2 TRP A  43 "," HB1 ALA A  34 ",-0.235903724040463
" HZ3 TRP A  43 "," HB1 ALA A  34 ",-0.00490421229859687
" HH2 TRP A  43 "," HB1 ALA A  34 ",-0.14117335533113
" HB  VAL A  54 "," HB1 ALA A  34 ",-0.0142046078806837
" H   ASN A  37 ","HG21 VAL A  39 ",-0.0174275329144716
" HA  ASN A  37 ","HG21 VAL A  39 ",-0.0110557690571369
" HB2 ASN A  37 ","HG21 VAL A  39 ",-0.232898214486451
" HB3 ASN A  37 ","HG21 VAL A  39 ",-0.140692042721071
"HD21 ASN A  37 ","HG21 VAL A  39 ",-0.00515115429187441
" H   GLY A  38 ","HG21 VAL A  39 ",-0.011242212273507
" HA2 GLY A  38 ","HG21 VAL A  39 ",-0.00723907354297469
" HA3 GLY A  38 ","HG21 VAL A  39 ",-0.0121838775581111
" H   VAL A  39 ","HG11 VAL A  39 ",-0.0198903705892218
" H   VAL A  39 ","HG21 VAL A  39 ",-0.137412832234455
" HA  VAL A  39 ","HG11 VAL A  39 ",-0.280924217973829
" HA  VAL A  39 ","HG21 VAL A  39 ",-0.271272411145803
" HB  VAL A  39 ","HG11 VAL A  39 ",-0.47229543722074
" HB  VAL A  39 ","HG21 VAL A  39 ",-0.468415857011003
" HB  VAL A  39 ","HG11 VAL A  54 ",-0.0199413149660191
" HB  VAL A  39 ","HG21 VAL A  54 ",-0.00843630516976795
" H   ASP A  40 ","HG11 VAL A  39 ",-0.132528041485956
" HA  ASP A  40 ","HG11 VAL A  39 ",-0.0311200667641201
" H   GLY A  41 ","HG11 VAL A  39 ",-0.00787400539987379
" HA3 GLY A  41 ","HG11 VAL A  39 ",-0.0064628692507158
" HE1 TRP A  43 ","HG11 VAL A  39 ",-0.00426570493537546
" HZ2 TRP A  43 ","HG11 VAL A  39 ",-0.00498622161085012
" HB  VAL A  54 ","HG11 VAL A  39 ",-0.0189108061876095
" H   GLU A  56 ","HG11 VAL A  39 ",-0.0099916463955187
" HA  GLU A  56 ","HG11 VAL A  39 ",-0.0259364095263613
" HB2 GLU A  56 ","HG11 VAL A  39 ",-0.0369317904788833
" HB3 GLU A  56 ","HG11 VAL A  39 ",-0.00874518917105401
" HG2 GLU A  56 ","HG11 VAL A  39 ",-0.2242452391852
" HG3 GLU A  56 ","HG11 VAL A  39 ",-0.170631850893672
" H   ASP A  40 ","HG21 VAL A  39 ",-0.013688272423599
" HB2 GLU A  56 ","HG21 VAL A  39 ",-0.00388932812430439
" HG2 GLU A  56 ","HG21 VAL A  39 ",-0.0138162961460099
" HG3 GLU A  56 ","HG21 VAL A  39 ",-0.0145157916330658
" H   ASP A  40 ","HG11 VAL A  54 ",-0.00453484613578066
" HA  ASP A  40 ","HG11 VAL A  54 ",-0.00853907565447251
" HA  ASP A  40 ","HG21 VAL A  54 ",-0.0168140926695984
" H   GLY A  41 ","HG11 VAL A  54 ",-0.00634053100429177
" H   GLY A  41 ","HG21 VAL A  54 ",-0.0286940003344309
" HA2 GLY A  41 ","HG11 VAL A  42 ",-0.00395719003174155
" HA2 GLY A  41 ","HG21 VAL A  42 ",-0.0106732965764197
" HA2 GLY A  41 ","HG21 VAL A  54 ",-0.00736963888757464
" HA3 GLY A  41 ","HG11 VAL A  42 ",-0.0059201223805883
" HA3 GLY A  41 ","HG21 VAL A  42 ",-0.0136996046120325
" HA3 GLY A  41 ","HG11 VAL A  54 ",-0.00472221124672971
" HA3 GLY A  41 ","HG21 VAL A  54 ",-0.106318941564995
" H   VAL A  42 ","HG11 VAL A  42 ",-0.172955276767746
" H   VAL A  42 ","HG21 VAL A  42 ",-0.129686611497781
" H   VAL A  42 ","HG11 VAL A  54 ",-0.00313464860539678
" H   VAL A  42 ","HG21 VAL A  54 ",-0.0207565636613908
" HA  VAL A  42 ","HG11 VAL A  42 ",-0.208547430524486
" HA  VAL A  42 ","HG21 VAL A  42 ",-0.144072517918818
" HA  VAL A  42 ","HG21 VAL A  54 ",-0.00307517381414335
" HB  VAL A  42 ","HG11 VAL A  42 ",-0.271214402558879
" HB  VAL A  42 ","HG21 VAL A  42 ",-0.293836366022985
" HB  VAL A  42 ","HG21 THR A  44 ",-0.00828434705915257
" HB  VAL A  42 ","HG21 THR A  55 ",-0.00523762327630678
" H   TRP A  43 ","HG11 VAL A  42 ",-0.225343044819828
" HA  TRP A  43 ","HG11 VAL A  42 ",-0.0148730201424868
" HB2 TRP A  43 ","HG11 VAL A  42 ",-0.00603012548923803
" HD1 TRP A  43 ","HG11 VAL A  42 ",-0.00354183111539683
" H   THR A  44 ","HG11 VAL A  42 ",-0.010455008219872
" HA  THR A  44 ","HG11 VAL A  42 ",-0.00694152692340699
" HG1 THR A  44 ","HG11 VAL A  42 ",-0.0100287714805419
" HA  VAL A  54 ","HG11 VAL A  42 ",-0.0121720036059017
" H   THR A  55 ","HG11 VAL A  42 ",-0.0782142637247239
" HA  THR A  55 ","HG11 VAL A  42 ",-0.00243380042883829
" HB  THR A  55 ","HG11 VAL A  42 ",-0.0368345840794761
" HG1 THR A  55 ","HG11 VAL A  42 ",-0.0288746108389979
" H   TRP A  43 ","HG21 VAL A  42 ",-0.0402747376185461
" HA  TRP A  43 ","HG21 VAL A  42 ",-0.00539170491709071
" HB2 TRP A  43 ","HG21 VAL A  42 ",-0.00367383175681439
" H   THR A  44 ","HG21 VAL A  42 ",-0.00289635883788053
" HA  THR A  44 ","HG21 VAL A  42 ",-0.0026396116688192
" HG1 THR A  44 ","HG21 VAL A  42 ",-0.00306829036954805
" H   THR A  55 ","HG21 VAL A  42 ",-0.00499017754049464
" HB  THR A  55 ","HG21 VAL A  42 ",-0.0191328732490578
" HG1 THR A  55 ","HG21 VAL A  42 ",-0.00492678811940692
" HA  GLU A  56 ","HG21 VAL A  42 ",-0.00237181692969997
" H   TRP A  43 ","HG21 THR A  44 ",-0.0106228408614873
" HA  TRP A  43 ","HG21 THR A  44 ",-0.0114676154108871
" HA  TRP A  43 ","HG11 VAL A  54 ",-0.00408930631647872
" HA  TRP A  43 ","HG21 VAL A  54 ",-0.0133411110563551
" HB3 TRP A  43 ","HG21 VAL A  54 ",-0.00392170124449382
" HD1 TRP A  43 ","HG11 VAL A  54 ",-0.00432962788146828
" HD1 TRP A  43 ","HG21 VAL A  54 ",-0.0103072270564101
" HE1 TRP A  43 ","HG11 VAL A  54 ",-0.027399842977213
" HE1 TRP A  43 ","HG21 VAL A  54 ",-0.0605132534585451
" HE3 TRP A  43 ","HG21 VAL A  54 ",-0.0126991175378297
" HZ2 TRP A  43 ","HG11 VAL A  54 ",-0.0277115125356729
" HZ2 TRP A  43 ","HG21 VAL A  54 ",-0.0885899211776471
" HZ3 TRP A  43 ","HG11 VAL A  54 ",-0.0113075441687093
" HZ3 TRP A  43 ","HG21 VAL A  54 ",-0.0144648801831697
" HH2 TRP A  43 ","HG11 VAL A  54 ",-0.0209160456914664
" HH2 TRP A  43 ","HG21 VAL A  54 ",-0.027060589344002
" H   THR A  44 ","HG21 THR A  44 ",-0.0535146001372352
" H   THR A  44 ","HG21 THR A  53 ",-0.00487961381724989
" HA  THR A  44 ","HG21 THR A  44 ",-0.405247398185911
" HB  THR A  44 ","HG21 THR A  44 ",-0.457284311987237
" HB  THR A  44 ","HG21 THR A  51 ",-0.0027958890285218
" HG1 THR A  44 ","HG21 THR A  44 ",-0.186668480579975
" HG1 THR A  44 ","HG21 THR A  51 ",-0.00346648871252022
" HG1 THR A  44 ","HG21 THR A  53 ",-0.0231710959581845
" H   TYR A  45 ","HG21 THR A  44 ",-0.0234726414036929
" HB  THR A  53 ","HG21 THR A  44 ",-0.013325289540894
" HG1 THR A  53 ","HG21 THR A  44 ",-0.00400589275042464
" HA  TYR A  45 ","HG21 THR A  49 ",-0.00408457985756112
" HB2 TYR A  45 ","HG21 THR A  49 ",-0.00204040729876358
" H   ASP A  46 ","HG21 THR A  49 ",-0.0468924555131624
" H   ASP A  46 ","HG21 THR A  51 ",-0.00435648945292351
" HA  ASP A  46 "," HB1 ALA A  48 ",-0.00724309970192381
" HA  ASP A  46 ","HG21 THR A  49 ",-0.00377446314000608
" HB2 ASP A  46 "," HB1 ALA A  48 ",-0.00626780969906642
" HB2 ASP A  46 ","HG21 THR A  49 ",-0.00995117570068215
" HB3 ASP A  46 "," HB1 ALA A  48 ",-0.0124206636571656
" HB3 ASP A  46 ","HG21 THR A  49 ",-0.151672872817254
" HB3 ASP A  46 ","HG21 THR A  51 ",-0.00578891913664735
" H   ASP A  47 "," HB1 ALA A  48 ",-0.010958088328777
" H   ASP A  47 ","HG21 THR A  49 ",-0.00176355062985995
" HA  ASP A  47 ","HG21 THR A  49 ",-0.00172254345036263
" HB3 ASP A  47 "," HB1 ALA A  48 ",-0.00522083715376169
" H   ALA A  48 "," HB1 ALA A  48 ",-0.436235060942708
" H   ALA A  48 ","HG21 THR A  49 ",-0.00309588746960999
" HA  ALA A  48 "," HB1 ALA A  48 ",-0.483051436941691
" HA  ALA A  48 ","HG21 THR A  49 ",-0.00347625885357103
" H   THR A  49 "," HB1 ALA A  48 ",-0.158584069625271
" HA  THR A  49 "," HB1 ALA A  48 ",-0.0146472574865295
" HB  THR A  49 "," HB1 ALA A  48 ",-0.0123982772767615
" HG1 THR A  49 "," HB1 ALA A  48 ",-0.0397854122514895
" H   LYS A  50 "," HB1 ALA A  48 ",-0.00666481471918049
" H   THR A  49 ","HG21 THR A  49 ",-0.0698812853304472
" HA  THR A  49 ","HG21 THR A  49 ",-0.158733433756648
" HA  THR A  49 "," HZ1 LYS A  50 ",-0.00467687338270426
" HB  THR A  49 ","HG21 THR A  49 ",-0.298830243136037
" HB  THR A  49 ","HG21 THR A  51 ",-0.00478917900245757
" HG1 THR A  49 ","HG21 THR A  49 ",-0.214871618992258
" H   LYS A  50 ","HG21 THR A  49 ",-0.0240599470865403
" HA  LYS A  50 ","HG21 THR A  49 ",-0.00770855482141373
" HB2 LYS A  50 ","HG21 THR A  49 ",-0.00256634585697975
" H   THR A  51 ","HG21 THR A  49 ",-0.163968022063129
" HA  THR A  51 ","HG21 THR A  49 ",-0.0031113696566236
" HB  THR A  51 ","HG21 THR A  49 ",-0.0189954573628597
" HG1 THR A  51 ","HG21 THR A  49 ",-0.0145572183198755
" H   LYS A  50 "," HZ1 LYS A  50 ",-0.00413310135399312
" HB2 LYS A  50 "," HZ1 LYS A  50 ",-0.0549913800340856
" HB3 LYS A  50 "," HZ1 LYS A  50 ",-0.015452074572371
" HG2 LYS A  50 "," HZ1 LYS A  50 ",-0.0270832519222596
" HG3 LYS A  50 "," HZ1 LYS A  50 ",-0.0208136594755643
" HD2 LYS A  50 "," HZ1 LYS A  50 ",-0.144560325260002
" HD3 LYS A  50 "," HZ1 LYS A  50 ",-0.277672443617851
" HE2 LYS A  50 "," HZ1 LYS A  50 ",-0.229816964017214
" HE3 LYS A  50 "," HZ1 LYS A  50 ",-0.192491824019005
" H   THR A  51 ","HG21 THR A  51 ",-0.0196110844352268
" HA  THR A  51 ","HG21 THR A  51 ",-0.239368926274647
" HB  THR A  51 ","HG21 THR A  51 ",-0.484725010088598
" HG1 THR A  51 ","HG21 THR A  51 ",-0.289435151880493
" H   PHE A  52 ","HG21 THR A  51 ",-0.147110400689966
" HA  PHE A  52 ","HG21 THR A  51 ",-0.0193570926733876
" HB2 PHE A  52 ","HG21 THR A  51 ",-0.00644616893461225
" H   THR A  53 ","HG21 THR A  51 ",-0.00810160379749043
" HA  THR A  53 ","HG21 THR A  51 ",-0.00682926276347337
" HB  THR A  53 ","HG21 THR A  51 ",-0.00472479953323437
" HG1 THR A  53 ","HG21 THR A  51 ",-0.0446336822881331
" HB3 PHE A  52 ","HG21 VAL A  54 ",-0.0040063443900104
" H   THR A  53 ","HG21 THR A  53 ",-0.0159761648873912
" H   THR A  53 ","HG21 VAL A  54 ",-0.00412656270423972
" HA  THR A  53 ","HG21 THR A  53 ",-0.391120011239383
" HA  THR A  53 ","HG11 VAL A  54 ",-0.0153850109615311
" HA  THR A  53 ","HG21 VAL A  54 ",-0.00970571356562305
" HB  THR A  53 ","HG21 THR A  53 ",-0.382456909000029
" HG1 THR A  53 ","HG21 THR A  53 ",-0.109751823829726
" H   VAL A  54 ","HG21 THR A  53 ",-0.26124157663803
" HA  VAL A  54 ","HG21 THR A  53 ",-0.0169661376178259
" HB  VAL A  54 ","HG21 THR A  53 ",-0.00519419005143169
" H   THR A  55 ","HG21 THR A  53 ",-0.0182778901304099
" HA  THR A  55 ","HG21 THR A  53 ",-0.00869463600820906
" HB  THR A  55 ","HG21 THR A  53 ",-0.00500946197852598
" HG1 THR A  55 ","HG21 THR A  53 ",-0.085079868367449
" H   VAL A  54 ","HG11 VAL A  54 ",-0.411074460805212
" H   VAL A  54 ","HG21 VAL A  54 ",-0.0253017542359651
" HA  VAL A  54 ","HG11 VAL A  54 ",-0.0647942006624922
" HA  VAL A  54 ","HG21 VAL A  54 ",-0.159388963512537
" HB  VAL A  54 ","HG11 VAL A  54 ",-0.324711108483827
" HB  VAL A  54 ","HG21 VAL A  54 ",-0.320845678808547
" H   THR A  55 ","HG11 VAL A  54 ",-0.0125925535452149
" HA  THR A  55 ","HG11 VAL A  54 ",-0.0109390482105825
" H   GLU A  56 ","HG11 VAL A  54 ",-0.00401592854934505
" HA  GLU A  56 ","HG11 VAL A  54 ",-0.00309925848595411
" HG2 GLU A  56 ","HG11 VAL A  54 ",-0.00629968713131385
" HG3 GLU A  56 ","HG11 VAL A  54 ",-0.00374877742517799
" H   THR A  55 ","HG21 VAL A  54 ",-0.0887593051712739
" HA  THR A  55 ","HG21 VAL A  54 ",-0.0128111307392973
" HB  THR A  55 ","HG21 VAL A  54 ",-0.00353531211948808
" H   GLU A  56 ","HG21 VAL A  54 ",-0.00456561210980456
" HA  GLU A  56 ","HG21 VAL A  54 ",-0.00654471446050384
" HB2 GLU A  56 ","HG21 VAL A  54 ",-0.00332703598729667
" HG3 GLU A  56 ","HG21 VAL A  54 ",-0.00338129928996038
" H   THR A  55 ","HG21 THR A  55 ",-0.0190714843322906
" HA  THR A  55 ","HG21 THR A  55 ",-0.337385759137844
" HB  THR A  55 ","HG21 THR A  55 ",-0.370078276860796
" HG1 THR A  55 ","HG21 THR A  55 ",-0.154843855705148
" H   GLU A  56 ","HG21 THR A  55 ",-0.333731431545943
" HA  GLU A  56 ","HG21 THR A  55 ",-0.0103304993624631
" HB2 GLU A  56 ","HG21 THR A  55 ",-0.0133759427969019
" HB3 GLU A  56 ","HG21 THR A  55 ",-0.00471932425850653
" HG3 GLU A  56 ","HG21 THR A  55 ",-0.00284654695076151
" HE1 MET A   1 "," HE2 MET A   1 ",-1.25460206758396
" HZ1 LYS A   4 "," HZ2 LYS A   4 ",-1.15987326327062
"HD11 LEU A   5 ","HD12 LEU A   5 ",-1.72145872869741
"HD21 LEU A   5 ","HD22 LEU A   5 ",-1.79081948196465
"HG11 VAL A   6 ","HG12 VAL A   6 ",-1.81542263384013
"HG21 VAL A   6 ","HG22 VAL A   6 ",-1.86108434495042
"HG21 ILE A   7 ","HG22 ILE A   7 ",-1.86204577992104
"HD11 ILE A   7 ","HD12 ILE A   7 ",-1.67098321596599
" HZ1 LYS A  10 "," HZ2 LYS A  10 ",-1.51723041361127
"HG21 THR A  11 ","HG22 THR A  11 ",-1.01399531649094
"HD11 LEU A  12 ","HD12 LEU A  12 ",-1.56833939056928
"HD21 LEU A  12 ","HD22 LEU A  12 ",-1.69254173967806
" HZ1 LYS A  13 "," HZ2 LYS A  13 ",-1.58158684992631
"HG21 THR A  16 ","HG22 THR A  16 ",-1.03448303529442
"HG21 THR A  17 ","HG22 THR A  17 ",-1.63769465562852
"HG21 THR A  18 ","HG22 THR A  18 ",-1.09546104078394
" HZ1 LYS A  19 "," HZ2 LYS A  19 ",-1.27976362384316
" HB1 ALA A  20 "," HB2 ALA A  20 ",-1.8374558865607
"HG11 VAL A  21 ","HG12 VAL A  21 ",-0.999456759207594
"HG21 VAL A  21 ","HG22 VAL A  21 ",-1.02784881664881
" HB1 ALA A  23 "," HB2 ALA A  23 ",-1.82267529493882
"HG21 THR A  25 ","HG22 THR A  25 ",-1.02521739206927
" HB1 ALA A  26 "," HB2 ALA A  26 ",-1.85268541707851
" HZ1 LYS A  28 "," HZ2 LYS A  28 ",-0.945519969529463
" HB1 ALA A  29 "," HB2 ALA A  29 ",-1.84471919372439
" HZ1 LYS A  31 "," HZ2 LYS A  31 ",-1.16795065158535
" HB1 ALA A  34 "," HB2 ALA A  34 ",-1.7936878098807
"HG11 VAL A  39 ","HG12 VAL A  39 ",-1.8684029541765
"HG21 VAL A  39 ","HG22 VAL A  39 ",-1.77730429894179
"HG11 VAL A  42 ","HG12 VAL A  42 ",-1.01272243756074
"HG21 VAL A  42 ","HG22 VAL A  42 ",-1.0205582649184
"HG21 THR A  44 ","HG22 THR A  44 ",-1.7479231743055
" HB1 ALA A  48 "," HB2 ALA A  48 ",-1.77735851272907
"HG21 THR A  49 ","HG22 THR A  49 ",-1.05907877722713
" HZ1 LYS A  50 "," HZ2 LYS A  50 ",-0.969325334064513
"HG21 THR A  51 ","HG22 THR A  51 ",-1.86149596053463
"HG21 THR A  53 ","HG22 THR A  53 ",-1.49635048795962
"HG11 VAL A  54 ","HG12 VAL A  54 ",-1.14617413037842
"HG21 VAL A  54 ","HG22 VAL A  54 ",-1.13415482766292
"HG21 THR A  55 ","HG22 THR A  55 ",-1.56696497384678
" H1  MET A   1 "," HE2 MET A   1 ",
" H1  MET A   1 "," HZ2 LYS A  50 ",
" HA  MET A   1 "," HZ2 LYS A  50 ",
" HB2 MET A   1 "," HE2 MET A   1 ",
" HB2 MET A   1 "," HZ2 LYS A  50 ",
" HB3 MET A   1 "," HE2 MET A   1 ",
" HB3 MET A   1 ","HG12 VAL A  21 ",
" HB3 MET A   1 "," HZ2 LYS A  50 ",
" HG2 MET A   1 "," HE2 MET A   1 ",
" HG2 MET A   1 ","HG12 VAL A  21 ",
" HG2 MET A   1 "," HZ2 LYS A  50 ",
" HG3 MET A   1 "," HE2 MET A   1 ",
" HG3 MET A   1 "," HZ2 LYS A  50 ",
" HE2 LYS A  19 "," HE2 MET A   1 ",
" HA  VAL A  21 "," HE2 MET A   1 ",
" H   GLN A   2 "," HZ2 LYS A  50 ",
" HA  GLN A   2 ","HG22 THR A  18 ",
" HB2 GLN A   2 ","HG22 THR A  17 ",
" HB2 GLN A   2 "," HZ2 LYS A  50 ",
" HB3 GLN A   2 ","HG22 THR A  17 ",
" HB3 GLN A   2 "," HZ2 LYS A  50 ",
" HG2 GLN A   2 ","HG22 THR A  17 ",
"HE21 GLN A   2 ","HG22 THR A  17 ",
"HE22 GLN A   2 ","HG22 THR A  17 ",
" H   TYR A   3 ","HG22 THR A  18 ",
" HA  TYR A   3 "," HZ2 LYS A  50 ",
" HB2 TYR A   3 ","HG22 THR A  18 ",
" HB2 TYR A   3 "," HB2 ALA A  20 ",
" HB2 TYR A   3 "," HB2 ALA A  26 ",
" HB3 TYR A   3 ","HG22 THR A  18 ",
" HB3 TYR A   3 "," HB2 ALA A  26 ",
" HH  TYR A   3 "," HB2 ALA A  20 ",
" HH  TYR A   3 "," HB2 ALA A  23 ",
" HH  TYR A   3 ","HG22 THR A  25 ",
" HH  TYR A   3 "," HB2 ALA A  26 ",
" HH  TYR A   3 "," HZ2 LYS A  50 ",
" H   LYS A   4 "," HZ2 LYS A   4 ",
" H   LYS A   4 ","HG22 THR A  17 ",
" H   LYS A   4 ","HG22 THR A  51 ",
" HA  LYS A   4 "," HZ2 LYS A   4 ",
" HA  LYS A   4 ","HG22 THR A  17 ",
" HA  LYS A   4 ","HG22 THR A  18 ",
" HB2 LYS A   4 "," HZ2 LYS A   4 ",
" HB2 LYS A   4 ","HG22 THR A  17 ",
" HB2 LYS A   4 ","HG22 THR A  51 ",
" HB3 LYS A   4 "," HZ2 LYS A   4 ",
" HB3 LYS A   4 ","HG22 VAL A   6 ",
" HB3 LYS A   4 ","HG22 THR A  17 ",
" HB3 LYS A   4 ","HG22 THR A  51 ",
" HG2 LYS A   4 "," HZ2 LYS A   4 ",
" HG2 LYS A   4 ","HG22 VAL A   6 ",
" HG2 LYS A   4 ","HG22 THR A  17 ",
" HG2 LYS A   4 ","HG22 THR A  51 ",
" HG3 LYS A   4 "," HZ2 LYS A   4 ",
" HG3 LYS A   4 ","HG22 VAL A   6 ",
" HG3 LYS A   4 ","HG22 THR A  17 ",
" HG3 LYS A   4 ","HG22 THR A  51 ",
" HD2 LYS A   4 "," HZ2 LYS A   4 ",
" HD2 LYS A   4 ","HG22 VAL A   6 ",
" HD2 LYS A   4 ","HG22 THR A  16 ",
" HD2 LYS A   4 ","HG22 THR A  17 ",
" HD3 LYS A   4 "," HZ2 LYS A   4 ",
" HD3 LYS A   4 ","HG12 VAL A   6 ",
" HD3 LYS A   4 ","HG22 VAL A   6 ",
" HD3 LYS A   4 ","HG22 THR A  17 ",
" HE2 LYS A   4 "," HZ2 LYS A   4 ",
" HE2 LYS A   4 ","HG22 VAL A   6 ",
" HE2 LYS A   4 ","HG22 THR A  17 ",
" HE3 LYS A   4 "," HZ2 LYS A   4 ",
" HE3 LYS A   4 ","HG22 VAL A   6 ",
" HE3 LYS A   4 ","HG22 THR A  17 ",
" H   LEU A   5 "," HZ2 LYS A   4 ",
" HA  GLU A  15 "," HZ2 LYS A   4 ",
" HB2 GLU A  15 "," HZ2 LYS A   4 ",
" HB3 GLU A  15 "," HZ2 LYS A   4 ",
" HG2 GLU A  15 "," HZ2 LYS A   4 ",
" HG3 GLU A  15 "," HZ2 LYS A   4 ",
" H   THR A  16 "," HZ2 LYS A   4 ",
" HA  THR A  16 "," HZ2 LYS A   4 ",
" H   THR A  17 "," HZ2 LYS A   4 ",
" HA  THR A  17 "," HZ2 LYS A   4 ",
" HB  THR A  17 "," HZ2 LYS A   4 ",
" HG1 THR A  17 "," HZ2 LYS A   4 ",
" HG1 THR A  51 "," HZ2 LYS A   4 ",
" H   LEU A   5 ","HD12 LEU A   5 ",
" H   LEU A   5 ","HD22 LEU A   5 ",
" H   LEU A   5 ","HG22 VAL A   6 ",
" H   LEU A   5 ","HG22 THR A  16 ",
" H   LEU A   5 ","HG22 THR A  17 ",
" H   LEU A   5 ","HG22 THR A  51 ",
" HA  LEU A   5 ","HD12 LEU A   5 ",
" HA  LEU A   5 ","HD22 LEU A   5 ",
" HA  LEU A   5 ","HG22 VAL A   6 ",
" HA  LEU A   5 ","HG22 THR A  16 ",
" HA  LEU A   5 ","HG22 THR A  51 ",
" HA  LEU A   5 ","HG22 VAL A  54 ",
" HB2 LEU A   5 ","HD12 LEU A   5 ",
" HB2 LEU A   5 ","HD22 LEU A   5 ",
" HB2 LEU A   5 ","HG22 THR A  16 ",
" HB3 LEU A   5 ","HD12 LEU A   5 ",
" HB3 LEU A   5 ","HD22 LEU A   5 ",
" HB3 LEU A   5 ","HD12 ILE A   7 ",
" HB3 LEU A   5 ","HG22 THR A  16 ",
" HG  LEU A   5 ","HD12 LEU A   5 ",
" HG  LEU A   5 ","HD22 LEU A   5 ",
" HG  LEU A   5 ","HG22 VAL A   6 ",
" HG  LEU A   5 ","HD12 ILE A   7 ",
" HG  LEU A   5 ","HG22 THR A  16 ",
" HG  LEU A   5 ","HG12 VAL A  54 ",
" HG  LEU A   5 ","HG22 VAL A  54 ",
" H   VAL A   6 ","HD12 LEU A   5 ",
" HA  VAL A   6 ","HD12 LEU A   5 ",
" HB  VAL A   6 ","HD12 LEU A   5 ",
" H   ILE A   7 ","HD12 LEU A   5 ",
" HA  ILE A   7 ","HD12 LEU A   5 ",
"HG12 ILE A   7 ","HD12 LEU A   5 ",
"HG13 ILE A   7 ","HD12 LEU A   5 ",
" HA  PHE A  30 ","HD12 LEU A   5 ",
" HB2 PHE A  30 ","HD12 LEU A   5 ",
" HB3 PHE A  30 ","HD12 LEU A   5 ",
" H   ALA A  34 ","HD12 LEU A   5 ",
" HE3 TRP A  43 ","HD12 LEU A   5 ",
" HZ2 TRP A  43 ","HD12 LEU A   5 ",
" HZ3 TRP A  43 ","HD12 LEU A   5 ",
" HH2 TRP A  43 ","HD12 LEU A   5 ",
" H   PHE A  52 ","HD12 LEU A   5 ",
" HA  PHE A  52 ","HD12 LEU A   5 ",
" HB2 PHE A  52 ","HD12 LEU A   5 ",
" HB3 PHE A  52 ","HD12 LEU A   5 ",
" H   THR A  53 ","HD12 LEU A   5 ",
" HA  THR A  53 ","HD12 LEU A   5 ",
" H   VAL A  54 ","HD12 LEU A   5 ",
" HA  VAL A  54 ","HD12 LEU A   5 ",
" HB  VAL A  54 ","HD12 LEU A   5 ",
" H   VAL A   6 ","HD22 LEU A   5 ",
" HA  ILE A   7 ","HD22 LEU A   5 ",
"HG12 ILE A   7 ","HD22 LEU A   5 ",
"HG13 ILE A   7 ","HD22 LEU A   5 ",
" HA  GLU A  15 ","HD22 LEU A   5 ",
" H   THR A  16 ","HD22 LEU A   5 ",
" HB  THR A  16 ","HD22 LEU A   5 ",
" HG1 THR A  16 ","HD22 LEU A   5 ",
" HA  PHE A  30 ","HD22 LEU A   5 ",
" HB2 PHE A  30 ","HD22 LEU A   5 ",
" HB3 PHE A  30 ","HD22 LEU A   5 ",
" HZ  PHE A  30 ","HD22 LEU A   5 ",
" HA  LYS A  31 ","HD22 LEU A   5 ",
" H   TYR A  33 ","HD22 LEU A   5 ",
" HB2 TYR A  33 ","HD22 LEU A   5 ",
" HB3 TYR A  33 ","HD22 LEU A   5 ",
" H   ALA A  34 ","HD22 LEU A   5 ",
" HZ2 TRP A  43 ","HD22 LEU A   5 ",
" HZ3 TRP A  43 ","HD22 LEU A   5 ",
" HH2 TRP A  43 ","HD22 LEU A   5 ",
" HB2 PHE A  52 ","HD22 LEU A   5 ",
" HB  VAL A  54 ","HD22 LEU A   5 ",
" H   VAL A   6 ","HG12 VAL A   6 ",
" H   VAL A   6 ","HG22 VAL A   6 ",
" H   VAL A   6 ","HG22 THR A  51 ",
" H   VAL A   6 ","HG22 THR A  53 ",
" H   VAL A   6 ","HG12 VAL A  54 ",
" H   VAL A   6 ","HG22 VAL A  54 ",
" HA  VAL A   6 ","HG12 VAL A   6 ",
" HA  VAL A   6 ","HG22 VAL A   6 ",
" HA  VAL A   6 ","HD12 ILE A   7 ",
" HB  VAL A   6 ","HG12 VAL A   6 ",
" HB  VAL A   6 ","HG22 VAL A   6 ",
" HB  VAL A   6 ","HG22 THR A  51 ",
" HB  VAL A   6 ","HG22 THR A  53 ",
" HB  VAL A   6 ","HG12 VAL A  54 ",
" H   ILE A   7 ","HG12 VAL A   6 ",
" HA  ILE A   7 ","HG12 VAL A   6 ",
" HB  ILE A   7 ","HG12 VAL A   6 ",
"HG13 ILE A   7 ","HG12 VAL A   6 ",
" H   ASN A   8 ","HG12 VAL A   6 ",
" HA  ASN A   8 ","HG12 VAL A   6 ",
" HB2 ASN A   8 ","HG12 VAL A   6 ",
" HB3 ASN A   8 ","HG12 VAL A   6 ",
"HD21 ASN A   8 ","HG12 VAL A   6 ",
"HD22 ASN A   8 ","HG12 VAL A   6 ",
" HA  LYS A  13 ","HG12 VAL A   6 ",
" H   GLY A  14 ","HG12 VAL A   6 ",
" HA  GLU A  15 ","HG12 VAL A   6 ",
" HB2 GLU A  15 ","HG12 VAL A   6 ",
" HG2 GLU A  15 ","HG12 VAL A   6 ",
" HG3 GLU A  15 ","HG12 VAL A   6 ",
" HA  THR A  53 ","HG12 VAL A   6 ",
" HG1 THR A  53 ","HG12 VAL A   6 ",
" H   VAL A  54 ","HG12 VAL A   6 ",
" H   ILE A   7 ","HG22 VAL A   6 ",
" HA  GLU A  15 ","HG22 VAL A   6 ",
" HB2 GLU A  15 ","HG22 VAL A   6 ",
" HB3 GLU A  15 ","HG22 VAL A   6 ",
" HG2 GLU A  15 ","HG22 VAL A   6 ",
" HG3 GLU A  15 ","HG22 VAL A   6 ",
" H   THR A  16 ","HG22 VAL A   6 ",
" HA  THR A  51 ","HG22 VAL A   6 ",
" HG1 THR A  51 ","HG22 VAL A   6 ",
" H   PHE A  52 ","HG22 VAL A   6 ",
" HA  THR A  53 ","HG22 VAL A   6 ",
" HG1 THR A  53 ","HG22 VAL A   6 ",
" H   ILE A   7 ","HG22 ILE A   7 ",
" H   ILE A   7 ","HD12 ILE A   7 ",
" H   ILE A   7 ","HG22 THR A  16 ",
" H   ILE A   7 ","HG12 VAL A  54 ",
" HA  ILE A   7 ","HG22 ILE A   7 ",
" HA  ILE A   7 ","HD12 ILE A   7 ",
" HA  ILE A   7 ","HG12 VAL A  39 ",
" HA  ILE A   7 ","HG22 THR A  53 ",
" HA  ILE A   7 ","HG12 VAL A  54 ",
" HA  ILE A   7 ","HG22 VAL A  54 ",
" HB  ILE A   7 ","HG22 ILE A   7 ",
" HB  ILE A   7 ","HD12 ILE A   7 ",
" HB  ILE A   7 ","HD12 LEU A  12 ",
" HB  ILE A   7 ","HD22 LEU A  12 ",
" HB  ILE A   7 ","HG12 VAL A  54 ",
"HG12 ILE A   7 ","HG22 ILE A   7 ",
"HG12 ILE A   7 ","HD12 ILE A   7 ",
"HG12 ILE A   7 ","HD22 LEU A  12 ",
"HG12 ILE A   7 ","HG22 THR A  16 ",
"HG12 ILE A   7 "," HB2 ALA A  34 ",
"HG12 ILE A   7 ","HG12 VAL A  39 ",
"HG12 ILE A   7 ","HG22 VAL A  39 ",
"HG12 ILE A   7 ","HG12 VAL A  54 ",
"HG12 ILE A   7 ","HG22 VAL A  54 ",
"HG13 ILE A   7 ","HG22 ILE A   7 ",
"HG13 ILE A   7 ","HD12 ILE A   7 ",
"HG13 ILE A   7 ","HG22 THR A  16 ",
"HG13 ILE A   7 ","HG12 VAL A  54 ",
" H   ASN A   8 ","HG22 ILE A   7 ",
" HA  ASN A   8 ","HG22 ILE A   7 ",
" HB2 ASN A   8 ","HG22 ILE A   7 ",
" H   GLY A   9 ","HG22 ILE A   7 ",
" HA2 GLY A   9 ","HG22 ILE A   7 ",
" HA3 GLY A   9 ","HG22 ILE A   7 ",
" H   LEU A  12 ","HG22 ILE A   7 ",
" HA  LEU A  12 ","HG22 ILE A   7 ",
" HB2 LEU A  12 ","HG22 ILE A   7 ",
" HB3 LEU A  12 ","HG22 ILE A   7 ",
" HG  LEU A  12 ","HG22 ILE A   7 ",
" H   LYS A  13 ","HG22 ILE A   7 ",
" HA  LYS A  13 ","HG22 ILE A   7 ",
" HG2 LYS A  13 ","HG22 ILE A   7 ",
" HG3 LYS A  13 ","HG22 ILE A   7 ",
" H   GLY A  14 ","HG22 ILE A   7 ",
" HA3 GLY A  14 ","HG22 ILE A   7 ",
" HA  ALA A  34 ","HG22 ILE A   7 ",
" HB2 ASN A  37 ","HG22 ILE A   7 ",
" HB3 ASN A  37 ","HG22 ILE A   7 ",
" HB  VAL A  39 ","HG22 ILE A   7 ",
" H   VAL A  54 ","HG22 ILE A   7 ",
" HB  VAL A  54 ","HG22 ILE A   7 ",
" HA  THR A  55 ","HG22 ILE A   7 ",
" H   GLU A  56 ","HG22 ILE A   7 ",
" HB2 GLU A  56 ","HG22 ILE A   7 ",
" HB3 LEU A  12 ","HD12 ILE A   7 ",
" HG  LEU A  12 ","HD12 ILE A   7 ",
" HA  LYS A  13 ","HD12 ILE A   7 ",
" H   GLY A  14 ","HD12 ILE A   7 ",
" HA3 GLY A  14 ","HD12 ILE A   7 ",
" H   GLU A  15 ","HD12 ILE A   7 ",
" HA  GLU A  15 ","HD12 ILE A   7 ",
" H   THR A  16 ","HD12 ILE A   7 ",
" HB  THR A  16 ","HD12 ILE A   7 ",
" HG1 THR A  16 ","HD12 ILE A   7 ",
" HB3 TYR A  33 ","HD12 ILE A   7 ",
" HH  TYR A  33 ","HD12 ILE A   7 ",
" HA  ALA A  34 ","HD12 ILE A   7 ",
" HB2 ASN A  37 ","HD12 ILE A   7 ",
" HB3 ASN A  37 ","HD12 ILE A   7 ",
"HD21 ASN A  37 ","HD12 ILE A   7 ",
"HD22 ASN A  37 ","HD12 ILE A   7 ",
" HB  VAL A  39 ","HD12 ILE A   7 ",
" H   ASN A   8 ","HG12 VAL A  39 ",
" H   ASN A   8 ","HG22 THR A  53 ",
" H   ASN A   8 ","HG12 VAL A  54 ",
" H   ASN A   8 ","HG22 VAL A  54 ",
" HA  ASN A   8 "," HZ2 LYS A  13 ",
" HB2 ASN A   8 ","HG22 THR A  53 ",
" HB2 ASN A   8 ","HG12 VAL A  54 ",
" HB2 ASN A   8 ","HG22 THR A  55 ",
" HB3 ASN A   8 "," HZ2 LYS A  13 ",
" HB3 ASN A   8 ","HG22 THR A  53 ",
" HB3 ASN A   8 ","HG22 THR A  55 ",
"HD21 ASN A   8 "," HZ2 LYS A  13 ",
"HD21 ASN A   8 ","HG22 THR A  55 ",
"HD22 ASN A   8 "," HZ2 LYS A  13 ",
"HD22 ASN A   8 ","HG22 THR A  55 ",
" H   GLY A   9 ","HG12 VAL A  39 ",
" H   GLY A   9 ","HG22 VAL A  39 ",
" HA2 GLY A   9 ","HG12 VAL A  39 ",
" HA2 GLY A   9 ","HG22 VAL A  39 ",
" HA2 GLY A   9 ","HG22 THR A  55 ",
" HA3 GLY A   9 ","HD22 LEU A  12 ",
" HA3 GLY A   9 ","HG12 VAL A  39 ",
" HA3 GLY A   9 ","HG22 VAL A  39 ",
" H   LYS A  10 ","HG22 THR A  11 ",
" HA  LYS A  10 "," HZ2 LYS A  10 ",
" HA  LYS A  10 ","HG22 THR A  11 ",
" HA  LYS A  10 "," HZ2 LYS A  13 ",
" HB2 LYS A  10 "," HZ2 LYS A  10 ",
" HB2 LYS A  10 ","HG22 THR A  11 ",
" HB3 LYS A  10 ","HG22 THR A  11 ",
" HG2 LYS A  10 "," HZ2 LYS A  10 ",
" HG2 LYS A  10 ","HG22 THR A  11 ",
" HG3 LYS A  10 "," HZ2 LYS A  10 ",
" HG3 LYS A  10 ","HG22 THR A  11 ",
" HD2 LYS A  10 "," HZ2 LYS A  10 ",
" HD3 LYS A  10 "," HZ2 LYS A  10 ",
" HE2 LYS A  10 "," HZ2 LYS A  10 ",
" HE3 LYS A  10 "," HZ2 LYS A  10 ",
" H   THR A  11 ","HG22 THR A  11 ",
" H   THR A  11 ","HG22 VAL A  39 ",
" HA  THR A  11 ","HG22 THR A  11 ",
" HA  THR A  11 "," HZ2 LYS A  13 ",
" HB  THR A  11 ","HG22 THR A  11 ",
" HG1 THR A  11 ","HG22 THR A  11 ",
" HG1 THR A  11 ","HD12 LEU A  12 ",
" HG1 THR A  11 ","HD22 LEU A  12 ",
" HG1 THR A  11 ","HG22 VAL A  39 ",
" H   LEU A  12 ","HG22 THR A  11 ",
" H   LEU A  12 ","HD12 LEU A  12 ",
" H   LEU A  12 ","HD22 LEU A  12 ",
" H   LEU A  12 "," HZ2 LYS A  13 ",
" H   LEU A  12 ","HG22 VAL A  39 ",
" HA  LEU A  12 ","HD12 LEU A  12 ",
" HA  LEU A  12 ","HD22 LEU A  12 ",
" HB2 LEU A  12 ","HD12 LEU A  12 ",
" HB2 LEU A  12 ","HD22 LEU A  12 ",
" HB2 LEU A  12 ","HG22 VAL A  39 ",
" HB3 LEU A  12 ","HD12 LEU A  12 ",
" HB3 LEU A  12 ","HD22 LEU A  12 ",
" HB3 LEU A  12 ","HG12 VAL A  39 ",
" HB3 LEU A  12 ","HG22 VAL A  39 ",
" HG  LEU A  12 ","HD12 LEU A  12 ",
" HG  LEU A  12 ","HD22 LEU A  12 ",
" HG  LEU A  12 ","HG12 VAL A  39 ",
" HG  LEU A  12 ","HG22 VAL A  39 ",
" H   LYS A  13 ","HD12 LEU A  12 ",
" HA  LYS A  13 ","HD12 LEU A  12 ",
" HB2 LYS A  13 ","HD12 LEU A  12 ",
" H   GLY A  14 ","HD12 LEU A  12 ",
" HA2 GLY A  14 ","HD12 LEU A  12 ",
" HA3 GLY A  14 ","HD12 LEU A  12 ",
" HH  TYR A  33 ","HD12 LEU A  12 ",
" HB3 ASN A  37 ","HD12 LEU A  12 ",
" H   GLY A  14 ","HD22 LEU A  12 ",
" HH  TYR A  33 ","HD22 LEU A  12 ",
" HA  ALA A  34 ","HD22 LEU A  12 ",
" HA  ASN A  37 ","HD22 LEU A  12 ",
" HB2 ASN A  37 ","HD22 LEU A  12 ",
" HB3 ASN A  37 ","HD22 LEU A  12 ",
"HD21 ASN A  37 ","HD22 LEU A  12 ",
"HD22 ASN A  37 ","HD22 LEU A  12 ",
" H   VAL A  39 ","HD22 LEU A  12 ",
" HA  VAL A  39 ","HD22 LEU A  12 ",
" HB  VAL A  39 ","HD22 LEU A  12 ",
" HB2 LYS A  13 "," HZ2 LYS A  13 ",
" HB3 LYS A  13 "," HZ2 LYS A  13 ",
" HG2 LYS A  13 "," HZ2 LYS A  13 ",
" HG3 LYS A  13 "," HZ2 LYS A  13 ",
" HD2 LYS A  13 "," HZ2 LYS A  13 ",
" HD3 LYS A  13 "," HZ2 LYS A  13 ",
" HE2 LYS A  13 "," HZ2 LYS A  13 ",
" HE3 LYS A  13 "," HZ2 LYS A  13 ",
" HA  GLU A  15 ","HG22 THR A  16 ",
" HB2 GLU A  15 ","HG22 THR A  17 ",
" HB3 GLU A  15 ","HG22 THR A  17 ",
" HG2 GLU A  15 ","HG22 THR A  16 ",
" HG2 GLU A  15 ","HG22 THR A  17 ",
" H   THR A  16 ","HG22 THR A  16 ",
" H   THR A  16 ","HG22 THR A  17 ",
" HA  THR A  16 ","HG22 THR A  16 ",
" HA  THR A  16 ","HG22 THR A  17 ",
" HB  THR A  16 ","HG22 THR A  16 ",
" HG1 THR A  16 ","HG22 THR A  16 ",
" H   THR A  17 ","HG22 THR A  16 ",
" HA  THR A  17 ","HG22 THR A  16 ",
" HB  THR A  18 ","HG22 THR A  16 ",
" HG1 THR A  18 ","HG22 THR A  16 ",
" HA  PHE A  30 ","HG22 THR A  16 ",
" HZ  PHE A  30 ","HG22 THR A  16 ",
" HB2 TYR A  33 ","HG22 THR A  16 ",
" HB3 TYR A  33 ","HG22 THR A  16 ",
" HH  TYR A  33 ","HG22 THR A  16 ",
" H   THR A  17 ","HG22 THR A  17 ",
" HA  THR A  17 ","HG22 THR A  17 ",
" HA  THR A  17 ","HG22 THR A  18 ",
" HB  THR A  17 ","HG22 THR A  17 ",
" HB  THR A  17 ","HG22 THR A  18 ",
" HG1 THR A  17 ","HG22 THR A  17 ",
" H   THR A  18 ","HG22 THR A  17 ",
" HZ  PHE A  30 ","HG22 THR A  17 ",
" H   THR A  18 ","HG22 THR A  18 ",
" HA  THR A  18 ","HG22 THR A  18 ",
" HB  THR A  18 ","HG22 THR A  18 ",
" HB  THR A  18 "," HB2 ALA A  20 ",
" HB  THR A  18 "," HB2 ALA A  26 ",
" HB  THR A  18 "," HB2 ALA A  29 ",
" HG1 THR A  18 ","HG22 THR A  18 ",
" HG1 THR A  18 "," HB2 ALA A  20 ",
" HG1 THR A  18 "," HB2 ALA A  26 ",
" HG1 THR A  18 "," HB2 ALA A  29 ",
" H   LYS A  19 ","HG22 THR A  18 ",
" HA  LYS A  19 ","HG22 THR A  18 ",
" HB2 LYS A  19 ","HG22 THR A  18 ",
" HG2 LYS A  19 ","HG22 THR A  18 ",
" H   ALA A  20 ","HG22 THR A  18 ",
" HA  ALA A  20 ","HG22 THR A  18 ",
" HA  ALA A  26 ","HG22 THR A  18 ",
" H   PHE A  30 ","HG22 THR A  18 ",
" HA  PHE A  30 ","HG22 THR A  18 ",
" HB2 PHE A  30 ","HG22 THR A  18 ",
" HZ  PHE A  30 ","HG22 THR A  18 ",
" H   LYS A  19 "," HB2 ALA A  20 ",
" HA  LYS A  19 "," HZ2 LYS A  19 ",
" HA  LYS A  19 "," HB2 ALA A  20 ",
" HB2 LYS A  19 "," HZ2 LYS A  19 ",
" HB3 LYS A  19 "," HZ2 LYS A  19 ",
" HG2 LYS A  19 "," HZ2 LYS A  19 ",
" HG3 LYS A  19 "," HZ2 LYS A  19 ",
" HD2 LYS A  19 "," HZ2 LYS A  19 ",
" HD3 LYS A  19 "," HZ2 LYS A  19 ",
" HE2 LYS A  19 "," HZ2 LYS A  19 ",
" HE3 LYS A  19 "," HZ2 LYS A  19 ",
" H   ALA A  20 "," HB2 ALA A  20 ",
" H   ALA A  20 "," HB2 ALA A  26 ",
" HA  ALA A  20 "," HB2 ALA A  20 ",
" HA  ALA A  20 ","HG12 VAL A  21 ",
" HA  ALA A  20 ","HG22 VAL A  21 ",
" HA  ALA A  20 ","HG22 THR A  25 ",
" HA  ALA A  20 "," HB2 ALA A  26 ",
" H   VAL A  21 "," HB2 ALA A  20 ",
" HA  VAL A  21 "," HB2 ALA A  20 ",
" HB  VAL A  21 "," HB2 ALA A  20 ",
" H   ASP A  22 "," HB2 ALA A  20 ",
" HA  ASP A  22 "," HB2 ALA A  20 ",
" H   ALA A  23 "," HB2 ALA A  20 ",
" HA  ALA A  23 "," HB2 ALA A  20 ",
" H   THR A  25 "," HB2 ALA A  20 ",
" HA  THR A  25 "," HB2 ALA A  20 ",
" HB  THR A  25 "," HB2 ALA A  20 ",
" HG1 THR A  25 "," HB2 ALA A  20 ",
" H   ALA A  26 "," HB2 ALA A  20 ",
" HA  ALA A  26 "," HB2 ALA A  20 ",
" H   VAL A  21 ","HG12 VAL A  21 ",
" H   VAL A  21 ","HG22 VAL A  21 ",
" H   VAL A  21 ","HG22 THR A  25 ",
" HA  VAL A  21 ","HG12 VAL A  21 ",
" HA  VAL A  21 ","HG22 VAL A  21 ",
" HB  VAL A  21 ","HG12 VAL A  21 ",
" HB  VAL A  21 ","HG22 VAL A  21 ",
" HB  VAL A  21 ","HG22 THR A  25 ",
" H   ASP A  22 ","HG12 VAL A  21 ",
" HA  ASP A  22 ","HG12 VAL A  21 ",
" HB3 ASP A  22 ","HG12 VAL A  21 ",
" H   ASP A  22 ","HG22 VAL A  21 ",
" HA  ASP A  22 ","HG22 VAL A  21 ",
" HB2 ASP A  22 ","HG22 VAL A  21 ",
" HB3 ASP A  22 ","HG22 VAL A  21 ",
" H   THR A  25 ","HG22 VAL A  21 ",
" HB  THR A  25 ","HG22 VAL A  21 ",
" HG1 THR A  25 ","HG22 VAL A  21 ",
" H   ASP A  22 ","HG22 THR A  25 ",
" H   ASP A  22 "," HB2 ALA A  26 ",
" HA  ASP A  22 "," HB2 ALA A  23 ",
" HA  ASP A  22 ","HG22 THR A  25 ",
" HB2 ASP A  22 "," HB2 ALA A  23 ",
" HB2 ASP A  22 ","HG22 THR A  25 ",
" HB3 ASP A  22 ","HG22 THR A  25 ",
" H   ALA A  23 "," HB2 ALA A  23 ",
" H   ALA A  23 "," HB2 ALA A  26 ",
" HA  ALA A  23 "," HB2 ALA A  23 ",
" HA  ALA A  23 ","HG22 THR A  25 ",
" HA  ALA A  23 "," HB2 ALA A  26 ",
" H   GLU A  24 "," HB2 ALA A  23 ",
" HA  GLU A  24 "," HB2 ALA A  23 ",
" HB2 GLU A  24 "," HB2 ALA A  23 ",
" HB3 GLU A  24 "," HB2 ALA A  23 ",
" H   THR A  25 "," HB2 ALA A  23 ",
" H   ALA A  26 "," HB2 ALA A  23 ",
" H   GLU A  27 "," HB2 ALA A  23 ",
" HB2 GLU A  27 "," HB2 ALA A  23 ",
" HB2 TYR A  45 "," HB2 ALA A  23 ",
" HH  TYR A  45 "," HB2 ALA A  23 ",
" HA  ASP A  47 "," HB2 ALA A  23 ",
" HB2 ASP A  47 "," HB2 ALA A  23 ",
" HB3 ASP A  47 "," HB2 ALA A  23 ",
" HA  LYS A  50 "," HB2 ALA A  23 ",
" HB3 LYS A  50 "," HB2 ALA A  23 ",
" HG3 LYS A  50 "," HB2 ALA A  23 ",
" HZ  PHE A  52 "," HB2 ALA A  23 ",
" H   GLU A  24 ","HG22 THR A  25 ",
" H   GLU A  24 "," HB2 ALA A  26 ",
" HA  GLU A  24 "," HZ2 LYS A  28 ",
" HB3 GLU A  24 ","HG22 THR A  25 ",
" HB3 GLU A  24 "," HZ2 LYS A  28 ",
" HG2 GLU A  24 "," HZ2 LYS A  28 ",
" HG3 GLU A  24 "," HZ2 LYS A  28 ",
" H   THR A  25 ","HG22 THR A  25 ",
" H   THR A  25 "," HB2 ALA A  26 ",
" HA  THR A  25 ","HG22 THR A  25 ",
" HA  THR A  25 "," HZ2 LYS A  28 ",
" HB  THR A  25 ","HG22 THR A  25 ",
" HB  THR A  25 "," HB2 ALA A  26 ",
" HB  THR A  25 "," HZ2 LYS A  28 ",
" HG1 THR A  25 ","HG22 THR A  25 ",
" HG1 THR A  25 "," HZ2 LYS A  28 ",
" H   ALA A  26 ","HG22 THR A  25 ",
" HA  ALA A  26 ","HG22 THR A  25 ",
" H   GLU A  27 ","HG22 THR A  25 ",
" H   LYS A  28 ","HG22 THR A  25 ",
" HB2 LYS A  28 ","HG22 THR A  25 ",
" HB3 LYS A  28 ","HG22 THR A  25 ",
" HE2 LYS A  28 ","HG22 THR A  25 ",
" H   ALA A  29 ","HG22 THR A  25 ",
" H   ALA A  26 "," HB2 ALA A  26 ",
" HA  ALA A  26 "," HB2 ALA A  26 ",
" HA  ALA A  26 "," HB2 ALA A  29 ",
" H   GLU A  27 "," HB2 ALA A  26 ",
" HA  GLU A  27 "," HB2 ALA A  26 ",
" HB2 GLU A  27 "," HB2 ALA A  26 ",
" H   ALA A  29 "," HB2 ALA A  26 ",
" H   PHE A  30 "," HB2 ALA A  26 ",
" HB2 PHE A  30 "," HB2 ALA A  26 ",
" HZ  PHE A  30 "," HB2 ALA A  26 ",
" HZ  PHE A  52 "," HB2 ALA A  26 ",
" HG2 GLU A  27 "," HZ2 LYS A  31 ",
" HG3 GLU A  27 "," HZ2 LYS A  31 ",
" H   LYS A  28 "," HZ2 LYS A  28 ",
" H   LYS A  28 "," HB2 ALA A  29 ",
" HA  LYS A  28 "," HZ2 LYS A  28 ",
" HB2 LYS A  28 "," HZ2 LYS A  28 ",
" HB2 LYS A  28 "," HB2 ALA A  29 ",
" HB3 LYS A  28 "," HZ2 LYS A  28 ",
" HB3 LYS A  28 "," HB2 ALA A  29 ",
" HG2 LYS A  28 "," HZ2 LYS A  28 ",
" HG3 LYS A  28 "," HZ2 LYS A  28 ",
" HD2 LYS A  28 "," HZ2 LYS A  28 ",
" HD3 LYS A  28 "," HZ2 LYS A  28 ",
" HE2 LYS A  28 "," HZ2 LYS A  28 ",
" HE3 LYS A  28 "," HZ2 LYS A  28 ",
" H   ALA A  29 "," HZ2 LYS A  28 ",
" H   ALA A  29 "," HB2 ALA A  29 ",
" HA  ALA A  29 "," HB2 ALA A  29 ",
" H   PHE A  30 "," HB2 ALA A  29 ",
" HA  PHE A  30 "," HB2 ALA A  29 ",
" HB2 PHE A  30 "," HB2 ALA A  29 ",
" H   LYS A  31 "," HB2 ALA A  29 ",
" HB3 GLN A  32 "," HB2 ALA A  29 ",
" HB3 PHE A  30 "," HB2 ALA A  34 ",
" HB3 PHE A  30 ","HG22 VAL A  54 ",
" HA  LYS A  31 "," HZ2 LYS A  31 ",
" HA  LYS A  31 "," HB2 ALA A  34 ",
" HA  LYS A  31 ","HG22 VAL A  54 ",
" HB2 LYS A  31 "," HZ2 LYS A  31 ",
" HB3 LYS A  31 "," HZ2 LYS A  31 ",
" HB3 LYS A  31 "," HB2 ALA A  34 ",
" HG2 LYS A  31 "," HZ2 LYS A  31 ",
" HG2 LYS A  31 "," HB2 ALA A  34 ",
" HG3 LYS A  31 "," HZ2 LYS A  31 ",
" HG3 LYS A  31 "," HB2 ALA A  34 ",
" HD2 LYS A  31 "," HZ2 LYS A  31 ",
" HD2 LYS A  31 "," HB2 ALA A  34 ",
" HD3 LYS A  31 "," HZ2 LYS A  31 ",
" HD3 LYS A  31 "," HB2 ALA A  34 ",
" HE2 LYS A  31 "," HZ2 LYS A  31 ",
" HE2 LYS A  31 "," HB2 ALA A  34 ",
" HE3 LYS A  31 "," HZ2 LYS A  31 ",
" HE3 LYS A  31 "," HB2 ALA A  34 ",
" H   GLY A  41 "," HZ2 LYS A  31 ",
" H   TRP A  43 "," HZ2 LYS A  31 ",
" HA  TRP A  43 "," HZ2 LYS A  31 ",
" HB2 TRP A  43 "," HZ2 LYS A  31 ",
" HB3 TRP A  43 "," HZ2 LYS A  31 ",
" HD1 TRP A  43 "," HZ2 LYS A  31 ",
" HE1 TRP A  43 "," HZ2 LYS A  31 ",
" HE3 TRP A  43 "," HZ2 LYS A  31 ",
" HZ2 TRP A  43 "," HZ2 LYS A  31 ",
" H   TYR A  33 "," HB2 ALA A  34 ",
" HB3 TYR A  33 "," HB2 ALA A  34 ",
" H   ALA A  34 "," HB2 ALA A  34 ",
" H   ALA A  34 ","HG22 VAL A  54 ",
" HA  ALA A  34 "," HB2 ALA A  34 ",
" HA  ALA A  34 ","HG12 VAL A  39 ",
" HA  ALA A  34 ","HG22 VAL A  39 ",
" HA  ALA A  34 ","HG12 VAL A  54 ",
" HA  ALA A  34 ","HG22 VAL A  54 ",
" H   ASN A  35 "," HB2 ALA A  34 ",
" HA  ASN A  35 "," HB2 ALA A  34 ",
" HB2 ASN A  35 "," HB2 ALA A  34 ",
" H   ASP A  36 "," HB2 ALA A  34 ",
" H   ASN A  37 "," HB2 ALA A  34 ",
" HB2 ASN A  37 "," HB2 ALA A  34 ",
"HD21 ASN A  37 "," HB2 ALA A  34 ",
" H   VAL A  39 "," HB2 ALA A  34 ",
" HA  VAL A  39 "," HB2 ALA A  34 ",
" HB  VAL A  39 "," HB2 ALA A  34 ",
" HA  ASP A  40 "," HB2 ALA A  34 ",
" HB2 ASP A  40 "," HB2 ALA A  34 ",
" H   GLY A  41 "," HB2 ALA A  34 ",
" HE1 TRP A  43 "," HB2 ALA A  34 ",
" HZ2 TRP A  43 "," HB2 ALA A  34 ",
" HZ3 TRP A  43 "," HB2 ALA A  34 ",
" HH2 TRP A  43 "," HB2 ALA A  34 ",
" HB  VAL A  54 "," HB2 ALA A  34 ",
" H   ASN A  37 ","HG22 VAL A  39 ",
" HA  ASN A  37 ","HG22 VAL A  39 ",
" HB2 ASN A  37 ","HG22 VAL A  39 ",
" HB3 ASN A  37 ","HG22 VAL A  39 ",
"HD21 ASN A  37 ","HG22 VAL A  39 ",
" H   GLY A  38 ","HG22 VAL A  39 ",
" HA2 GLY A  38 ","HG22 VAL A  39 ",
" HA3 GLY A  38 ","HG22 VAL A  39 ",
" H   VAL A  39 ","HG12 VAL A  39 ",
" H   VAL A  39 ","HG22 VAL A  39 ",
" HA  VAL A  39 ","HG12 VAL A  39 ",
" HA  VAL A  39 ","HG22 VAL A  39 ",
" HB  VAL A  39 ","HG12 VAL A  39 ",
" HB  VAL A  39 ","HG22 VAL A  39 ",
" HB  VAL A  39 ","HG12 VAL A  54 ",
" HB  VAL A  39 ","HG22 VAL A  54 ",
" H   ASP A  40 ","HG12 VAL A  39 ",
" HA  ASP A  40 ","HG12 VAL A  39 ",
" H   GLY A  41 ","HG12 VAL A  39 ",
" HA3 GLY A  41 ","HG12 VAL A  39 ",
" HE1 TRP A  43 ","HG12 VAL A  39 ",
" HZ2 TRP A  43 ","HG12 VAL A  39 ",
" HB  VAL A  54 ","HG12 VAL A  39 ",
" H   GLU A  56 ","HG12 VAL A  39 ",
" HA  GLU A  56 ","HG12 VAL A  39 ",
" HB2 GLU A  56 ","HG12 VAL A  39 ",
" HB3 GLU A  56 ","HG12 VAL A  39 ",
" HG2 GLU A  56 ","HG12 VAL A  39 ",
" HG3 GLU A  56 ","HG12 VAL A  39 ",
" H   ASP A  40 ","HG22 VAL A  39 ",
" HB2 GLU A  56 ","HG22 VAL A  39 ",
" HG2 GLU A  56 ","HG22 VAL A  39 ",
" HG3 GLU A  56 ","HG22 VAL A  39 ",
" H   ASP A  40 ","HG12 VAL A  54 ",
" HA  ASP A  40 ","HG12 VAL A  54 ",
" HA  ASP A  40 ","HG22 VAL A  54 ",
" H   GLY A  41 ","HG12 VAL A  54 ",
" H   GLY A  41 ","HG22 VAL A  54 ",
" HA2 GLY A  41 ","HG12 VAL A  42 ",
" HA2 GLY A  41 ","HG22 VAL A  42 ",
" HA2 GLY A  41 ","HG22 VAL A  54 ",
" HA3 GLY A  41 ","HG12 VAL A  42 ",
" HA3 GLY A  41 ","HG22 VAL A  42 ",
" HA3 GLY A  41 ","HG12 VAL A  54 ",
" HA3 GLY A  41 ","HG22 VAL A  54 ",
" H   VAL A  42 ","HG12 VAL A  42 ",
" H   VAL A  42 ","HG22 VAL A  42 ",
" H   VAL A  42 ","HG12 VAL A  54 ",
" H   VAL A  42 ","HG22 VAL A  54 ",
" HA  VAL A  42 ","HG12 VAL A  42 ",
" HA  VAL A  42 ","HG22 VAL A  42 ",
" HA  VAL A  42 ","HG22 VAL A  54 ",
" HB  VAL A  42 ","HG12 VAL A  42 ",
" HB  VAL A  42 ","HG22 VAL A  42 ",
" HB  VAL A  42 ","HG22 THR A  44 ",
" HB  VAL A  42 ","HG22 THR A  55 ",
" H   TRP A  43 ","HG12 VAL A  42 ",
" HA  TRP A  43 ","HG12 VAL A  42 ",
" HB2 TRP A  43 ","HG12 VAL A  42 ",
" HD1 TRP A  43 ","HG12 VAL A  42 ",
" H   THR A  44 ","HG12 VAL A  42 ",
" HA  THR A  44 ","HG12 VAL A  42 ",
" HG1 THR A  44 ","HG12 VAL A  42 ",
" HA  VAL A  54 ","HG12 VAL A  42 ",
" H   THR A  55 ","HG12 VAL A  42 ",
" HA  THR A  55 ","HG12 VAL A  42 ",
" HB  THR A  55 ","HG12 VAL A  42 ",
" HG1 THR A  55 ","HG12 VAL A  42 ",
" H   TRP A  43 ","HG22 VAL A  42 ",
" HA  TRP A  43 ","HG22 VAL A  42 ",
" HB2 TRP A  43 ","HG22 VAL A  42 ",
" H   THR A  44 ","HG22 VAL A  42 ",
" HA  THR A  44 ","HG22 VAL A  42 ",
" HG1 THR A  44 ","HG22 VAL A  42 ",
" H   THR A  55 ","HG22 VAL A  42 ",
" HB  THR A  55 ","HG22 VAL A  42 ",
" HG1 THR A  55 ","HG22 VAL A  42 ",
" HA  GLU A  56 ","HG22 VAL A  42 ",
" H   TRP A  43 ","HG22 THR A  44 ",
" HA  TRP A  43 ","HG22 THR A  44 ",
" HA  TRP A  43 ","HG12 VAL A  54 ",
" HA  TRP A  43 ","HG22 VAL A  54 ",
" HB3 TRP A  43 ","HG22 VAL A  54 ",
" HD1 TRP A  43 ","HG12 VAL A  54 ",
" HD1 TRP A  43 ","HG22 VAL A  54 ",
" HE1 TRP A  43 ","HG12 VAL A  54 ",
" HE1 TRP A  43 ","HG22 VAL A  54 ",
" HE3 TRP A  43 ","HG22 VAL A  54 ",
" HZ2 TRP A  43 ","HG12 VAL A  54 ",
" HZ2 TRP A  43 ","HG22 VAL A  54 ",
" HZ3 TRP A  43 ","HG12 VAL A  54 ",
" HZ3 TRP A  43 ","HG22 VAL A  54 ",
" HH2 TRP A  43 ","HG12 VAL A  54 ",
" HH2 TRP A  43 ","HG22 VAL A  54 ",
" H   THR A  44 ","HG22 THR A  44 ",
" H   THR A  44 ","HG22 THR A  53 ",
" HA  THR A  44 ","HG22 THR A  44 ",
" HB  THR A  44 ","HG22 THR A  44 ",
" HB  THR A  44 ","HG22 THR A  51 ",
" HG1 THR A  44 ","HG22 THR A  44 ",
" HG1 THR A  44 ","HG22 THR A  51 ",
" HG1 THR A  44 ","HG22 THR A  53 ",
" H   TYR A  45 ","HG22 THR A  44 ",
" HB  THR A  53 ","HG22 THR A  44 ",
" HG1 THR A  53 ","HG22 THR A  44 ",
" HA  TYR A  45 ","HG22 THR A  49 ",
" HB2 TYR A  45 ","HG22 THR A  49 ",
" H   ASP A  46 ","HG22 THR A  49 ",
" H   ASP A  46 ","HG22 THR A  51 ",
" HA  ASP A  46 "," HB2 ALA A  48 ",
" HA  ASP A  46 ","HG22 THR A  49 ",
" HB2 ASP A  46 "," HB2 ALA A  48 ",
" HB2 ASP A  46 ","HG22 THR A  49 ",
" HB3 ASP A  46 "," HB2 ALA A  48 ",
" HB3 ASP A  46 ","HG22 THR A  49 ",
" HB3 ASP A  46 ","HG22 THR A  51 ",
" H   ASP A  47 "," HB2 ALA A  48 ",
" H   ASP A  47 ","HG22 THR A  49 ",
" HA  ASP A  47 ","HG22 THR A  49 ",
" HB3 ASP A  47 "," HB2 ALA A  48 ",
" H   ALA A  48 "," HB2 ALA A  48 ",
" H   ALA A  48 ","HG22 THR A  49 ",
" HA  ALA A  48 "," HB2 ALA A  48 ",
" HA  ALA A  48 ","HG22 THR A  49 ",
" H   THR A  49 "," HB2 ALA A  48 ",
" HA  THR A  49 "," HB2 ALA A  48 ",
" HB  THR A  49 "," HB2 ALA A  48 ",
" HG1 THR A  49 "," HB2 ALA A  48 ",
" H   LYS A  50 "," HB2 ALA A  48 ",
" H   THR A  49 ","HG22 THR A  49 ",
" HA  THR A  49 ","HG22 THR A  49 ",
" HA  THR A  49 "," HZ2 LYS A  50 ",
" HB  THR A  49 ","HG22 THR A  49 ",
" HB  THR A  49 ","HG22 THR A  51 ",
" HG1 THR A  49 ","HG22 THR A  49 ",
" H   LYS A  50 ","HG22 THR A  49 ",
" HA  LYS A  50 ","HG22 THR A  49 ",
" HB2 LYS A  50 ","HG22 THR A  49 ",
" H   THR A  51 ","HG22 THR A  49 ",
" HA  THR A  51 ","HG22 THR A  49 ",
" HB  THR A  51 ","HG22 THR A  49 ",
" HG1 THR A  51 ","HG22 THR A  49 ",
" H   LYS A  50 "," HZ2 LYS A  50 ",
" HB2 LYS A  50 "," HZ2 LYS A  50 ",
" HB3 LYS A  50 "," HZ2 LYS A  50 ",
" HG2 LYS A  50 "," HZ2 LYS A  50 ",
" HG3 LYS A  50 "," HZ2 LYS A  50 ",
" HD2 LYS A  50 "," HZ2 LYS A  50 ",
" HD3 LYS A  50 "," HZ2 LYS A  50 ",
" HE2 LYS A  50 "," HZ2 LYS A  50 ",
" HE3 LYS A  50 "," HZ2 LYS A  50 ",
" H   THR A  51 ","HG22 THR A  51 ",
" HA  THR A  51 ","HG22 THR A  51 ",
" HB  THR A  51 ","HG22 THR A  51 ",
" HG1 THR A  51 ","HG22 THR A  51 ",
" H   PHE A  52 ","HG22 THR A  51 ",
" HA  PHE A  52 ","HG22 THR A  51 ",
" HB2 PHE A  52 ","HG22 THR A  51 ",
" H   THR A  53 ","HG22 THR A  51 ",
" HA  THR A  53 ","HG22 THR A  51 ",
" HB  THR A  53 ","HG22 THR A  51 ",
" HG1 THR A  53 ","HG22 THR A  51 ",
" HB3 PHE A  52 ","HG22 VAL A  54 ",
" H   THR A  53 ","HG22 THR A  53 ",
" H   THR A  53 ","HG22 VAL A  54 ",
" HA  THR A  53 ","HG22 THR A  53 ",
" HA  THR A  53 ","HG12 VAL A  54 ",
" HA  THR A  53 ","HG22 VAL A  54 ",
" HB  THR A  53 ","HG22 THR A  53 ",
" HG1 THR A  53 ","HG22 THR A  53 ",
" H   VAL A  54 ","HG22 THR A  53 ",
" HA  VAL A  54 ","HG22 THR A  53 ",
" HB  VAL A  54 ","HG22 THR A  53 ",
" H   THR A  55 ","HG22 THR A  53 ",
" HA  THR A  55 ","HG22 THR A  53 ",
" HB  THR A  55 ","HG22 THR A  53 ",
" HG1 THR A  55 ","HG22 THR A  53 ",
" H   VAL A  54 ","HG12 VAL A  54 ",
" H   VAL A  54 ","HG22 VAL A  54 ",
" HA  VAL A  54 ","HG12 VAL A  54 ",
" HA  VAL A  54 ","HG22 VAL A  54 ",
" HB  VAL A  54 ","HG12 VAL A  54 ",
" HB  VAL A  54 ","HG22 VAL A  54 ",
" H   THR A  55 ","HG12 VAL A  54 ",
" HA  THR A  55 ","HG12 VAL A  54 ",
" H   GLU A  56 ","HG12 VAL A  54 ",
" HA  GLU A  56 ","HG12 VAL A  54 ",
" HG2 GLU A  56 ","HG12 VAL A  54 ",
" HG3 GLU A  56 ","HG12 VAL A  54 ",
" H   THR A  55 ","HG22 VAL A  54 ",
" HA  THR A  55 ","HG22 VAL A  54 ",
" HB  THR A  55 ","HG22 VAL A  54 ",
" H   GLU A  56 ","HG22 VAL A  54 ",
" HA  GLU A  56 ","HG22 VAL A  54 ",
" HB2 GLU A  56 ","HG22 VAL A  54 ",
" HG3 GLU A  56 ","HG22 VAL A  54 ",
" H   THR A  55 ","HG22 THR A  55 ",
" HA  THR A  55 ","HG22 THR A  55 ",
" HB  THR A  55 ","HG22 THR A  55 ",
" HG1 THR A  55 ","HG22 THR A  55 ",
" H   GLU A  56 ","HG22 THR A  55 ",
" HA  GLU A  56 ","HG22 THR A  55 ",
" HB2 GLU A  56 ","HG22 THR A  55 ",
" HB3 GLU A  56 ","HG22 THR A  55 ",
" HG3 GLU A  56 ","HG22 THR A  55 ",
" HE2 MET A   1 "," HE3 MET A   1 ",
" HZ2 LYS A   4 "," HZ3 LYS A   4 ",
"HD12 LEU A   5 ","HD13 LEU A   5 ",
"HD22 LEU A   5 ","HD23 LEU A   5 ",
"HG12 VAL A   6 ","HG13 VAL A   6 ",
"HG22 VAL A   6 ","HG23 VAL A   6 ",
"HG22 ILE A   7 ","HG23 ILE A   7 ",
"HD12 ILE A   7 ","HD13 ILE A   7 ",
" HZ2 LYS A  10 "," HZ3 LYS A  10 ",
"HG22 THR A  11 ","HG23 THR A  11 ",
"HD12 LEU A  12 ","HD13 LEU A  12 ",
"HD22 LEU A  12 ","HD23 LEU A  12 ",
" HZ2 LYS A  13 "," HZ3 LYS A  13 ",
"HG22 THR A  16 ","HG23 THR A  16 ",
"HG22 THR A  17 ","HG23 THR A  17 ",
"HG22 THR A  18 ","HG23 THR A  18 ",
" HZ2 LYS A  19 "," HZ3 LYS A  19 ",
" HB2 ALA A  20 "," HB3 ALA A  20 ",
"HG12 VAL A  21 ","HG13 VAL A  21 ",
"HG22 VAL A  21 ","HG23 VAL A  21 ",
" HB2 ALA A  23 "," HB3 ALA A  23 ",
"HG22 THR A  25 ","HG23 THR A  25 ",
" HB2 ALA A  26 "," HB3 ALA A  26 ",
" HZ2 LYS A  28 "," HZ3 LYS A  28 ",
" HB2 ALA A  29 "," HB3 ALA A  29 ",
" HZ2 LYS A  31 "," HZ3 LYS A  31 ",
" HB2 ALA A  34 "," HB3 ALA A  34 ",
"HG12 VAL A  39 ","HG13 VAL A  39 ",
"HG22 VAL A  39 ","HG23 VAL A  39 ",
"HG12 VAL A  42 ","HG13 VAL A  42 ",
"HG22 VAL A  42 ","HG23 VAL A  42 ",
"HG22 THR A  44 ","HG23 THR A  44 ",
" HB2 ALA A  48 "," HB3 ALA A  48 ",
"HG22 THR A  49 ","HG23 THR A  49 ",
" HZ2 LYS A  50 "," HZ3 LYS A  50 ",
"HG22 THR A  51 ","HG23 THR A  51 ",
"HG22 THR A  53 ","HG23 THR A  53 ",
"HG12 VAL A  54 ","HG13 VAL A  54 ",
"HG22 VAL A  54 ","HG23 VAL A  54 ",
"HG22 THR A  55 ","HG23 THR A  55 ",
" H1  MET A   1 "," HE3 MET A   1 ",
" H1  MET A   1 "," HZ3 LYS A  50 ",
" HA  MET A   1 "," HZ3 LYS A  50 ",
" HB2 MET A   1 "," HE3 MET A   1 ",
" HB2 MET A   1 "," HZ3 LYS A  50 ",
" HB3 MET A   1 "," HE3 MET A   1 ",
" HB3 MET A   1 ","HG13 VAL A  21 ",
" HB3 MET A   1 "," HZ3 LYS A  50 ",
" HG2 MET A   1 "," HE3 MET A   1 ",
" HG2 MET A   1 ","HG13 VAL A  21 ",
" HG2 MET A   1 "," HZ3 LYS A  50 ",
" HG3 MET A   1 "," HE3 MET A   1 ",
" HG3 MET A   1 "," HZ3 LYS A  50 ",
" HE2 LYS A  19 "," HE3 MET A   1 ",
" HA  VAL A  21 "," HE3 MET A   1 ",
" H   GLN A   2 "," HZ3 LYS A  50 ",
" HA  GLN A   2 ","HG23 THR A  18 ",
" HB2 GLN A   2 ","HG23 THR A  17 ",
" HB2 GLN A   2 "," HZ3 LYS A  50 ",
" HB3 GLN A   2 ","HG23 THR A  17 ",
" HB3 GLN A   2 "," HZ3 LYS A  50 ",
" HG2 GLN A   2 ","HG23 THR A  17 ",
"HE21 GLN A   2 ","HG23 THR A  17 ",
"HE22 GLN A   2 ","HG23 THR A  17 ",
" H   TYR A   3 ","HG23 THR A  18 ",
" HA  TYR A   3 "," HZ3 LYS A  50 ",
" HB2 TYR A   3 ","HG23 THR A  18 ",
" HB2 TYR A   3 "," HB3 ALA A  20 ",
" HB2 TYR A   3 "," HB3 ALA A  26 ",
" HB3 TYR A   3 ","HG23 THR A  18 ",
" HB3 TYR A   3 "," HB3 ALA A  26 ",
" HH  TYR A   3 "," HB3 ALA A  20 ",
" HH  TYR A   3 "," HB3 ALA A  23 ",
" HH  TYR A   3 ","HG23 THR A  25 ",
" HH  TYR A   3 "," HB3 ALA A  26 ",
" HH  TYR A   3 "," HZ3 LYS A  50 ",
" H   LYS A   4 "," HZ3 LYS A   4 ",
" H   LYS A   4 ","HG23 THR A  17 ",
" H   LYS A   4 ","HG23 THR A  51 ",
" HA  LYS A   4 "," HZ3 LYS A   4 ",
" HA  LYS A   4 ","HG23 THR A  17 ",
" HA  LYS A   4 ","HG23 THR A  18 ",
" HB2 LYS A   4 "," HZ3 LYS A   4 ",
" HB2 LYS A   4 ","HG23 THR A  17 ",
" HB2 LYS A   4 ","HG23 THR A  51 ",
" HB3 LYS A   4 "," HZ3 LYS A   4 ",
" HB3 LYS A   4 ","HG23 VAL A   6 ",
" HB3 LYS A   4 ","HG23 THR A  17 ",
" HB3 LYS A   4 ","HG23 THR A  51 ",
" HG2 LYS A   4 "," HZ3 LYS A   4 ",
" HG2 LYS A   4 ","HG23 VAL A   6 ",
" HG2 LYS A   4 ","HG23 THR A  17 ",
" HG2 LYS A   4 ","HG23 THR A  51 ",
" HG3 LYS A   4 "," HZ3 LYS A   4 ",
" HG3 LYS A   4 ","HG23 VAL A   6 ",
" HG3 LYS A   4 ","HG23 THR A  17 ",
" HG3 LYS A   4 ","HG23 THR A  51 ",
" HD2 LYS A   4 "," HZ3 LYS A   4 ",
" HD2 LYS A   4 ","HG23 VAL A   6 ",
" HD2 LYS A   4 ","HG23 THR A  16 ",
" HD2 LYS A   4 ","HG23 THR A  17 ",
" HD3 LYS A   4 "," HZ3 LYS A   4 ",
" HD3 LYS A   4 ","HG13 VAL A   6 ",
" HD3 LYS A   4 ","HG23 VAL A   6 ",
" HD3 LYS A   4 ","HG23 THR A  17 ",
" HE2 LYS A   4 "," HZ3 LYS A   4 ",
" HE2 LYS A   4 ","HG23 VAL A   6 ",
" HE2 LYS A   4 ","HG23 THR A  17 ",
" HE3 LYS A   4 "," HZ3 LYS A   4 ",
" HE3 LYS A   4 ","HG23 VAL A   6 ",
" HE3 LYS A   4 ","HG23 THR A  17 ",
" H   LEU A   5 "," HZ3 LYS A   4 ",
" HA  GLU A  15 "," HZ3 LYS A   4 ",
" HB2 GLU A  15 "," HZ3 LYS A   4 ",
" HB3 GLU A  15 "," HZ3 LYS A   4 ",
" HG2 GLU A  15 "," HZ3 LYS A   4 ",
" HG3 GLU A  15 "," HZ3 LYS A   4 ",
" H   THR A  16 "," HZ3 LYS A   4 ",
" HA  THR A  16 "," HZ3 LYS A   4 ",
" H   THR A  17 "," HZ3 LYS A   4 ",
" HA  THR A  17 "," HZ3 LYS A   4 ",
" HB  THR A  17 "," HZ3 LYS A   4 ",
" HG1 THR A  17 "," HZ3 LYS A   4 ",
" HG1 THR A  51 "," HZ3 LYS A   4 ",
" H   LEU A   5 ","HD13 LEU A   5 ",
" H   LEU A   5 ","HD23 LEU A   5 ",
" H   LEU A   5 ","HG23 VAL A   6 ",
" H   LEU A   5 ","HG23 THR A  16 ",
" H   LEU A   5 ","HG23 THR A  17 ",
" H   LEU A   5 ","HG23 THR A  51 ",
" HA  LEU A   5 ","HD13 LEU A   5 ",
" HA  LEU A   5 ","HD23 LEU A   5 ",
" HA  LEU A   5 ","HG23 VAL A   6 ",
" HA  LEU A   5 ","HG23 THR A  16 ",
" HA  LEU A   5 ","HG23 THR A  51 ",
" HA  LEU A   5 ","HG23 VAL A  54 ",
" HB2 LEU A   5 ","HD13 LEU A   5 ",
" HB2 LEU A   5 ","HD23 LEU A   5 ",
" HB2 LEU A   5 ","HG23 THR A  16 ",
" HB3 LEU A   5 ","HD13 LEU A   5 ",
" HB3 LEU A   5 ","HD23 LEU A   5 ",
" HB3 LEU A   5 ","HD13 ILE A   7 ",
" HB3 LEU A   5 ","HG23 THR A  16 ",
" HG  LEU A   5 ","HD13 LEU A   5 ",
" HG  LEU A   5 ","HD23 LEU A   5 ",
" HG  LEU A   5 ","HG23 VAL A   6 ",
" HG  LEU A   5 ","HD13 ILE A   7 ",
" HG  LEU A   5 ","HG23 THR A  16 ",
" HG  LEU A   5 ","HG13 VAL A  54 ",
" HG  LEU A   5 ","HG23 VAL A  54 ",
" H   VAL A   6 ","HD13 LEU A   5 ",
" HA  VAL A   6 ","HD13 LEU A   5 ",
" HB  VAL A   6 ","HD13 LEU A   5 ",
" H   ILE A   7 ","HD13 LEU A   5 ",
" HA  ILE A   7 ","HD13 LEU A   5 ",
"HG12 ILE A   7 ","HD13 LEU A   5 ",
"HG13 ILE A   7 ","HD13 LEU A   5 ",
" HA  PHE A  30 ","HD13 LEU A   5 ",
" HB2 PHE A  30 ","HD13 LEU A   5 ",
" HB3 PHE A  30 ","HD13 LEU A   5 ",
" H   ALA A  34 ","HD13 LEU A   5 ",
" HE3 TRP A  43 ","HD13 LEU A   5 ",
" HZ2 TRP A  43 ","HD13 LEU A   5 ",
" HZ3 TRP A  43 ","HD13 LEU A   5 ",
" HH2 TRP A  43 ","HD13 LEU A   5 ",
" H   PHE A  52 ","HD13 LEU A   5 ",
" HA  PHE A  52 ","HD13 LEU A   5 ",
" HB2 PHE A  52 ","HD13 LEU A   5 ",
" HB3 PHE A  52 ","HD13 LEU A   5 ",
" H   THR A  53 ","HD13 LEU A   5 ",
" HA  THR A  53 ","HD13 LEU A   5 ",
" H   VAL A  54 ","HD13 LEU A   5 ",
" HA  VAL A  54 ","HD13 LEU A   5 ",
" HB  VAL A  54 ","HD13 LEU A   5 ",
" H   VAL A   6 ","HD23 LEU A   5 ",
" HA  ILE A   7 ","HD23 LEU A   5 ",
"HG12 ILE A   7 ","HD23 LEU A   5 ",
"HG13 ILE A   7 ","HD23 LEU A   5 ",
" HA  GLU A  15 ","HD23 LEU A   5 ",
" H   THR A  16 ","HD23 LEU A   5 ",
" HB  THR A  16 ","HD23 LEU A   5 ",
" HG1 THR A  16 ","HD23 LEU A   5 ",
" HA  PHE A  30 ","HD23 LEU A   5 ",
" HB2 PHE A  30 ","HD23 LEU A   5 ",
" HB3 PHE A  30 ","HD23 LEU A   5 ",
" HZ  PHE A  30 ","HD23 LEU A   5 ",
" HA  LYS A  31 ","HD23 LEU A   5 ",
" H   TYR A  33 ","HD23 LEU A   5 ",
" HB2 TYR A  33 ","HD23 LEU A   5 ",
" HB3 TYR A  33 ","HD23 LEU A   5 ",
" H   ALA A  34 ","HD23 LEU A   5 ",
" HZ2 TRP A  43 ","HD23 LEU A   5 ",
" HZ3 TRP A  43 ","HD23 LEU A   5 ",
" HH2 TRP A  43 ","HD23 LEU A   5 ",
" HB2 PHE A  52 ","HD23 LEU A   5 ",
" HB  VAL A  54 ","HD23 LEU A   5 ",
" H   VAL A   6 ","HG13 VAL A   6 ",
" H   VAL A   6 ","HG23 VAL A   6 ",
" H   VAL A   6 ","HG23 THR A  51 ",
" H   VAL A   6 ","HG23 THR A  53 ",
" H   VAL A   6 ","HG13 VAL A  54 ",
" H   VAL A   6 ","HG23 VAL A  54 ",
" HA  VAL A   6 ","HG13 VAL A   6 ",
" HA  VAL A   6 ","HG23 VAL A   6 ",
" HA  VAL A   6 ","HD13 ILE A   7 ",
" HB  VAL A   6 ","HG13 VAL A   6 ",
" HB  VAL A   6 ","HG23 VAL A   6 ",
" HB  VAL A   6 ","HG23 THR A  51 ",
" HB  VAL A   6 ","HG23 THR A  53 ",
" HB  VAL A   6 ","HG13 VAL A  54 ",
" H   ILE A   7 ","HG13 VAL A   6 ",
" HA  ILE A   7 ","HG13 VAL A   6 ",
" HB  ILE A   7 ","HG13 VAL A   6 ",
"HG13 ILE A   7 ","HG13 VAL A   6 ",
" H   ASN A   8 ","HG13 VAL A   6 ",
" HA  ASN A   8 ","HG13 VAL A   6 ",
" HB2 ASN A   8 ","HG13 VAL A   6 ",
" HB3 ASN A   8 ","HG13 VAL A   6 ",
"HD21 ASN A   8 ","HG13 VAL A   6 ",
"HD22 ASN A   8 ","HG13 VAL A   6 ",
" HA  LYS A  13 ","HG13 VAL A   6 ",
" H   GLY A  14 ","HG13 VAL A   6 ",
" HA  GLU A  15 ","HG13 VAL A   6 ",
" HB2 GLU A  15 ","HG13 VAL A   6 ",
" HG2 GLU A  15 ","HG13 VAL A   6 ",
" HG3 GLU A  15 ","HG13 VAL A   6 ",
" HA  THR A  53 ","HG13 VAL A   6 ",
" HG1 THR A  53 ","HG13 VAL A   6 ",
" H   VAL A  54 ","HG13 VAL A   6 ",
" H   ILE A   7 ","HG23 VAL A   6 ",
" HA  GLU A  15 ","HG23 VAL A   6 ",
" HB2 GLU A  15 ","HG23 VAL A   6 ",
" HB3 GLU A  15 ","HG23 VAL A   6 ",
" HG2 GLU A  15 ","HG23 VAL A   6 ",
" HG3 GLU A  15 ","HG23 VAL A   6 ",
" H   THR A  16 ","HG23 VAL A   6 ",
" HA  THR A  51 ","HG23 VAL A   6 ",
" HG1 THR A  51 ","HG23 VAL A   6 ",
" H   PHE A  52 ","HG23 VAL A   6 ",
" HA  THR A  53 ","HG23 VAL A   6 ",
" HG1 THR A  53 ","HG23 VAL A   6 ",
" H   ILE A   7 ","HG23 ILE A   7 ",
" H   ILE A   7 ","HD13 ILE A   7 ",
" H   ILE A   7 ","HG23 THR A  16 ",
" H   ILE A   7 ","HG13 VAL A  54 ",
" HA  ILE A   7 ","HG23 ILE A   7 ",
" HA  ILE A   7 ","HD13 ILE A   7 ",
" HA  ILE A   7 ","HG13 VAL A  39 ",
" HA  ILE A   7 ","HG23 THR A  53 ",
" HA  ILE A   7 ","HG13 VAL A  54 ",
" HA  ILE A   7 ","HG23 VAL A  54 ",
" HB  ILE A   7 ","HG23 ILE A   7 ",
" HB  ILE A   7 ","HD13 ILE A   7 ",
" HB  ILE A   7 ","HD13 LEU A  12 ",
" HB  ILE A   7 ","HD23 LEU A  12 ",
" HB  ILE A   7 ","HG13 VAL A  54 ",
"HG12 ILE A   7 ","HG23 ILE A   7 ",
"HG12 ILE A   7 ","HD13 ILE A   7 ",
"HG12 ILE A   7 ","HD23 LEU A  12 ",
"HG12 ILE A   7 ","HG23 THR A  16 ",
"HG12 ILE A   7 "," HB3 ALA A  34 ",
"HG12 ILE A   7 ","HG13 VAL A  39 ",
"HG12 ILE A   7 ","HG23 VAL A  39 ",
"HG12 ILE A   7 ","HG13 VAL A  54 ",
"HG12 ILE A   7 ","HG23 VAL A  54 ",
"HG13 ILE A   7 ","HG23 ILE A   7 ",
"HG13 ILE A   7 ","HD13 ILE A   7 ",
"HG13 ILE A   7 ","HG23 THR A  16 ",
"HG13 ILE A   7 ","HG13 VAL A  54 ",
" H   ASN A   8 ","HG23 ILE A   7 ",
" HA  ASN A   8 ","HG23 ILE A   7 ",
" HB2 ASN A   8 ","HG23 ILE A   7 ",
" H   GLY A   9 ","HG23 ILE A   7 ",
" HA2 GLY A   9 ","HG23 ILE A   7 ",
" HA3 GLY A   9 ","HG23 ILE A   7 ",
" H   LEU A  12 ","HG23 ILE A   7 ",
" HA  LEU A  12 ","HG23 ILE A   7 ",
" HB2 LEU A  12 ","HG23 ILE A   7 ",
" HB3 LEU A  12 ","HG23 ILE A   7 ",
" HG  LEU A  12 ","HG23 ILE A   7 ",
" H   LYS A  13 ","HG23 ILE A   7 ",
" HA  LYS A  13 ","HG23 ILE A   7 ",
" HG2 LYS A  13 ","HG23 ILE A   7 ",
" HG3 LYS A  13 ","HG23 ILE A   7 ",
" H   GLY A  14 ","HG23 ILE A   7 ",
" HA3 GLY A  14 ","HG23 ILE A   7 ",
" HA  ALA A  34 ","HG23 ILE A   7 ",
" HB2 ASN A  37 ","HG23 ILE A   7 ",
" HB3 ASN A  37 ","HG23 ILE A   7 ",
" HB  VAL A  39 ","HG23 ILE A   7 ",
" H   VAL A  54 ","HG23 ILE A   7 ",
" HB  VAL A  54 ","HG23 ILE A   7 ",
" HA  THR A  55 ","HG23 ILE A   7 ",
" H   GLU A  56 ","HG23 ILE A   7 ",
" HB2 GLU A  56 ","HG23 ILE A   7 ",
" HB3 LEU A  12 ","HD13 ILE A   7 ",
" HG  LEU A  12 ","HD13 ILE A   7 ",
" HA  LYS A  13 ","HD13 ILE A   7 ",
" H   GLY A  14 ","HD13 ILE A   7 ",
" HA3 GLY A  14 ","HD13 ILE A   7 ",
" H   GLU A  15 ","HD13 ILE A   7 ",
" HA  GLU A  15 ","HD13 ILE A   7 ",
" H   THR A  16 ","HD13 ILE A   7 ",
" HB  THR A  16 ","HD13 ILE A   7 ",
" HG1 THR A  16 ","HD13 ILE A   7 ",
" HB3 TYR A  33 ","HD13 ILE A   7 ",
" HH  TYR A  33 ","HD13 ILE A   7 ",
" HA  ALA A  34 ","HD13 ILE A   7 ",
" HB2 ASN A  37 ","HD13 ILE A   7 ",
" HB3 ASN A  37 ","HD13 ILE A   7 ",
"HD21 ASN A  37 ","HD13 ILE A   7 ",
"HD22 ASN A  37 ","HD13 ILE A   7 ",
" HB  VAL A  39 ","HD13 ILE A   7 ",
" H   ASN A   8 ","HG13 VAL A  39 ",
" H   ASN A   8 ","HG23 THR A  53 ",
" H   ASN A   8 ","HG13 VAL A  54 ",
" H   ASN A   8 ","HG23 VAL A  54 ",
" HA  ASN A   8 "," HZ3 LYS A  13 ",
" HB2 ASN A   8 ","HG23 THR A  53 ",
" HB2 ASN A   8 ","HG13 VAL A  54 ",
" HB2 ASN A   8 ","HG23 THR A  55 ",
" HB3 ASN A   8 "," HZ3 LYS A  13 ",
" HB3 ASN A   8 ","HG23 THR A  53 ",
" HB3 ASN A   8 ","HG23 THR A  55 ",
"HD21 ASN A   8 "," HZ3 LYS A  13 ",
"HD21 ASN A   8 ","HG23 THR A  55 ",
"HD22 ASN A   8 "," HZ3 LYS A  13 ",
"HD22 ASN A   8 ","HG23 THR A  55 ",
" H   GLY A   9 ","HG13 VAL A  39 ",
" H   GLY A   9 ","HG23 VAL A  39 ",
" HA2 GLY A   9 ","HG13 VAL A  39 ",
" HA2 GLY A   9 ","HG23 VAL A  39 ",
" HA2 GLY A   9 ","HG23 THR A  55 ",
" HA3 GLY A   9 ","HD23 LEU A  12 ",
" HA3 GLY A   9 ","HG13 VAL A  39 ",
" HA3 GLY A   9 ","HG23 VAL A  39 ",
" H   LYS A  10 ","HG23 THR A  11 ",
" HA  LYS A  10 "," HZ3 LYS A  10 ",
" HA  LYS A  10 ","HG23 THR A  11 ",
" HA  LYS A  10 "," HZ3 LYS A  13 ",
" HB2 LYS A  10 "," HZ3 LYS A  10 ",
" HB2 LYS A  10 ","HG23 THR A  11 ",
" HB3 LYS A  10 ","HG23 THR A  11 ",
" HG2 LYS A  10 "," HZ3 LYS A  10 ",
" HG2 LYS A  10 ","HG23 THR A  11 ",
" HG3 LYS A  10 "," HZ3 LYS A  10 ",
" HG3 LYS A  10 ","HG23 THR A  11 ",
" HD2 LYS A  10 "," HZ3 LYS A  10 ",
" HD3 LYS A  10 "," HZ3 LYS A  10 ",
" HE2 LYS A  10 "," HZ3 LYS A  10 ",
" HE3 LYS A  10 "," HZ3 LYS A  10 ",
" H   THR A  11 ","HG23 THR A  11 ",
" H   THR A  11 ","HG23 VAL A  39 ",
" HA  THR A  11 ","HG23 THR A  11 ",
" HA  THR A  11 "," HZ3 LYS A  13 ",
" HB  THR A  11 ","HG23 THR A  11 ",
" HG1 THR A  11 ","HG23 THR A  11 ",
" HG1 THR A  11 ","HD13 LEU A  12 ",
" HG1 THR A  11 ","HD23 LEU A  12 ",
" HG1 THR A  11 ","HG23 VAL A  39 ",
" H   LEU A  12 ","HG23 THR A  11 ",
" H   LEU A  12 ","HD13 LEU A  12 ",
" H   LEU A  12 ","HD23 LEU A  12 ",
" H   LEU A  12 "," HZ3 LYS A  13 ",
" H   LEU A  12 ","HG23 VAL A  39 ",
" HA  LEU A  12 ","HD13 LEU A  12 ",
" HA  LEU A  12 ","HD23 LEU A  12 ",
" HB2 LEU A  12 ","HD13 LEU A  12 ",
" HB2 LEU A  12 ","HD23 LEU A  12 ",
" HB2 LEU A  12 ","HG23 VAL A  39 ",
" HB3 LEU A  12 ","HD13 LEU A  12 ",
" HB3 LEU A  12 ","HD23 LEU A  12 ",
" HB3 LEU A  12 ","HG13 VAL A  39 ",
" HB3 LEU A  12 ","HG23 VAL A  39 ",
" HG  LEU A  12 ","HD13 LEU A  12 ",
" HG  LEU A  12 ","HD23 LEU A  12 ",
" HG  LEU A  12 ","HG13 VAL A  39 ",
" HG  LEU A  12 ","HG23 VAL A  39 ",
" H   LYS A  13 ","HD13 LEU A  12 ",
" HA  LYS A  13 ","HD13 LEU A  12 ",
" HB2 LYS A  13 ","HD13 LEU A  12 ",
" H   GLY A  14 ","HD13 LEU A  12 ",
" HA2 GLY A  14 ","HD13 LEU A  12 ",
" HA3 GLY A  14 ","HD13 LEU A  12 ",
" HH  TYR A  33 ","HD13 LEU A  12 ",
" HB3 ASN A  37 ","HD13 LEU A  12 ",
" H   GLY A  14 ","HD23 LEU A  12 ",
" HH  TYR A  33 ","HD23 LEU A  12 ",
" HA  ALA A  34 ","HD23 LEU A  12 ",
" HA  ASN A  37 ","HD23 LEU A  12 ",
" HB2 ASN A  37 ","HD23 LEU A  12 ",
" HB3 ASN A  37 ","HD23 LEU A  12 ",
"HD21 ASN A  37 ","HD23 LEU A  12 ",
"HD22 ASN A  37 ","HD23 LEU A  12 ",
" H   VAL A  39 ","HD23 LEU A  12 ",
" HA  VAL A  39 ","HD23 LEU A  12 ",
" HB  VAL A  39 ","HD23 LEU A  12 ",
" HB2 LYS A  13 "," HZ3 LYS A  13 ",
" HB3 LYS A  13 "," HZ3 LYS A  13 ",
" HG2 LYS A  13 "," HZ3 LYS A  13 ",
" HG3 LYS A  13 "," HZ3 LYS A  13 ",
" HD2 LYS A  13 "," HZ3 LYS A  13 ",
" HD3 LYS A  13 "," HZ3 LYS A  13 ",
" HE2 LYS A  13 "," HZ3 LYS A  13 ",
" HE3 LYS A  13 "," HZ3 LYS A  13 ",
" HA  GLU A  15 ","HG23 THR A  16 ",
" HB2 GLU A  15 ","HG23 THR A  17 ",
" HB3 GLU A  15 ","HG23 THR A  17 ",
" HG2 GLU A  15 ","HG23 THR A  16 ",
" HG2 GLU A  15 ","HG23 THR A  17 ",
" H   THR A  16 ","HG23 THR A  16 ",
" H   THR A  16 ","HG23 THR A  17 ",
" HA  THR A  16 ","HG23 THR A  16 ",
" HA  THR A  16 ","HG23 THR A  17 ",
" HB  THR A  16 ","HG23 THR A  16 ",
" HG1 THR A  16 ","HG23 THR A  16 ",
" H   THR A  17 ","HG23 THR A  16 ",
" HA  THR A  17 ","HG23 THR A  16 ",
" HB  THR A  18 ","HG23 THR A  16 ",
" HG1 THR A  18 ","HG23 THR A  16 ",
" HA  PHE A  30 ","HG23 THR A  16 ",
" HZ  PHE A  30 ","HG23 THR A  16 ",
" HB2 TYR A  33 ","HG23 THR A  16 ",
" HB3 TYR A  33 ","HG23 THR A  16 ",
" HH  TYR A  33 ","HG23 THR A  16 ",
" H   THR A  17 ","HG23 THR A  17 ",
" HA  THR A  17 ","HG23 THR A  17 ",
" HA  THR A  17 ","HG23 THR A  18 ",
" HB  THR A  17 ","HG23 THR A  17 ",
" HB  THR A  17 ","HG23 THR A  18 ",
" HG1 THR A  17 ","HG23 THR A  17 ",
" H   THR A  18 ","HG23 THR A  17 ",
" HZ  PHE A  30 ","HG23 THR A  17 ",
" H   THR A  18 ","HG23 THR A  18 ",
" HA  THR A  18 ","HG23 THR A  18 ",
" HB  THR A  18 ","HG23 THR A  18 ",
" HB  THR A  18 "," HB3 ALA A  20 ",
" HB  THR A  18 "," HB3 ALA A  26 ",
" HB  THR A  18 "," HB3 ALA A  29 ",
" HG1 THR A  18 ","HG23 THR A  18 ",
" HG1 THR A  18 "," HB3 ALA A  20 ",
" HG1 THR A  18 "," HB3 ALA A  26 ",
" HG1 THR A  18 "," HB3 ALA A  29 ",
" H   LYS A  19 ","HG23 THR A  18 ",
" HA  LYS A  19 ","HG23 THR A  18 ",
" HB2 LYS A  19 ","HG23 THR A  18 ",
" HG2 LYS A  19 ","HG23 THR A  18 ",
" H   ALA A  20 ","HG23 THR A  18 ",
" HA  ALA A  20 ","HG23 THR A  18 ",
" HA  ALA A  26 ","HG23 THR A  18 ",
" H   PHE A  30 ","HG23 THR A  18 ",
" HA  PHE A  30 ","HG23 THR A  18 ",
" HB2 PHE A  30 ","HG23 THR A  18 ",
" HZ  PHE A  30 ","HG23 THR A  18 ",
" H   LYS A  19 "," HB3 ALA A  20 ",
" HA  LYS A  19 "," HZ3 LYS A  19 ",
" HA  LYS A  19 "," HB3 ALA A  20 ",
" HB2 LYS A  19 "," HZ3 LYS A  19 ",
" HB3 LYS A  19 "," HZ3 LYS A  19 ",
" HG2 LYS A  19 "," HZ3 LYS A  19 ",
" HG3 LYS A  19 "," HZ3 LYS A  19 ",
" HD2 LYS A  19 "," HZ3 LYS A  19 ",
" HD3 LYS A  19 "," HZ3 LYS A  19 ",
" HE2 LYS A  19 "," HZ3 LYS A  19 ",
" HE3 LYS A  19 "," HZ3 LYS A  19 ",
" H   ALA A  20 "," HB3 ALA A  20 ",
" H   ALA A  20 "," HB3 ALA A  26 ",
" HA  ALA A  20 "," HB3 ALA A  20 ",
" HA  ALA A  20 ","HG13 VAL A  21 ",
" HA  ALA A  20 ","HG23 VAL A  21 ",
" HA  ALA A  20 ","HG23 THR A  25 ",
" HA  ALA A  20 "," HB3 ALA A  26 ",
" H   VAL A  21 "," HB3 ALA A  20 ",
" HA  VAL A  21 "," HB3 ALA A  20 ",
" HB  VAL A  21 "," HB3 ALA A  20 ",
" H   ASP A  22 "," HB3 ALA A  20 ",
" HA  ASP A  22 "," HB3 ALA A  20 ",
" H   ALA A  23 "," HB3 ALA A  20 ",
" HA  ALA A  23 "," HB3 ALA A  20 ",
" H   THR A  25 "," HB3 ALA A  20 ",
" HA  THR A  25 "," HB3 ALA A  20 ",
" HB  THR A  25 "," HB3 ALA A  20 ",
" HG1 THR A  25 "," HB3 ALA A  20 ",
" H   ALA A  26 "," HB3 ALA A  20 ",
" HA  ALA A  26 "," HB3 ALA A  20 ",
" H   VAL A  21 ","HG13 VAL A  21 ",
" H   VAL A  21 ","HG23 VAL A  21 ",
" H   VAL A  21 ","HG23 THR A  25 ",
" HA  VAL A  21 ","HG13 VAL A  21 ",
" HA  VAL A  21 ","HG23 VAL A  21 ",
" HB  VAL A  21 ","HG13 VAL A  21 ",
" HB  VAL A  21 ","HG23 VAL A  21 ",
" HB  VAL A  21 ","HG23 THR A  25 ",
" H   ASP A  22 ","HG13 VAL A  21 ",
" HA  ASP A  22 ","HG13 VAL A  21 ",
" HB3 ASP A  22 ","HG13 VAL A  21 ",
" H   ASP A  22 ","HG23 VAL A  21 ",
" HA  ASP A  22 ","HG23 VAL A  21 ",
" HB2 ASP A  22 ","HG23 VAL A  21 ",
" HB3 ASP A  22 ","HG23 VAL A  21 ",
" H   THR A  25 ","HG23 VAL A  21 ",
" HB  THR A  25 ","HG23 VAL A  21 ",
" HG1 THR A  25 ","HG23 VAL A  21 ",
" H   ASP A  22 ","HG23 THR A  25 ",
" H   ASP A  22 "," HB3 ALA A  26 ",
" HA  ASP A  22 "," HB3 ALA A  23 ",
" HA  ASP A  22 ","HG23 THR A  25 ",
" HB2 ASP A  22 "," HB3 ALA A  23 ",
" HB2 ASP A  22 ","HG23 THR A  25 ",
" HB3 ASP A  22 ","HG23 THR A  25 ",
" H   ALA A  23 "," HB3 ALA A  23 ",
" H   ALA A  23 "," HB3 ALA A  26 ",
" HA  ALA A  23 "," HB3 ALA A  23 ",
" HA  ALA A  23 ","HG23 THR A  25 ",
" HA  ALA A  23 "," HB3 ALA A  26 ",
" H   GLU A  24 "," HB3 ALA A  23 ",
" HA  GLU A  24 "," HB3 ALA A  23 ",
" HB2 GLU A  24 "," HB3 ALA A  23 ",
" HB3 GLU A  24 "," HB3 ALA A  23 ",
" H   THR A  25 "," HB3 ALA A  23 ",
" H   ALA A  26 "," HB3 ALA A  23 ",
" H   GLU A  27 "," HB3 ALA A  23 ",
" HB2 GLU A  27 "," HB3 ALA A  23 ",
" HB2 TYR A  45 "," HB3 ALA A  23 ",
" HH  TYR A  45 "," HB3 ALA A  23 ",
" HA  ASP A  47 "," HB3 ALA A  23 ",
" HB2 ASP A  47 "," HB3 ALA A  23 ",
" HB3 ASP A  47 "," HB3 ALA A  23 ",
" HA  LYS A  50 "," HB3 ALA A  23 ",
" HB3 LYS A  50 "," HB3 ALA A  23 ",
" HG3 LYS A  50 "," HB3 ALA A  23 ",
" HZ  PHE A  52 "," HB3 ALA A  23 ",
" H   GLU A  24 ","HG23 THR A  25 ",
" H   GLU A  24 "," HB3 ALA A  26 ",
" HA  GLU A  24 "," HZ3 LYS A  28 ",
" HB3 GLU A  24 ","HG23 THR A  25 ",
" HB3 GLU A  24 "," HZ3 LYS A  28 ",
" HG2 GLU A  24 "," HZ3 LYS A  28 ",
" HG3 GLU A  24 "," HZ3 LYS A  28 ",
" H   THR A  25 ","HG23 THR A  25 ",
" H   THR A  25 "," HB3 ALA A  26 ",
" HA  THR A  25 ","HG23 THR A  25 ",
" HA  THR A  25 "," HZ3 LYS A  28 ",
" HB  THR A  25 ","HG23 THR A  25 ",
" HB  THR A  25 "," HB3 ALA A  26 ",
" HB  THR A  25 "," HZ3 LYS A  28 ",
" HG1 THR A  25 ","HG23 THR A  25 ",
" HG1 THR A  25 "," HZ3 LYS A  28 ",
" H   ALA A  26 ","HG23 THR A  25 ",
" HA  ALA A  26 ","HG23 THR A  25 ",
" H   GLU A  27 ","HG23 THR A  25 ",
" H   LYS A  28 ","HG23 THR A  25 ",
" HB2 LYS A  28 ","HG23 THR A  25 ",
" HB3 LYS A  28 ","HG23 THR A  25 ",
" HE2 LYS A  28 ","HG23 THR A  25 ",
" H   ALA A  29 ","HG23 THR A  25 ",
" H   ALA A  26 "," HB3 ALA A  26 ",
" HA  ALA A  26 "," HB3 ALA A  26 ",
" HA  ALA A  26 "," HB3 ALA A  29 ",
" H   GLU A  27 "," HB3 ALA A  26 ",
" HA  GLU A  27 "," HB3 ALA A  26 ",
" HB2 GLU A  27 "," HB3 ALA A  26 ",
" H   ALA A  29 "," HB3 ALA A  26 ",
" H   PHE A  30 "," HB3 ALA A  26 ",
" HB2 PHE A  30 "," HB3 ALA A  26 ",
" HZ  PHE A  30 "," HB3 ALA A  26 ",
" HZ  PHE A  52 "," HB3 ALA A  26 ",
" HG2 GLU A  27 "," HZ3 LYS A  31 ",
" HG3 GLU A  27 "," HZ3 LYS A  31 ",
" H   LYS A  28 "," HZ3 LYS A  28 ",
" H   LYS A  28 "," HB3 ALA A  29 ",
" HA  LYS A  28 "," HZ3 LYS A  28 ",
" HB2 LYS A  28 "," HZ3 LYS A  28 ",
" HB2 LYS A  28 "," HB3 ALA A  29 ",
" HB3 LYS A  28 "," HZ3 LYS A  28 ",
" HB3 LYS A  28 "," HB3 ALA A  29 ",
" HG2 LYS A  28 "," HZ3 LYS A  28 ",
" HG3 LYS A  28 "," HZ3 LYS A  28 ",
" HD2 LYS A  28 "," HZ3 LYS A  28 ",
" HD3 LYS A  28 "," HZ3 LYS A  28 ",
" HE2 LYS A  28 "," HZ3 LYS A  28 ",
" HE3 LYS A  28 "," HZ3 LYS A  28 ",
" H   ALA A  29 "," HZ3 LYS A  28 ",
" H   ALA A  29 "," HB3 ALA A  29 ",
" HA  ALA A  29 "," HB3 ALA A  29 ",
" H   PHE A  30 "," HB3 ALA A  29 ",
" HA  PHE A  30 "," HB3 ALA A  29 ",
" HB2 PHE A  30 "," HB3 ALA A  29 ",
" H   LYS A  31 "," HB3 ALA A  29 ",
" HB3 GLN A  32 "," HB3 ALA A  29 ",
" HB3 PHE A  30 "," HB3 ALA A  34 ",
" HB3 PHE A  30 ","HG23 VAL A  54 ",
" HA  LYS A  31 "," HZ3 LYS A  31 ",
" HA  LYS A  31 "," HB3 ALA A  34 ",
" HA  LYS A  31 ","HG23 VAL A  54 ",
" HB2 LYS A  31 "," HZ3 LYS A  31 ",
" HB3 LYS A  31 "," HZ3 LYS A  31 ",
" HB3 LYS A  31 "," HB3 ALA A  34 ",
" HG2 LYS A  31 "," HZ3 LYS A  31 ",
" HG2 LYS A  31 "," HB3 ALA A  34 ",
" HG3 LYS A  31 "," HZ3 LYS A  31 ",
" HG3 LYS A  31 "," HB3 ALA A  34 ",
" HD2 LYS A  31 "," HZ3 LYS A  31 ",
" HD2 LYS A  31 "," HB3 ALA A  34 ",
" HD3 LYS A  31 "," HZ3 LYS A  31 ",
" HD3 LYS A  31 "," HB3 ALA A  34 ",
" HE2 LYS A  31 "," HZ3 LYS A  31 ",
" HE2 LYS A  31 "," HB3 ALA A  34 ",
" HE3 LYS A  31 "," HZ3 LYS A  31 ",
" HE3 LYS A  31 "," HB3 ALA A  34 ",
" H   GLY A  41 "," HZ3 LYS A  31 ",
" H   TRP A  43 "," HZ3 LYS A  31 ",
" HA  TRP A  43 "," HZ3 LYS A  31 ",
" HB2 TRP A  43 "," HZ3 LYS A  31 ",
" HB3 TRP A  43 "," HZ3 LYS A  31 ",
" HD1 TRP A  43 "," HZ3 LYS A  31 ",
" HE1 TRP A  43 "," HZ3 LYS A  31 ",
" HE3 TRP A  43 "," HZ3 LYS A  31 ",
" HZ2 TRP A  43 "," HZ3 LYS A  31 ",
" H   TYR A  33 "," HB3 ALA A  34 ",
" HB3 TYR A  33 "," HB3 ALA A  34 ",
" H   ALA A  34 "," HB3 ALA A  34 ",
" H   ALA A  34 ","HG23 VAL A  54 ",
" HA  ALA A  34 "," HB3 ALA A  34 ",
" HA  ALA A  34 ","HG13 VAL A  39 ",
" HA  ALA A  34 ","HG23 VAL A  39 ",
" HA  ALA A  34 ","HG13 VAL A  54 ",
" HA  ALA A  34 ","HG23 VAL A  54 ",
" H   ASN A  35 "," HB3 ALA A  34 ",
" HA  ASN A  35 "," HB3 ALA A  34 ",
" HB2 ASN A  35 "," HB3 ALA A  34 ",
" H   ASP A  36 "," HB3 ALA A  34 ",
" H   ASN A  37 "," HB3 ALA A  34 ",
" HB2 ASN A  37 "," HB3 ALA A  34 ",
"HD21 ASN A  37 "," HB3 ALA A  34 ",
" H   VAL A  39 "," HB3 ALA A  34 ",
" HA  VAL A  39 "," HB3 ALA A  34 ",
" HB  VAL A  39 "," HB3 ALA A  34 ",
" HA  ASP A  40 "," HB3 ALA A  34 ",
" HB2 ASP A  40 "," HB3 ALA A  34 ",
" H   GLY A  41 "," HB3 ALA A  34 ",
" HE1 TRP A  43 "," HB3 ALA A  34 ",
" HZ2 TRP A  43 "," HB3 ALA A  34 ",
" HZ3 TRP A  43 "," HB3 ALA A  34 ",
" HH2 TRP A  43 "," HB3 ALA A  34 ",
" HB  VAL A  54 "," HB3 ALA A  34 ",
" H   ASN A  37 ","HG23 VAL A  39 ",
" HA  ASN A  37 ","HG23 VAL A  39 ",
" HB2 ASN A  37 ","HG23 VAL A  39 ",
" HB3 ASN A  37 ","HG23 VAL A  39 ",
"HD21 ASN A  37 ","HG23 VAL A  39 ",
" H   GLY A  38 ","HG23 VAL A  39 ",
" HA2 GLY A  38 ","HG23 VAL A  39 ",
" HA3 GLY A  38 ","HG23 VAL A  39 ",
" H   VAL A  39 ","HG13 VAL A  39 ",
" H   VAL A  39 ","HG23 VAL A  39 ",
" HA  VAL A  39 ","HG13 VAL A  39 ",
" HA  VAL A  39 ","HG23 VAL A  39 ",
" HB  VAL A  39 ","HG13 VAL A  39 ",
" HB  VAL A  39 ","HG23 VAL A  39 ",
" HB  VAL A  39 ","HG13 VAL A  54 ",
" HB  VAL A  39 ","HG23 VAL A  54 ",
" H   ASP A  40 ","HG13 VAL A  39 ",
" HA  ASP A  40 ","HG13 VAL A  39 ",
" H   GLY A  41 ","HG13 VAL A  39 ",
" HA3 GLY A  41 ","HG13 VAL A  39 ",
" HE1 TRP A  43 ","HG13 VAL A  39 ",
" HZ2 TRP A  43 ","HG13 VAL A  39 ",
" HB  VAL A  54 ","HG13 VAL A  39 ",
" H   GLU A  56 ","HG13 VAL A  39 ",
" HA  GLU A  56 ","HG13 VAL A  39 ",
" HB2 GLU A  56 ","HG13 VAL A  39 ",
" HB3 GLU A  56 ","HG13 VAL A  39 ",
" HG2 GLU A  56 ","HG13 VAL A  39 ",
" HG3 GLU A  56 ","HG13 VAL A  39 ",
" H   ASP A  40 ","HG23 VAL A  39 ",
" HB2 GLU A  56 ","HG23 VAL A  39 ",
" HG2 GLU A  56 ","HG23 VAL A  39 ",
" HG3 GLU A  56 ","HG23 VAL A  39 ",
" H   ASP A  40 ","HG13 VAL A  54 ",
" HA  ASP A  40 ","HG13 VAL A  54 ",
" HA  ASP A  40 ","HG23 VAL A  54 ",
" H   GLY A  41 ","HG13 VAL A  54 ",
" H   GLY A  41 ","HG23 VAL A  54 ",
" HA2 GLY A  41 ","HG13 VAL A  42 ",
" HA2 GLY A  41 ","HG23 VAL A  42 ",
" HA2 GLY A  41 ","HG23 VAL A  54 ",
" HA3 GLY A  41 ","HG13 VAL A  42 ",
" HA3 GLY A  41 ","HG23 VAL A  42 ",
" HA3 GLY A  41 ","HG13 VAL A  54 ",
" HA3 GLY A  41 ","HG23 VAL A  54 ",
" H   VAL A  42 ","HG13 VAL A  42 ",
" H   VAL A  42 ","HG23 VAL A  42 ",
" H   VAL A  42 ","HG13 VAL A  54 ",
" H   VAL A  42 ","HG23 VAL A  54 ",
" HA  VAL A  42 ","HG13 VAL A  42 ",
" HA  VAL A  42 ","HG23 VAL A  42 ",
" HA  VAL A  42 ","HG23 VAL A  54 ",
" HB  VAL A  42 ","HG13 VAL A  42 ",
" HB  VAL A  42 ","HG23 VAL A  42 ",
" HB  VAL A  42 ","HG23 THR A  44 ",
" HB  VAL A  42 ","HG23 THR A  55 ",
" H   TRP A  43 ","HG13 VAL A  42 ",
" HA  TRP A  43 ","HG13 VAL A  42 ",
" HB2 TRP A  43 ","HG13 VAL A  42 ",
" HD1 TRP A  43 ","HG13 VAL A  42 ",
" H   THR A  44 ","HG13 VAL A  42 ",
" HA  THR A  44 ","HG13 VAL A  42 ",
" HG1 THR A  44 ","HG13 VAL A  42 ",
" HA  VAL A  54 ","HG13 VAL A  42 ",
" H   THR A  55 ","HG13 VAL A  42 ",
" HA  THR A  55 ","HG13 VAL A  42 ",
" HB  THR A  55 ","HG13 VAL A  42 ",
" HG1 THR A  55 ","HG13 VAL A  42 ",
" H   TRP A  43 ","HG23 VAL A  42 ",
" HA  TRP A  43 ","HG23 VAL A  42 ",
" HB2 TRP A  43 ","HG23 VAL A  42 ",
" H   THR A  44 ","HG23 VAL A  42 ",
" HA  THR A  44 ","HG23 VAL A  42 ",
" HG1 THR A  44 ","HG23 VAL A  42 ",
" H   THR A  55 ","HG23 VAL A  42 ",
" HB  THR A  55 ","HG23 VAL A  42 ",
" HG1 THR A  55 ","HG23 VAL A  42 ",
" HA  GLU A  56 ","HG23 VAL A  42 ",
" H   TRP A  43 ","HG23 THR A  44 ",
" HA  TRP A  43 ","HG23 THR A  44 ",
" HA  TRP A  43 ","HG13 VAL A  54 ",
" HA  TRP A  43 ","HG23 VAL A  54 ",
" HB3 TRP A  43 ","HG23 VAL A  54 ",
" HD1 TRP A  43 ","HG13 VAL A  54 ",
" HD1 TRP A  43 ","HG23 VAL A  54 ",
" HE1 TRP A  43 ","HG13 VAL A  54 ",
" HE1 TRP A  43 ","HG23 VAL A  54 ",
" HE3 TRP A  43 ","HG23 VAL A  54 ",
" HZ2 TRP A  43 ","HG13 VAL A  54 ",
" HZ2 TRP A  43 ","HG23 VAL A  54 ",
" HZ3 TRP A  43 ","HG13 VAL A  54 ",
" HZ3 TRP A  43 ","HG23 VAL A  54 ",
" HH2 TRP A  43 ","HG13 VAL A  54 ",
" HH2 TRP A  43 ","HG23 VAL A  54 ",
" H   THR A  44 ","HG23 THR A  44 ",
" H   THR A  44 ","HG23 THR A  53 ",
" HA  THR A  44 ","HG23 THR A  44 ",
" HB  THR A  44 ","HG23 THR A  44 ",
" HB  THR A  44 ","HG23 THR A  51 ",
" HG1 THR A  44 ","HG23 THR A  44 ",
" HG1 THR A  44 ","HG23 THR A  51 ",
" HG1 THR A  44 ","HG23 THR A  53 ",
" H   TYR A  45 ","HG23 THR A  44 ",
" HB  THR A  53 ","HG23 THR A  44 ",
" HG1 THR A  53 ","HG23 THR A  44 ",
" HA  TYR A  45 ","HG23 THR A  49 ",
" HB2 TYR A  45 ","HG23 THR A  49 ",
" H   ASP A  46 ","HG23 THR A  49 ",
" H   ASP A  46 ","HG23 THR A  51 ",
" HA  ASP A  46 "," HB3 ALA A  48 ",
" HA  ASP A  46 ","HG23 THR A  49 ",
" HB2 ASP A  46 "," HB3 ALA A  48 ",
" HB2 ASP A  46 ","HG23 THR A  49 ",
" HB3 ASP A  46 "," HB3 ALA A  48 ",
" HB3 ASP A  46 ","HG23 THR A  49 ",
" HB3 ASP A  46 ","HG23 THR A  51 ",
" H   ASP A  47 "," HB3 ALA A  48 ",
" H   ASP A  47 ","HG23 THR A  49 ",
" HA  ASP A  47 ","HG23 THR A  49 ",
" HB3 ASP A  47 "," HB3 ALA A  48 ",
" H   ALA A  48 "," HB3 ALA A  48 ",
" H   ALA A  48 ","HG23 THR A  49 ",
" HA  ALA A  48 "," HB3 ALA A  48 ",
" HA  ALA A  48 ","HG23 THR A  49 ",
" H   THR A  49 "," HB3 ALA A  48 ",
" HA  THR A  49 "," HB3 ALA A  48 ",
" HB  THR A  49 "," HB3 ALA A  48 ",
" HG1 THR A  49 "," HB3 ALA A  48 ",
" H   LYS A  50 "," HB3 ALA A  48 ",
" H   THR A  49 ","HG23 THR A  49 ",
" HA  THR A  49 ","HG23 THR A  49 ",
" HA  THR A  49 "," HZ3 LYS A  50 ",
" HB  THR A  49 ","HG23 THR A  49 ",
" HB  THR A  49 ","HG23 THR A  51 ",
" HG1 THR A  49 ","HG23 THR A  49 ",
" H   LYS A  50 ","HG23 THR A  49 ",
" HA  LYS A  50 ","HG23 THR A  49 ",
" HB2 LYS A  50 ","HG23 THR A  49 ",
" H   THR A  51 ","HG23 THR A  49 ",
" HA  THR A  51 ","HG23 THR A  49 ",
" HB  THR A  51 ","HG23 THR A  49 ",
" HG1 THR A  51 ","HG23 THR A  49 ",
" H   LYS A  50 "," HZ3 LYS A  50 ",
" HB2 LYS A  50 "," HZ3 LYS A  50 ",
" HB3 LYS A  50 "," HZ3 LYS A  50 ",
" HG2 LYS A  50 "," HZ3 LYS A  50 ",
" HG3 LYS A  50 "," HZ3 LYS A  50 ",
" HD2 LYS A  50 "," HZ3 LYS A  50 ",
" HD3 LYS A  50 "," HZ3 LYS A  50 ",
" HE2 LYS A  50 "," HZ3 LYS A  50 ",
" HE3 LYS A  50 "," HZ3 LYS A  50 ",
" H   THR A  51 ","HG23 THR A  51 ",
" HA  THR A  51 ","HG23 THR A  51 ",
" HB  THR A  51 ","HG23 THR A  51 ",
" HG1 THR A  51 ","HG23 THR A  51 ",
" H   PHE A  52 ","HG23 THR A  51 ",
" HA  PHE A  52 ","HG23 THR A  51 ",
" HB2 PHE A  52 ","HG23 THR A  51 ",
" H   THR A  53 ","HG23 THR A  51 ",
" HA  THR A  53 ","HG23 THR A  51 ",
" HB  THR A  53 ","HG23 THR A  51 ",
" HG1 THR A  53 ","HG23 THR A  51 ",
" HB3 PHE A  52 ","HG23 VAL A  54 ",
" H   THR A  53 ","HG23 THR A  53 ",
" H   THR A  53 ","HG23 VAL A  54 ",
" HA  THR A  53 ","HG23 THR A  53 ",
" HA  THR A  53 ","HG13 VAL A  54 ",
" HA  THR A  53 ","HG23 VAL A  54 ",
" HB  THR A  53 ","HG23 THR A  53 ",
" HG1 THR A  53 ","HG23 THR A  53 ",
" H   VAL A  54 ","HG23 THR A  53 ",
" HA  VAL A  54 ","HG23 THR A  53 ",
" HB  VAL A  54 ","HG23 THR A  53 ",
" H   THR A  55 ","HG23 THR A  53 ",
" HA  THR A  55 ","HG23 THR A  53 ",
" HB  THR A  55 ","HG23 THR A  53 ",
" HG1 THR A  55 ","HG23 THR A  53 ",
" H   VAL A  54 ","HG13 VAL A  54 ",
" H   VAL A  54 ","HG23 VAL A  54 ",
" HA  VAL A  54 ","HG13 VAL A  54 ",
" HA  VAL A  54 ","HG23 VAL A  54 ",
" HB  VAL A  54 ","HG13 VAL A  54 ",
" HB  VAL A  54 ","HG23 VAL A  54 ",
" H   THR A  55 ","HG13 VAL A  54 ",
" HA  THR A  55 ","HG13 VAL A  54 ",
" H   GLU A  56 ","HG13 VAL A  54 ",
" HA  GLU A  56 ","HG13 VAL A  54 ",
" HG2 GLU A  56 ","HG13 VAL A  54 ",
" HG3 GLU A  56 ","HG13 VAL A  54 ",
" H   THR A  55 ","HG23 VAL A  54 ",
" HA  THR A  55 ","HG23 VAL A  54 ",
" HB  THR A  55 ","HG23 VAL A  54 ",
" H   GLU A  56 ","HG23 VAL A  54 ",
" HA  GLU A  56 ","HG23 VAL A  54 ",
" HB2 GLU A  56 ","HG23 VAL A  54 ",
" HG3 GLU A  56 ","HG23 VAL A  54 ",
" H   THR A  55 ","HG23 THR A  55 ",
" HA  THR A  55 ","HG23 THR A  55 ",
" HB  THR A  55 ","HG23 THR A  55 ",
" HG1 THR A  55 ","HG23 THR A  55 ",
" H   GLU A  56 ","HG23 THR A  55 ",
" HA  GLU A  56 ","HG23 THR A  55 ",
" HB2 GLU A  56 ","HG23 THR A  55 ",
" HB3 GLU A  56 ","HG23 THR A  55 ",
" HG3 GLU A  56 ","HG23 THR A  55 ",
" HE3 MET A   1 "," HE1 MET A   1 ",
" HZ3 LYS A   4 "," HZ1 LYS A   4 ",
"HD13 LEU A   5 ","HD11 LEU A   5 ",
"HD23 LEU A   5 ","HD21 LEU A   5 ",
"HG13 VAL A   6 ","HG11 VAL A   6 ",
"HG23 VAL A   6 ","HG21 VAL A   6 ",
"HG23 ILE A   7 ","HG21 ILE A   7 ",
"HD13 ILE A   7 ","HD11 ILE A   7 ",
" HZ3 LYS A  10 "," HZ1 LYS A  10 ",
"HG23 THR A  11 ","HG21 THR A  11 ",
"HD13 LEU A  12 ","HD11 LEU A  12 ",
"HD23 LEU A  12 ","HD21 LEU A  12 ",
" HZ3 LYS A  13 "," HZ1 LYS A  13 ",
"HG23 THR A  16 ","HG21 THR A  16 ",
"HG23 THR A  17 ","HG21 THR A  17 ",
"HG23 THR A  18 ","HG21 THR A  18 ",
" HZ3 LYS A  19 "," HZ1 LYS A  19 ",
" HB3 ALA A  20 "," HB1 ALA A  20 ",
"HG13 VAL A  21 ","HG11 VAL A  21 ",
"HG23 VAL A  21 ","HG21 VAL A  21 ",
" HB3 ALA A  23 "," HB1 ALA A  23 ",
"HG23 THR A  25 ","HG21 THR A  25 ",
" HB3 ALA A  26 "," HB1 ALA A  26 ",
" HZ3 LYS A  28 "," HZ1 LYS A  28 ",
" HB3 ALA A  29 "," HB1 ALA A  29 ",
" HZ3 LYS A  31 "," HZ1 LYS A  31 ",
" HB3 ALA A  34 "," HB1 ALA A  34 ",
"HG13 VAL A  39 ","HG11 VAL A  39 ",
"HG23 VAL A  39 ","HG21 VAL A  39 ",
"HG13 VAL A  42 ","HG11 VAL A  42 ",
"HG23 VAL A  42 ","HG21 VAL A  42 ",
"HG23 THR A  44 ","HG21 THR A  44 ",
" HB3 ALA A  48 "," HB1 ALA A  48 ",
"HG23 THR A  49 ","HG21 THR A  49 ",
" HZ3 LYS A  50 "," HZ1 LYS A  50 ",
"HG23 THR A  51 ","HG21 THR A  51 ",
"HG23 THR A  53 ","HG21 THR A  53 ",
"HG13 VAL A  54 ","HG11 VAL A  54 ",
"HG23 VAL A  54 ","HG21 VAL A  54 ",
"HG23 THR A  55 ","HG21 THR A  55 ",
