"atom1","atom2","sigma"
" H1  MET A   1 "," HA  MET A   1 ",-0.87386466777427
" H1  MET A   1 "," HB2 MET A   1 ",-0.758250568962859
" H1  MET A   1 "," HB3 MET A   1 ",-0.0772317767031915
" H1  MET A   1 "," HG2 MET A   1 ",-0.0514667611641632
" H1  MET A   1 "," HG3 MET A   1 ",-0.161165883651112
" H1  MET A   1 "," H   GLN A   2 ",-0.177786964208412
" H1  MET A   1 "," HB2 GLN A   2 ",-0.0219244279436993
" H1  MET A   1 "," HG2 GLN A   2 ",-0.0583739598770467
" H1  MET A   1 "," HG3 GLN A   2 ",-0.0239229262259078
" HA  MET A   1 "," HB2 MET A   1 ",-0.254090225511406
" HA  MET A   1 "," HB3 MET A   1 ",-0.732027798508042
" HA  MET A   1 "," HG2 MET A   1 ",-0.278916778039592
" HA  MET A   1 "," HG3 MET A   1 ",-0.972937261647964
" HA  MET A   1 "," H   GLN A   2 ",-1.03023815900386
" HA  MET A   1 "," HA  GLN A   2 ",-0.0296721527840985
" HA  MET A   1 "," HB2 GLN A   2 ",-0.0186294869089876
" HA  MET A   1 "," HG2 GLN A   2 ",-0.0103594806479127
" HA  MET A   1 "," HG3 GLN A   2 ",-0.00823456018519742
" HA  MET A   1 "," HD2 LYS A  50 ",-0.0153951567700041
" HA  MET A   1 "," HD3 LYS A  50 ",-0.0232106831285302
" HA  MET A   1 "," HE2 LYS A  50 ",-0.098823283219974
" HA  MET A   1 "," HE3 LYS A  50 ",-0.0230565805380951
" HB2 MET A   1 "," HB3 MET A   1 ",-5.90591601233434
" HB2 MET A   1 "," HG2 MET A   1 ",-0.346418833016197
" HB2 MET A   1 "," HG3 MET A   1 ",-0.414489151892423
" HB2 MET A   1 "," H   GLN A   2 ",-0.0403368190036776
" HB2 MET A   1 "," HA  GLN A   2 ",-0.0159825548628836
" HB2 MET A   1 "," HG2 GLN A   2 ",-0.0210735964412684
" HB2 MET A   1 "," HB3 LYS A  19 ",-0.00861024715989405
" HB2 MET A   1 "," HG2 LYS A  19 ",-0.0346588755930622
" HB2 MET A   1 "," HG3 LYS A  19 ",-0.0400807141245126
" HB2 MET A   1 "," HE2 LYS A  19 ",-0.0563729296509467
" HB2 MET A   1 "," HE3 LYS A  19 ",-0.0135397028632679
" HB2 MET A   1 "," H   ALA A  20 ",-0.0109119263225121
" HB3 MET A   1 "," HG2 MET A   1 ",-1.28254554028941
" HB3 MET A   1 "," HG3 MET A   1 ",-0.332158061496908
" HB3 MET A   1 "," H   GLN A   2 ",-0.0657201145367928
" HB3 MET A   1 "," HA  GLN A   2 ",-0.0246582410311794
" HB3 MET A   1 "," HG2 GLN A   2 ",-0.00835188056371824
" HB3 MET A   1 "," HH  TYR A   3 ",-0.0111036496677064
" HB3 MET A   1 "," HA  LYS A  19 ",-0.0304112064584754
" HB3 MET A   1 "," HG2 LYS A  19 ",-0.068213398857622
" HB3 MET A   1 "," HG3 LYS A  19 ",-0.0559740703483199
" HB3 MET A   1 "," HD3 LYS A  19 ",-0.00658140658586078
" HB3 MET A   1 "," HE2 LYS A  19 ",-0.0182057767790566
" HB3 MET A   1 "," H   ALA A  20 ",-0.0374246466556565
" HB3 MET A   1 "," HA  VAL A  21 ",-0.0164345787445345
" HB3 MET A   1 "," HE2 LYS A  50 ",-0.0103281478767673
" HG2 MET A   1 "," HG3 MET A   1 ",-4.8052211730925
" HG2 MET A   1 "," H   GLN A   2 ",-0.0118539738935609
" HG2 MET A   1 "," HG2 LYS A  19 ",-0.0081327586654264
" HG2 MET A   1 "," HA  VAL A  21 ",-0.0195414896609252
" HG2 MET A   1 "," HE2 LYS A  50 ",-0.0106323855898576
" H   GLN A   2 "," HA  GLN A   2 ",-0.292284800702695
" H   GLN A   2 "," HB2 GLN A   2 ",-0.195409969756188
" H   GLN A   2 "," HB3 GLN A   2 ",-0.0828182452792131
" H   GLN A   2 "," HG2 GLN A   2 ",-0.344227054724838
" H   GLN A   2 "," HG3 GLN A   2 ",-0.835511054550113
" H   GLN A   2 ","HE21 GLN A   2 ",-0.0125425979045696
" H   GLN A   2 "," H   TYR A   3 ",-0.0358937215464382
" H   GLN A   2 "," HA  TYR A   3 ",-0.0207944001814008
" H   GLN A   2 "," HG2 LYS A  19 ",-0.00945240439602158
" H   GLN A   2 "," HB2 LYS A  50 ",-0.0142118587797652
" H   GLN A   2 "," HG3 LYS A  50 ",-0.0164087655396518
" H   GLN A   2 "," HD2 LYS A  50 ",-0.115068566946574
" H   GLN A   2 "," HD3 LYS A  50 ",-0.311545962559672
" H   GLN A   2 "," HE2 LYS A  50 ",-0.0795921447873705
" H   GLN A   2 "," HE3 LYS A  50 ",-0.0142717739424957
" HA  GLN A   2 "," HB2 GLN A   2 ",-0.339315127722801
" HA  GLN A   2 "," HB3 GLN A   2 ",-0.750833799051055
" HA  GLN A   2 "," HG2 GLN A   2 ",-0.116377570006701
" HA  GLN A   2 "," HG3 GLN A   2 ",-1.08841475206913
" HA  GLN A   2 ","HE21 GLN A   2 ",-0.0159326875823654
" HA  GLN A   2 "," H   TYR A   3 ",-2.11768038735428
" HA  GLN A   2 "," HA  TYR A   3 ",-0.029801028562072
" HA  GLN A   2 "," HB2 TYR A   3 ",-0.0205382837767156
" HA  GLN A   2 "," HB  THR A  17 ",-0.0183316851496864
" HA  GLN A   2 "," H   THR A  18 ",-0.0371118225337909
" HA  GLN A   2 "," HA  LYS A  19 ",-0.272471633597739
" HA  GLN A   2 "," HB2 LYS A  19 ",-0.0255084592804376
" HA  GLN A   2 "," HB3 LYS A  19 ",-0.0128539587421855
" HA  GLN A   2 "," HG2 LYS A  19 ",-0.317443531597881
" HA  GLN A   2 "," HG3 LYS A  19 ",-0.15053681650397
" HA  GLN A   2 "," HD2 LYS A  19 ",-0.0210056927074269
" HA  GLN A   2 "," HD3 LYS A  19 ",-0.00631062306099735
" HA  GLN A   2 "," HE2 LYS A  19 ",-0.0096836255543856
" HA  GLN A   2 "," H   ALA A  20 ",-0.0370677297972641
" HA  GLN A   2 "," HD3 LYS A  50 ",-0.00952227160952095
" HB2 GLN A   2 "," HB3 GLN A   2 ",-4.37661642380938
" HB2 GLN A   2 "," HG2 GLN A   2 ",-0.236206316512942
" HB2 GLN A   2 "," HG3 GLN A   2 ",-0.555347244900809
" HB2 GLN A   2 ","HE21 GLN A   2 ",-1.13263466204751
" HB2 GLN A   2 ","HE22 GLN A   2 ",-0.0803080829806518
" HB2 GLN A   2 "," H   TYR A   3 ",-0.0779024908376904
" HB2 GLN A   2 "," HA  TYR A   3 ",-0.0176523059683192
" HB2 GLN A   2 "," HB  THR A  17 ",-0.0372682766441527
" HB2 GLN A   2 "," HG1 THR A  17 ",-0.00719353758099997
" HB2 GLN A   2 "," H   THR A  18 ",-0.0111867052964326
" HB2 GLN A   2 "," HG2 LYS A  19 ",-0.00952063882141451
" HB2 GLN A   2 "," HG3 LYS A  19 ",-0.00642643216071971
" HB2 GLN A   2 "," HD2 LYS A  19 ",-0.00697045578749663
" HB2 GLN A   2 "," HD2 LYS A  50 ",-0.0125615601551999
" HB2 GLN A   2 "," HD3 LYS A  50 ",-0.00732493641416672
" HB3 GLN A   2 "," HG2 GLN A   2 ",-0.79783849425623
" HB3 GLN A   2 "," HG3 GLN A   2 ",-0.281787425219594
" HB3 GLN A   2 ","HE21 GLN A   2 ",-0.105124594589983
" HB3 GLN A   2 ","HE22 GLN A   2 ",-0.0262619641977495
" HB3 GLN A   2 "," H   TYR A   3 ",-0.0772992926676281
" HB3 GLN A   2 "," HA  TYR A   3 ",-0.0140133395108985
" HB3 GLN A   2 "," HB  THR A  17 ",-0.0461643398633949
" HB3 GLN A   2 "," HG1 THR A  17 ",-0.0141453906584769
" HB3 GLN A   2 "," H   THR A  18 ",-0.0211265388007439
" HB3 GLN A   2 "," HA  LYS A  19 ",-0.0222849426190941
" HB3 GLN A   2 "," HB2 LYS A  19 ",-0.0188076151479788
" HB3 GLN A   2 "," HG3 LYS A  19 ",-0.0127729656113872
" HB3 GLN A   2 "," HD2 LYS A  50 ",-0.0122624364885798
" HB3 GLN A   2 "," HD3 LYS A  50 ",-0.00813958986710491
" HG2 GLN A   2 "," HG3 GLN A   2 ",-5.82829932530906
" HG2 GLN A   2 ","HE21 GLN A   2 ",-0.689099605437817
" HG2 GLN A   2 ","HE22 GLN A   2 ",-0.0464654146189472
" HG2 GLN A   2 "," H   TYR A   3 ",-0.0176559464204195
" HG2 GLN A   2 "," HB  THR A  17 ",-0.0304464855701954
" HG2 GLN A   2 "," HA  LYS A  19 ",-0.00893644171113419
" HG2 GLN A   2 "," HB2 LYS A  19 ",-0.00862461874678152
" HG2 GLN A   2 "," HG2 LYS A  19 ",-0.0126526360708652
" HG2 GLN A   2 "," HG3 LYS A  19 ",-0.0439803516260475
" HG2 GLN A   2 "," HD2 LYS A  19 ",-0.0166482483465676
" HG3 GLN A   2 ","HE21 GLN A   2 ",-0.239181906460346
" HG3 GLN A   2 ","HE22 GLN A   2 ",-0.0443749191889866
" HG3 GLN A   2 "," H   TYR A   3 ",-0.0557807196803929
" HG3 GLN A   2 "," HB  THR A  17 ",-0.0162504628807836
" HG3 GLN A   2 "," H   THR A  18 ",-0.00834188034638265
" HG3 GLN A   2 "," HA  LYS A  19 ",-0.0178056781003567
" HG3 GLN A   2 "," HB2 LYS A  19 ",-0.0105198477307923
" HG3 GLN A   2 "," HB3 LYS A  19 ",-0.0058998782166023
" HG3 GLN A   2 "," HG2 LYS A  19 ",-0.153228506007094
" HG3 GLN A   2 "," HG3 LYS A  19 ",-0.574557918934058
" HG3 GLN A   2 "," HD2 LYS A  19 ",-0.137471175589738
" HG3 GLN A   2 "," HD3 LYS A  19 ",-0.022573122265848
" HG3 GLN A   2 "," HE2 LYS A  19 ",-0.00808592285317248
" HG3 GLN A   2 "," HE3 LYS A  19 ",-0.00611162882727519
"HE21 GLN A   2 ","HE22 GLN A   2 ",-5.3357539934292
"HE21 GLN A   2 "," HB  THR A  17 ",-0.0141560607774071
"HE21 GLN A   2 "," HD2 LYS A  19 ",-0.00830794986472663
"HE22 GLN A   2 "," HD2 LYS A  19 ",-0.0144987746269998
" H   TYR A   3 "," HA  TYR A   3 ",-0.30869794310175
" H   TYR A   3 "," HB2 TYR A   3 ",-0.672742039777215
" H   TYR A   3 "," HB3 TYR A   3 ",-0.07787875808792
" H   TYR A   3 "," H   LYS A   4 ",-0.0250460621821242
" H   TYR A   3 "," HA  THR A  17 ",-0.0227137458808469
" H   TYR A   3 "," HB  THR A  17 ",-0.0554111302074194
" H   TYR A   3 "," H   THR A  18 ",-0.407014091376186
" H   TYR A   3 "," HA  THR A  18 ",-0.0153083768126257
" H   TYR A   3 "," HB  THR A  18 ",-0.0200446270793222
" H   TYR A   3 "," H   LYS A  19 ",-0.0125744364011746
" H   TYR A   3 "," HA  LYS A  19 ",-0.150082183649867
" H   TYR A   3 "," HG2 LYS A  19 ",-0.0264207481842971
" H   TYR A   3 "," HG3 LYS A  19 ",-0.0365278879473023
" H   TYR A   3 "," H   ALA A  20 ",-0.0259815024393438
" H   TYR A   3 "," HZ  PHE A  30 ",-0.0429082573576835
" H   TYR A   3 "," HB3 LYS A  50 ",-0.00905311087249491
" H   TYR A   3 "," HD3 LYS A  50 ",-0.00932279192287904
" HA  TYR A   3 "," HB2 TYR A   3 ",-0.270117588561074
" HA  TYR A   3 "," HB3 TYR A   3 ",-1.01463004157186
" HA  TYR A   3 "," H   LYS A   4 ",-1.69649090690826
" HA  TYR A   3 "," HA  LYS A   4 ",-0.0309972516438366
" HA  TYR A   3 "," HB2 LYS A   4 ",-0.0330594658111271
" HA  TYR A   3 "," HB3 LYS A   4 ",-0.0206915772293151
" HA  TYR A   3 "," H   THR A  18 ",-0.0173217102518581
" HA  TYR A   3 "," HZ  PHE A  30 ",-0.0202696047203727
" HA  TYR A   3 "," HA  LYS A  50 ",-0.0250325088036317
" HA  TYR A   3 "," HB2 LYS A  50 ",-0.541276009892336
" HA  TYR A   3 "," HB3 LYS A  50 ",-0.393649284949571
" HA  TYR A   3 "," HG3 LYS A  50 ",-0.0369440569969176
" HA  TYR A   3 "," HD2 LYS A  50 ",-0.0167509078773177
" HA  TYR A   3 "," HD3 LYS A  50 ",-0.0636040462171861
" HA  TYR A   3 "," HA  THR A  51 ",-0.0264670854227855
" HB2 TYR A   3 "," HB3 TYR A   3 ",-6.71611234249189
" HB2 TYR A   3 "," H   LYS A   4 ",-0.0774463697327369
" HB2 TYR A   3 "," HA  LYS A   4 ",-0.0195481256777552
" HB2 TYR A   3 "," HA  THR A  17 ",-0.0212165910840771
" HB2 TYR A   3 "," H   THR A  18 ",-0.158847704937603
" HB2 TYR A   3 "," HA  THR A  18 ",-0.0110145176794726
" HB2 TYR A   3 "," HB  THR A  18 ",-0.203883061766275
" HB2 TYR A   3 "," H   LYS A  19 ",-0.00840508641919156
" HB2 TYR A   3 "," HA  LYS A  19 ",-0.0249070396954193
" HB2 TYR A   3 "," H   ALA A  20 ",-0.0113230103829782
" HB2 TYR A   3 "," HZ  PHE A  30 ",-1.40740349662523
" HB2 TYR A   3 "," HB3 LYS A  50 ",-0.0131541170216132
" HB3 TYR A   3 "," H   LYS A   4 ",-0.407158523434576
" HB3 TYR A   3 "," HA  LYS A   4 ",-0.0191663291372052
" HB3 TYR A   3 "," H   THR A  18 ",-0.022021867866911
" HB3 TYR A   3 "," HB  THR A  18 ",-0.0202059260607287
" HB3 TYR A   3 "," HZ  PHE A  30 ",-0.164915695621528
" HB3 TYR A   3 "," HA  LYS A  50 ",-0.029209887547518
" HB3 TYR A   3 "," HB2 LYS A  50 ",-0.0383345512577195
" HB3 TYR A   3 "," HB3 LYS A  50 ",-0.0916633959042435
" HB3 TYR A   3 "," HD2 LYS A  50 ",-0.00984755043683957
" HB3 TYR A   3 "," HA  THR A  51 ",-0.0276705710693038
" HB3 TYR A   3 "," H   PHE A  52 ",-0.019390443887991
" HB3 TYR A   3 "," HZ  PHE A  52 ",-0.0248937366278094
" HH  TYR A   3 "," H   ALA A  20 ",-0.0335732591840072
" HH  TYR A   3 "," H   VAL A  21 ",-0.00842483484503672
" HH  TYR A   3 "," HA  VAL A  21 ",-0.0168365686012161
" HH  TYR A   3 "," H   ASP A  22 ",-0.0983737756355057
" HH  TYR A   3 "," HA  ASP A  22 ",-0.615035789426073
" HH  TYR A   3 "," HB2 ASP A  22 ",-0.0178896514502472
" HH  TYR A   3 "," HB3 ASP A  22 ",-0.015822492780703
" HH  TYR A   3 "," H   ALA A  23 ",-0.135725506519591
" HH  TYR A   3 "," HA  ALA A  23 ",-0.086302954828258
" HH  TYR A   3 "," HD2 LYS A  50 ",-0.0109774496490864
" HH  TYR A   3 "," HE2 LYS A  50 ",-0.0146912094693916
" HH  TYR A   3 "," HE3 LYS A  50 ",-0.0958118525236557
" H   LYS A   4 "," HA  LYS A   4 ",-0.316812424314796
" H   LYS A   4 "," HB2 LYS A   4 ",-0.468789388132986
" H   LYS A   4 "," HB3 LYS A   4 ",-0.596083441722069
" H   LYS A   4 "," HG2 LYS A   4 ",-0.0188628361962439
" H   LYS A   4 "," HG3 LYS A   4 ",-0.0282594333117098
" H   LYS A   4 "," HD3 LYS A   4 ",-0.0310236769786385
" H   LYS A   4 "," H   LEU A   5 ",-0.0253356772296184
" H   LYS A   4 "," HA  THR A  17 ",-0.0129745077605196
" H   LYS A   4 "," H   THR A  18 ",-0.0108333227360935
" H   LYS A   4 "," HZ  PHE A  30 ",-0.0323632398686419
" H   LYS A   4 "," HA  LYS A  50 ",-0.0165009000580647
" H   LYS A   4 "," HB2 LYS A  50 ",-0.0714950666475183
" H   LYS A   4 "," HB3 LYS A  50 ",-0.0320723631224256
" H   LYS A   4 "," HG3 LYS A  50 ",-0.0143117367925559
" H   LYS A   4 "," HD3 LYS A  50 ",-0.00661898082687968
" H   LYS A   4 "," H   THR A  51 ",-0.0176229722411409
" H   LYS A   4 "," HA  THR A  51 ",-0.672776638848289
" H   LYS A   4 "," HG1 THR A  51 ",-0.0372770596932214
" H   LYS A   4 "," H   PHE A  52 ",-0.0904858059943524
" HA  LYS A   4 "," HB2 LYS A   4 ",-0.860893182449013
" HA  LYS A   4 "," HB3 LYS A   4 ",-0.282567266280999
" HA  LYS A   4 "," HG2 LYS A   4 ",-0.0829101776474921
" HA  LYS A   4 "," HG3 LYS A   4 ",-0.310907386887711
" HA  LYS A   4 "," HD2 LYS A   4 ",-0.434989441230831
" HA  LYS A   4 "," HD3 LYS A   4 ",-1.52395289333272
" HA  LYS A   4 "," HE2 LYS A   4 ",-0.0341559639393147
" HA  LYS A   4 "," HE3 LYS A   4 ",-0.0174328700416115
" HA  LYS A   4 "," H   LEU A   5 ",-1.78051665165685
" HA  LYS A   4 "," HA  LEU A   5 ",-0.0291139500035163
" HA  LYS A   4 "," HB2 LEU A   5 ",-0.0226132152953291
" HA  LYS A   4 "," HB3 LEU A   5 ",-0.0363038937293613
" HA  LYS A   4 "," H   THR A  16 ",-0.0191602321270548
" HA  LYS A   4 "," HA  THR A  17 ",-0.554119824653337
" HA  LYS A   4 "," HB  THR A  17 ",-0.0520974010391612
" HA  LYS A   4 "," H   THR A  18 ",-0.0491350557277046
" HA  LYS A   4 "," HZ  PHE A  30 ",-0.0667657094917272
" HA  LYS A   4 "," HA  THR A  51 ",-0.0201128436220515
" HA  LYS A   4 "," H   PHE A  52 ",-0.0153943458958939
" HB2 LYS A   4 "," HB3 LYS A   4 ",-5.50057836819188
" HB2 LYS A   4 "," HG2 LYS A   4 ",-0.873212361611315
" HB2 LYS A   4 "," HG3 LYS A   4 ",-0.217024277262899
" HB2 LYS A   4 "," HD2 LYS A   4 ",-0.0721724864921086
" HB2 LYS A   4 "," HD3 LYS A   4 ",-0.766488702574842
" HB2 LYS A   4 "," HE2 LYS A   4 ",-0.172138246996351
" HB2 LYS A   4 "," HE3 LYS A   4 ",-0.0294919712252554
" HB2 LYS A   4 "," H   LEU A   5 ",-0.0498365827764039
" HB2 LYS A   4 "," HA  THR A  17 ",-0.0149604665654674
" HB2 LYS A   4 "," HB  THR A  17 ",-0.0097173508654717
" HB2 LYS A   4 "," HB2 LYS A  50 ",-0.00878786927383917
" HB2 LYS A   4 "," HA  THR A  51 ",-0.0781519801763206
" HB2 LYS A   4 "," HG1 THR A  51 ",-0.0611345616329433
" HB2 LYS A   4 "," H   PHE A  52 ",-0.012992075439422
" HB3 LYS A   4 "," HG2 LYS A   4 ",-0.978862038975738
" HB3 LYS A   4 "," HG3 LYS A   4 ",-0.752020125924022
" HB3 LYS A   4 "," HD2 LYS A   4 ",-0.0354652604502329
" HB3 LYS A   4 "," HD3 LYS A   4 ",-0.0787729812958857
" HB3 LYS A   4 "," HE2 LYS A   4 ",-0.0305975557544177
" HB3 LYS A   4 "," HE3 LYS A   4 ",-0.0116370316977172
" HB3 LYS A   4 "," H   LEU A   5 ",-0.0753000922785295
" HB3 LYS A   4 "," HA  LEU A   5 ",-0.023223442196581
" HB3 LYS A   4 "," H   VAL A   6 ",-0.00861600692826084
" HB3 LYS A   4 "," HA  THR A  51 ",-0.481570983856176
" HB3 LYS A   4 "," HB  THR A  51 ",-0.0197975963403811
" HB3 LYS A   4 "," HG1 THR A  51 ",-0.512151046585927
" HB3 LYS A   4 "," H   PHE A  52 ",-0.0915519492813496
" HG2 LYS A   4 "," HG3 LYS A   4 ",-6.52156007993786
" HG2 LYS A   4 "," HD2 LYS A   4 ",-0.318708733785843
" HG2 LYS A   4 "," HD3 LYS A   4 ",-0.344654046948078
" HG2 LYS A   4 "," HE2 LYS A   4 ",-0.818247774669307
" HG2 LYS A   4 "," HE3 LYS A   4 ",-0.503176265497989
" HG2 LYS A   4 "," H   LEU A   5 ",-0.0497947737968231
" HG2 LYS A   4 "," HB3 GLU A  15 ",-0.0102259782264523
" HG2 LYS A   4 "," HG2 GLU A  15 ",-0.00981409031307479
" HG2 LYS A   4 "," HA  THR A  51 ",-0.0163714629156226
" HG2 LYS A   4 "," HG1 THR A  51 ",-0.0636553456874358
" HG3 LYS A   4 "," HD2 LYS A   4 ",-1.21309389407802
" HG3 LYS A   4 "," HD3 LYS A   4 ",-0.287135608884578
" HG3 LYS A   4 "," HE2 LYS A   4 ",-0.179991313731697
" HG3 LYS A   4 "," HE3 LYS A   4 ",-0.0919916422527818
" HG3 LYS A   4 "," H   LEU A   5 ",-0.702314592576216
" HG3 LYS A   4 "," HA  LEU A   5 ",-0.0695731142196026
" HG3 LYS A   4 "," HB3 LEU A   5 ",-0.0152842210568958
" HG3 LYS A   4 "," H   VAL A   6 ",-0.0164143332264814
" HG3 LYS A   4 "," HA  VAL A   6 ",-0.0120247888276905
" HG3 LYS A   4 "," HB2 GLU A  15 ",-0.0107922977459906
" HG3 LYS A   4 "," HB3 GLU A  15 ",-0.0572077922720313
" HG3 LYS A   4 "," HG2 GLU A  15 ",-0.0180022913481693
" HG3 LYS A   4 "," HG3 GLU A  15 ",-0.00968321349248411
" HG3 LYS A   4 "," H   THR A  16 ",-0.0272314528009452
" HG3 LYS A   4 "," HA  THR A  51 ",-0.0283982517299992
" HG3 LYS A   4 "," HG1 THR A  51 ",-0.0367913053054377
" HG3 LYS A   4 "," H   PHE A  52 ",-0.0208487959687606
" HD2 LYS A   4 "," HD3 LYS A   4 ",-5.03693432015231
" HD2 LYS A   4 "," HE2 LYS A   4 ",-0.413613208672394
" HD2 LYS A   4 "," HE3 LYS A   4 ",-0.993618328057095
" HD2 LYS A   4 "," H   LEU A   5 ",-0.774238491343116
" HD2 LYS A   4 "," HA  LEU A   5 ",-0.0196365432730583
" HD2 LYS A   4 "," HB3 LEU A   5 ",-0.0174467468846724
" HD2 LYS A   4 "," HA  VAL A   6 ",-0.0143919874204323
" HD2 LYS A   4 "," HA  GLU A  15 ",-0.0121908349213293
" HD2 LYS A   4 "," HB2 GLU A  15 ",-0.0175454148756624
" HD2 LYS A   4 "," HB3 GLU A  15 ",-0.0271971792521065
" HD2 LYS A   4 "," HG2 GLU A  15 ",-0.513359379885541
" HD2 LYS A   4 "," HG3 GLU A  15 ",-0.0511939664745981
" HD2 LYS A   4 "," H   THR A  16 ",-0.113642996806805
" HD2 LYS A   4 "," HA  THR A  16 ",-0.0149687324608023
" HD2 LYS A   4 "," HA  THR A  17 ",-0.0337227439846987
" HD2 LYS A   4 "," HB  THR A  17 ",-0.0119308165124675
" HD3 LYS A   4 "," HE2 LYS A   4 ",-0.454187750811446
" HD3 LYS A   4 "," HE3 LYS A   4 ",-0.450781841257548
" HD3 LYS A   4 "," H   LEU A   5 ",-0.640282142306203
" HD3 LYS A   4 "," HA  LEU A   5 ",-0.00840442051112547
" HD3 LYS A   4 "," HB3 LEU A   5 ",-0.00989651455874876
" HD3 LYS A   4 "," HG2 GLU A  15 ",-0.0339201730203012
" HD3 LYS A   4 "," H   THR A  16 ",-0.0283136340626956
" HD3 LYS A   4 "," HA  THR A  17 ",-0.0831000080592116
" HD3 LYS A   4 "," HB  THR A  17 ",-0.0271594040717083
" HE2 LYS A   4 "," HE3 LYS A   4 ",-7.49782287480911
" HE2 LYS A   4 "," H   LEU A   5 ",-0.0199477076859702
" HE2 LYS A   4 "," HB2 GLU A  15 ",-0.0144612697765245
" HE2 LYS A   4 "," HB3 GLU A  15 ",-0.0178977757530917
" HE2 LYS A   4 "," HG2 GLU A  15 ",-0.0158875455713787
" HE3 LYS A   4 "," H   LEU A   5 ",-0.0138237847945411
" HE3 LYS A   4 "," HB3 GLU A  15 ",-0.00823907431954444
" HE3 LYS A   4 "," HG2 GLU A  15 ",-0.0508271414939255
" HE3 LYS A   4 "," HG3 GLU A  15 ",-0.0119659401014842
" H   LEU A   5 "," HA  LEU A   5 ",-0.30999844510888
" H   LEU A   5 "," HB2 LEU A   5 ",-0.15200677270952
" H   LEU A   5 "," HB3 LEU A   5 ",-0.77159165789013
" H   LEU A   5 "," HG  LEU A   5 ",-0.0370141705935312
" H   LEU A   5 "," H   VAL A   6 ",-0.0337387008808386
" H   LEU A   5 "," HA  VAL A   6 ",-0.0180954687244119
" H   LEU A   5 "," HA  GLU A  15 ",-0.0210765708592945
" H   LEU A   5 "," HB2 GLU A  15 ",-0.0077523083971011
" H   LEU A   5 "," HB3 GLU A  15 ",-0.0393694704853354
" H   LEU A   5 "," HG2 GLU A  15 ",-0.0355012553579899
" H   LEU A   5 "," HG3 GLU A  15 ",-0.010341436446359
" H   LEU A   5 "," H   THR A  16 ",-0.36007960366017
" H   LEU A   5 "," HA  THR A  16 ",-0.0153710257774504
" H   LEU A   5 "," HA  THR A  17 ",-0.147010391623495
" H   LEU A   5 "," HZ  PHE A  30 ",-0.0353656271426681
" H   LEU A   5 "," H   PHE A  52 ",-0.0187016140252779
" HA  LEU A   5 "," HB2 LEU A   5 ",-1.30583361835878
" HA  LEU A   5 "," HB3 LEU A   5 ",-0.294141898326824
" HA  LEU A   5 "," HG  LEU A   5 ",-0.14813732983797
" HA  LEU A   5 "," H   VAL A   6 ",-1.74151424288755
" HA  LEU A   5 "," HA  VAL A   6 ",-0.0291155507956122
" HA  LEU A   5 "," HB  VAL A   6 ",-0.0232500797112099
" HA  LEU A   5 "," H   THR A  16 ",-0.0170826998685155
" HA  LEU A   5 "," HZ  PHE A  30 ",-0.0156682265762207
" HA  LEU A   5 "," HA  THR A  51 ",-0.0218288035323943
" HA  LEU A   5 "," H   PHE A  52 ",-0.26187399229367
" HA  LEU A   5 "," HA  PHE A  52 ",-0.0149760189606359
" HA  LEU A   5 "," HB2 PHE A  52 ",-0.573491664217586
" HA  LEU A   5 "," HB3 PHE A  52 ",-0.0430409658538169
" HA  LEU A   5 "," HA  THR A  53 ",-0.0265436172621236
" HB2 LEU A   5 "," HB3 LEU A   5 ",-7.27777249481426
" HB2 LEU A   5 "," HG  LEU A   5 ",-0.303084437082359
" HB2 LEU A   5 "," H   VAL A   6 ",-0.053923179162174
" HB2 LEU A   5 "," H   THR A  16 ",-0.0231373696103164
" HB2 LEU A   5 "," HA  THR A  17 ",-0.0196700638527192
" HB2 LEU A   5 "," HA  PHE A  30 ",-0.0117656083855152
" HB2 LEU A   5 "," HB3 PHE A  30 ",-0.0226522594140074
" HB2 LEU A   5 "," HZ  PHE A  30 ",-0.124508931358273
" HB2 LEU A   5 "," HZ3 TRP A  43 ",-0.0424684368979388
" HB2 LEU A   5 "," HH2 TRP A  43 ",-0.0134338798513818
" HB2 LEU A   5 "," H   PHE A  52 ",-0.0292402288195609
" HB2 LEU A   5 "," HB2 PHE A  52 ",-0.214413005241235
" HB2 LEU A   5 "," HB3 PHE A  52 ",-0.0220546959442243
" HB3 LEU A   5 "," HG  LEU A   5 ",-1.03842234313355
" HB3 LEU A   5 "," H   VAL A   6 ",-0.0389919920591929
" HB3 LEU A   5 "," HA  VAL A   6 ",-0.014031476139767
" HB3 LEU A   5 ","HG13 ILE A   7 ",-0.015022373899544
" HB3 LEU A   5 "," HA  GLU A  15 ",-0.0308560766450039
" HB3 LEU A   5 "," HB3 GLU A  15 ",-0.00976381127959659
" HB3 LEU A   5 "," H   THR A  16 ",-0.433267222185326
" HB3 LEU A   5 "," HA  THR A  16 ",-0.016587974663844
" HB3 LEU A   5 "," HB  THR A  16 ",-0.0258773571525946
" HB3 LEU A   5 "," H   THR A  17 ",-0.01442861248368
" HB3 LEU A   5 "," HA  THR A  17 ",-0.0483434018602843
" HB3 LEU A   5 "," HZ  PHE A  30 ",-0.0697068720980464
" HB3 LEU A   5 "," HB2 PHE A  52 ",-0.0182395556443531
" HG  LEU A   5 "," H   VAL A   6 ",-0.303545402529557
" HG  LEU A   5 "," HA  VAL A   6 ",-0.0790347101563636
" HG  LEU A   5 "," HB  VAL A   6 ",-0.00933192020593169
" HG  LEU A   5 "," H   ILE A   7 ",-0.0596710728938542
" HG  LEU A   5 "," HA  ILE A   7 ",-0.022114769096738
" HG  LEU A   5 "," HB  ILE A   7 ",-0.0127915566365765
" HG  LEU A   5 ","HG12 ILE A   7 ",-0.0462562349432816
" HG  LEU A   5 ","HG13 ILE A   7 ",-0.481282882618504
" HG  LEU A   5 "," HA  GLU A  15 ",-0.078743924456593
" HG  LEU A   5 "," HG3 GLU A  15 ",-0.00812037246485275
" HG  LEU A   5 "," H   THR A  16 ",-0.0752450481407817
" HG  LEU A   5 "," HB  THR A  16 ",-0.0125969150489571
" HG  LEU A   5 "," HZ3 TRP A  43 ",-0.0131543919462823
" HG  LEU A   5 "," HH2 TRP A  43 ",-0.0156131273906785
" HG  LEU A   5 "," H   VAL A  54 ",-0.0112553569773067
" HG  LEU A   5 "," HB  VAL A  54 ",-0.00860722707372003
" H   VAL A   6 "," HA  VAL A   6 ",-0.308866084715908
" H   VAL A   6 "," HB  VAL A   6 ",-0.646607510372999
" H   VAL A   6 "," H   ILE A   7 ",-0.0362773239304374
" H   VAL A   6 "," HA  ILE A   7 ",-0.0177406407410419
" H   VAL A   6 ","HG13 ILE A   7 ",-0.0275856044620971
" H   VAL A   6 "," HG3 GLU A  15 ",-0.0101272343475453
" H   VAL A   6 "," H   PHE A  52 ",-0.054942169601044
" H   VAL A   6 "," HA  PHE A  52 ",-0.0112229462239642
" H   VAL A   6 "," HB2 PHE A  52 ",-0.0650174190124151
" H   VAL A   6 "," HB3 PHE A  52 ",-0.0211001905849818
" H   VAL A   6 "," H   THR A  53 ",-0.0160282974376793
" H   VAL A   6 "," HA  THR A  53 ",-0.26992161149023
" H   VAL A   6 "," H   VAL A  54 ",-0.0733775281879035
" HA  VAL A   6 "," HB  VAL A   6 ",-0.28535989948454
" HA  VAL A   6 "," H   ILE A   7 ",-2.31037145904497
" HA  VAL A   6 "," HA  ILE A   7 ",-0.0305428439833026
" HA  VAL A   6 "," HB  ILE A   7 ",-0.023218821870893
" HA  VAL A   6 ","HG13 ILE A   7 ",-0.062986728768197
" HA  VAL A   6 "," HA  GLU A  15 ",-0.4243521979105
" HA  VAL A   6 "," HB2 GLU A  15 ",-0.0268040582408851
" HA  VAL A   6 "," HB3 GLU A  15 ",-0.0565642390476652
" HA  VAL A   6 "," HG2 GLU A  15 ",-0.156008473719204
" HA  VAL A   6 "," HG3 GLU A  15 ",-1.24346799405372
" HA  VAL A   6 "," H   THR A  16 ",-0.0472719739095405
" HA  VAL A   6 "," HA  THR A  53 ",-0.013127586948083
" HB  VAL A   6 "," H   ILE A   7 ",-0.0334118448618171
" HB  VAL A   6 "," HA  ILE A   7 ",-0.0151082762705064
" HB  VAL A   6 "," HG3 GLU A  15 ",-0.0125632000942994
" HB  VAL A   6 "," HA  THR A  53 ",-0.413332752434098
" HB  VAL A   6 "," HB  THR A  53 ",-0.0122496416388224
" HB  VAL A   6 "," HG1 THR A  53 ",-0.0285003769402941
" HB  VAL A   6 "," H   VAL A  54 ",-0.0511820917780801
" H   ILE A   7 "," HA  ILE A   7 ",-0.328241888264187
" H   ILE A   7 "," HB  ILE A   7 ",-0.888493190058994
" H   ILE A   7 ","HG12 ILE A   7 ",-0.0522971416672719
" H   ILE A   7 ","HG13 ILE A   7 ",-0.696212599304388
" H   ILE A   7 "," H   ASN A   8 ",-0.0294306908553032
" H   ILE A   7 "," HA  LYS A  13 ",-0.0149922968190254
" H   ILE A   7 "," H   GLY A  14 ",-0.0868875962426264
" H   ILE A   7 "," HA2 GLY A  14 ",-0.012312846252199
" H   ILE A   7 "," HA3 GLY A  14 ",-0.0151492592448893
" H   ILE A   7 "," H   GLU A  15 ",-0.0158150956918985
" H   ILE A   7 "," HA  GLU A  15 ",-0.414656914415038
" H   ILE A   7 "," HB2 GLU A  15 ",-0.0143126796648739
" H   ILE A   7 "," HB3 GLU A  15 ",-0.0125996773413576
" H   ILE A   7 "," HG2 GLU A  15 ",-0.0490158449533419
" H   ILE A   7 "," HG3 GLU A  15 ",-0.0519480859231928
" H   ILE A   7 "," H   THR A  16 ",-0.0150935099194455
" H   ILE A   7 "," H   VAL A  54 ",-0.0118584317480893
" HA  ILE A   7 "," HB  ILE A   7 ",-0.29041040026185
" HA  ILE A   7 ","HG12 ILE A   7 ",-0.410616546909594
" HA  ILE A   7 ","HG13 ILE A   7 ",-0.66623710481628
" HA  ILE A   7 "," H   ASN A   8 ",-2.01396120107896
" HA  ILE A   7 "," HA  ASN A   8 ",-0.0306535724576963
" HA  ILE A   7 "," HB2 ASN A   8 ",-0.0347338264246777
" HA  ILE A   7 "," H   GLY A   9 ",-0.0262716659431563
" HA  ILE A   7 "," H   GLY A  14 ",-0.0171114833366104
" HA  ILE A   7 "," HA  THR A  53 ",-0.0169949149288533
" HA  ILE A   7 "," H   VAL A  54 ",-0.208228574906399
" HA  ILE A   7 "," HB  VAL A  54 ",-0.0234969254585335
" HA  ILE A   7 "," HA  THR A  55 ",-0.0139988237815314
" HB  ILE A   7 ","HG12 ILE A   7 ",-0.327516508951203
" HB  ILE A   7 ","HG13 ILE A   7 ",-0.6070971469874
" HB  ILE A   7 "," H   ASN A   8 ",-0.0385404596385286
" HB  ILE A   7 "," HA  ASN A   8 ",-0.0180024202487799
" HB  ILE A   7 "," H   GLY A   9 ",-0.0373009963404038
" HB  ILE A   7 "," HG  LEU A  12 ",-0.0287027179893778
" HB  ILE A   7 "," HA  LYS A  13 ",-0.113877591393876
" HB  ILE A   7 "," HG2 LYS A  13 ",-0.0109031438099416
" HB  ILE A   7 "," H   GLY A  14 ",-0.724507842361366
" HB  ILE A   7 "," HA2 GLY A  14 ",-0.0206139883356765
" HB  ILE A   7 "," HA3 GLY A  14 ",-0.0724316116178537
" HB  ILE A   7 "," H   GLU A  15 ",-0.0150865146786767
" HB  ILE A   7 "," HA  GLU A  15 ",-0.033274057831628
"HG12 ILE A   7 ","HG13 ILE A   7 ",-7.54115455514896
"HG12 ILE A   7 "," H   ASN A   8 ",-0.023359921870004
"HG12 ILE A   7 "," HA  ALA A  34 ",-0.0174825556698582
"HG12 ILE A   7 "," HB  VAL A  39 ",-0.0200257349876187
"HG12 ILE A   7 "," HH2 TRP A  43 ",-0.0107614223162022
"HG12 ILE A   7 "," H   VAL A  54 ",-0.0113509894341773
"HG12 ILE A   7 "," HB  VAL A  54 ",-0.0177039506351114
"HG13 ILE A   7 "," H   ASN A   8 ",-0.0200092947000659
"HG13 ILE A   7 "," H   GLY A  14 ",-0.0163860055044412
"HG13 ILE A   7 "," HA  GLU A  15 ",-0.0459204171911247
"HG13 ILE A   7 "," H   VAL A  54 ",-0.0187989538119429
" H   ASN A   8 "," HA  ASN A   8 ",-0.308888742712843
" H   ASN A   8 "," HB2 ASN A   8 ",-1.08741223131342
" H   ASN A   8 "," HB3 ASN A   8 ",-0.101218243637156
" H   ASN A   8 ","HD21 ASN A   8 ",-0.0212594925964004
" H   ASN A   8 "," H   GLY A   9 ",-0.13127082846034
" H   ASN A   8 "," HA2 GLY A   9 ",-0.0235689455066419
" H   ASN A   8 "," HA3 GLY A   9 ",-0.0145996926477506
" H   ASN A   8 "," HA  LYS A  13 ",-0.0120287082573571
" H   ASN A   8 "," HG2 LYS A  13 ",-0.0109426626605141
" H   ASN A   8 "," HG3 LYS A  13 ",-0.00819197023873999
" H   ASN A   8 "," H   GLY A  14 ",-0.00968664809891067
" H   ASN A   8 "," H   VAL A  54 ",-0.0619441344357258
" H   ASN A   8 "," H   THR A  55 ",-0.0109339955816253
" H   ASN A   8 "," HA  THR A  55 ",-0.15820604374589
" H   ASN A   8 "," H   GLU A  56 ",-0.0300057592570397
" H   ASN A   8 "," HB2 GLU A  56 ",-0.00927600196964624
" HA  ASN A   8 "," HB2 ASN A   8 ",-0.310443039764879
" HA  ASN A   8 "," HB3 ASN A   8 ",-0.620040462223292
" HA  ASN A   8 ","HD21 ASN A   8 ",-2.10303413736293
" HA  ASN A   8 ","HD22 ASN A   8 ",-0.144277666963362
" HA  ASN A   8 "," H   GLY A   9 ",-0.929195671424415
" HA  ASN A   8 "," HA2 GLY A   9 ",-0.0251722233814447
" HA  ASN A   8 "," HA3 GLY A   9 ",-0.0214788449586015
" HA  ASN A   8 "," HA  LYS A  13 ",-0.118425589153389
" HA  ASN A   8 "," HB2 LYS A  13 ",-0.0127062493849859
" HA  ASN A   8 "," HB3 LYS A  13 ",-0.0273734980842184
" HA  ASN A   8 "," HG2 LYS A  13 ",-1.19217284907169
" HA  ASN A   8 "," HG3 LYS A  13 ",-0.644666583201205
" HA  ASN A   8 "," HD2 LYS A  13 ",-0.02200235271908
" HA  ASN A   8 "," HD3 LYS A  13 ",-0.0652032076422523
" HA  ASN A   8 "," HE2 LYS A  13 ",-0.111178101051672
" HA  ASN A   8 "," HE3 LYS A  13 ",-0.144746062741324
" HA  ASN A   8 "," H   GLY A  14 ",-0.0350180455467644
" HA  ASN A   8 "," HA  THR A  55 ",-0.0125304538389083
" HB2 ASN A   8 "," HB3 ASN A   8 ",-7.39046789484646
" HB2 ASN A   8 ","HD21 ASN A   8 ",-0.108540281331914
" HB2 ASN A   8 ","HD22 ASN A   8 ",-0.0455081590972463
" HB2 ASN A   8 "," H   GLY A   9 ",-0.0248698017499826
" HB2 ASN A   8 "," HG2 LYS A  13 ",-0.00932102253748766
" HB2 ASN A   8 "," HE3 LYS A  13 ",-0.0121336138392436
" HB2 ASN A   8 "," H   VAL A  54 ",-0.0208043533054082
" HB2 ASN A   8 "," H   THR A  55 ",-0.0115691793391129
" HB2 ASN A   8 "," HA  THR A  55 ",-0.446289875803659
" HB2 ASN A   8 "," HB  THR A  55 ",-0.01000116206449
" HB2 ASN A   8 "," HG1 THR A  55 ",-0.0223764276745345
" HB2 ASN A   8 "," H   GLU A  56 ",-0.0264588382772543
" HB3 ASN A   8 ","HD21 ASN A   8 ",-0.749395600409819
" HB3 ASN A   8 ","HD22 ASN A   8 ",-0.095778376335566
" HB3 ASN A   8 "," H   GLY A   9 ",-0.0339487927652727
" HB3 ASN A   8 "," HA2 GLY A   9 ",-0.0194519242869588
" HB3 ASN A   8 "," HG2 LYS A  13 ",-0.0257549635530096
" HB3 ASN A   8 "," HG3 LYS A  13 ",-0.0180827042791429
" HB3 ASN A   8 "," HE2 LYS A  13 ",-0.0421469516496075
" HB3 ASN A   8 "," HE3 LYS A  13 ",-0.157331946005806
" HB3 ASN A   8 "," HA  THR A  55 ",-0.100675488830858
" HB3 ASN A   8 "," H   GLU A  56 ",-0.0246066611787206
"HD21 ASN A   8 ","HD22 ASN A   8 ",-8.34443730235737
"HD21 ASN A   8 "," H   GLY A   9 ",-0.0292194121385709
"HD21 ASN A   8 "," HA  LYS A  13 ",-0.0121131623597953
"HD21 ASN A   8 "," HB3 LYS A  13 ",-0.017732343091477
"HD21 ASN A   8 "," HG2 LYS A  13 ",-0.790182191349344
"HD21 ASN A   8 "," HG3 LYS A  13 ",-0.0630968024117399
"HD21 ASN A   8 "," HD2 LYS A  13 ",-0.0192895598468004
"HD21 ASN A   8 "," HD3 LYS A  13 ",-0.0827442134047198
"HD21 ASN A   8 "," HE2 LYS A  13 ",-1.42786475606904
"HD21 ASN A   8 "," HE3 LYS A  13 ",-0.509556653728682
"HD21 ASN A   8 "," H   GLY A  14 ",-0.0068514280093943
"HD22 ASN A   8 "," HG2 LYS A  13 ",-0.0593386671443919
"HD22 ASN A   8 "," HG3 LYS A  13 ",-0.00773362363867029
"HD22 ASN A   8 "," HD3 LYS A  13 ",-0.0282149061048657
"HD22 ASN A   8 "," HE2 LYS A  13 ",-0.11632887475793
"HD22 ASN A   8 "," HE3 LYS A  13 ",-0.0243545564013135
" H   GLY A   9 "," HA2 GLY A   9 ",-0.342173301487566
" H   GLY A   9 "," HA3 GLY A   9 ",-1.29952696245294
" H   GLY A   9 "," H   LYS A  10 ",-0.0216012807529068
" H   GLY A   9 "," H   THR A  11 ",-0.0150733928212197
" H   GLY A   9 "," H   LEU A  12 ",-0.0218242823131119
" H   GLY A   9 "," HB3 LEU A  12 ",-0.0214330584769316
" H   GLY A   9 "," HG  LEU A  12 ",-0.0196640196642398
" H   GLY A   9 "," H   LYS A  13 ",-0.0148130396438212
" H   GLY A   9 "," HA  LYS A  13 ",-0.668352564398453
" H   GLY A   9 "," HB2 LYS A  13 ",-0.0191423218144187
" H   GLY A   9 "," HB3 LYS A  13 ",-0.0172001319736739
" H   GLY A   9 "," HG2 LYS A  13 ",-0.265517597416136
" H   GLY A   9 "," HG3 LYS A  13 ",-0.779325456815359
" H   GLY A   9 "," HD2 LYS A  13 ",-0.0180714721017583
" H   GLY A   9 "," HD3 LYS A  13 ",-0.0185432761179703
" H   GLY A   9 "," HE2 LYS A  13 ",-0.0252571147621124
" H   GLY A   9 "," HE3 LYS A  13 ",-0.0237169944531749
" H   GLY A   9 "," H   GLY A  14 ",-0.032716150116053
" H   GLY A   9 "," H   GLU A  56 ",-0.00913833631932046
" H   GLY A   9 "," HB2 GLU A  56 ",-0.0100341873207048
" HA2 GLY A   9 "," HA3 GLY A   9 ",-7.53363418142277
" HA2 GLY A   9 "," H   LYS A  10 ",-1.26904858912893
" HA2 GLY A   9 "," HA  LYS A  10 ",-0.0343462810286778
" HA2 GLY A   9 "," HB2 LYS A  10 ",-0.0336829211219607
" HA2 GLY A   9 "," H   THR A  11 ",-0.0559665516665592
" HA2 GLY A   9 "," H   LEU A  12 ",-0.0247765624201754
" HA2 GLY A   9 "," HG3 LYS A  13 ",-0.0169201438476544
" HA2 GLY A   9 "," HA  THR A  55 ",-0.0269208370644789
" HA2 GLY A   9 "," H   GLU A  56 ",-0.115784246306359
" HA2 GLY A   9 "," HA  GLU A  56 ",-0.0180554727903327
" HA2 GLY A   9 "," HB2 GLU A  56 ",-0.321170090316878
" HA2 GLY A   9 "," HB3 GLU A  56 ",-0.206357718215207
" HA2 GLY A   9 "," HG2 GLU A  56 ",-0.157077287576415
" HA2 GLY A   9 "," HG3 GLU A  56 ",-0.330965499571823
" HA3 GLY A   9 "," H   LYS A  10 ",-0.40017865721468
" HA3 GLY A   9 "," HA  LYS A  10 ",-0.0204898365759432
" HA3 GLY A   9 "," HB2 LYS A  10 ",-0.0135861842537552
" HA3 GLY A   9 "," H   THR A  11 ",-0.209297057607414
" HA3 GLY A   9 "," H   LEU A  12 ",-0.267421489180925
" HA3 GLY A   9 "," HA  LEU A  12 ",-0.0125635506268925
" HA3 GLY A   9 "," HB2 LEU A  12 ",-0.0138645514650175
" HA3 GLY A   9 "," HB3 LEU A  12 ",-0.0975083444745155
" HA3 GLY A   9 "," HG  LEU A  12 ",-0.021955280315095
" HA3 GLY A   9 "," HA  LYS A  13 ",-0.0281008790324755
" HA3 GLY A   9 "," HG2 LYS A  13 ",-0.0193612037890352
" HA3 GLY A   9 "," HG3 LYS A  13 ",-0.0345503873517047
" HA3 GLY A   9 "," H   GLU A  56 ",-0.0130620633936156
" HA3 GLY A   9 "," HB2 GLU A  56 ",-0.047431698214809
" HA3 GLY A   9 "," HB3 GLU A  56 ",-0.0256089936691904
" HA3 GLY A   9 "," HG2 GLU A  56 ",-0.0513409042407578
" HA3 GLY A   9 "," HG3 GLU A  56 ",-0.106540110552377
" H   LYS A  10 "," HA  LYS A  10 ",-0.405559754212457
" H   LYS A  10 "," HB2 LYS A  10 ",-1.95631296684568
" H   LYS A  10 "," HB3 LYS A  10 ",-0.327795254514224
" H   LYS A  10 "," HG2 LYS A  10 ",-0.0212755188434573
" H   LYS A  10 "," HG3 LYS A  10 ",-0.0376718616276802
" H   LYS A  10 "," HD2 LYS A  10 ",-0.0300993415790325
" H   LYS A  10 "," HD3 LYS A  10 ",-0.0295612942041456
" H   LYS A  10 "," H   THR A  11 ",-0.792348531868145
" H   LYS A  10 "," H   LEU A  12 ",-0.0445439440080584
" H   LYS A  10 "," H   GLU A  56 ",-0.015647742594653
" H   LYS A  10 "," HB2 GLU A  56 ",-0.311394829347439
" H   LYS A  10 "," HB3 GLU A  56 ",-0.103063160017829
" H   LYS A  10 "," HG2 GLU A  56 ",-0.0389159668928893
" H   LYS A  10 "," HG3 GLU A  56 ",-0.682018646560374
" HA  LYS A  10 "," HB2 LYS A  10 ",-0.575489759528498
" HA  LYS A  10 "," HB3 LYS A  10 ",-0.314122075946748
" HA  LYS A  10 "," HG2 LYS A  10 ",-0.167751779024922
" HA  LYS A  10 "," HG3 LYS A  10 ",-2.07429697814782
" HA  LYS A  10 "," HD2 LYS A  10 ",-0.148486275819689
" HA  LYS A  10 "," HD3 LYS A  10 ",-0.0474126251812591
" HA  LYS A  10 "," HE3 LYS A  10 ",-0.0261708880233424
" HA  LYS A  10 "," H   THR A  11 ",-0.124719853080182
" HA  LYS A  10 "," HA  THR A  11 ",-0.0248372142256456
" HA  LYS A  10 "," HD2 LYS A  13 ",-0.0187036067578985
" HA  LYS A  10 "," HE2 LYS A  13 ",-0.011112428793325
" HA  LYS A  10 "," HE3 LYS A  13 ",-0.0253629756436086
" HA  LYS A  10 "," HB2 GLU A  56 ",-0.00748428726016779
" HA  LYS A  10 "," HG3 GLU A  56 ",-0.00624970895682007
" HB2 LYS A  10 "," HB3 LYS A  10 ",-7.01452998099076
" HB2 LYS A  10 "," HG2 LYS A  10 ",-0.406115147883278
" HB2 LYS A  10 "," HG3 LYS A  10 ",-0.512098868853332
" HB2 LYS A  10 "," HD2 LYS A  10 ",-0.913959780106063
" HB2 LYS A  10 "," HD3 LYS A  10 ",-1.19451974838002
" HB2 LYS A  10 "," HE2 LYS A  10 ",-0.0391636561615183
" HB2 LYS A  10 "," HE3 LYS A  10 ",-0.0345896433752779
" HB2 LYS A  10 "," H   THR A  11 ",-0.0752236358252694
" HB2 LYS A  10 "," HB2 GLU A  56 ",-0.0526057002676137
" HB2 LYS A  10 "," HB3 GLU A  56 ",-0.052903815812494
" HB2 LYS A  10 "," HG3 GLU A  56 ",-0.0330895466090174
" HB3 LYS A  10 "," HG2 LYS A  10 ",-1.48894568263784
" HB3 LYS A  10 "," HG3 LYS A  10 ",-0.417929205947277
" HB3 LYS A  10 "," HD2 LYS A  10 ",-0.119565449989008
" HB3 LYS A  10 "," HD3 LYS A  10 ",-0.218586334341081
" HB3 LYS A  10 "," HE2 LYS A  10 ",-0.0270432234222308
" HB3 LYS A  10 "," HE3 LYS A  10 ",-0.0216975646664797
" HB3 LYS A  10 "," H   THR A  11 ",-0.251058344152404
" HB3 LYS A  10 "," HA  THR A  11 ",-0.0310745594819291
" HB3 LYS A  10 "," H   LEU A  12 ",-0.0126755390252628
" HB3 LYS A  10 "," HB2 GLU A  56 ",-0.00918953033320708
" HB3 LYS A  10 "," HB3 GLU A  56 ",-0.0126960113275656
" HB3 LYS A  10 "," HG3 GLU A  56 ",-0.0190926672103213
" HG2 LYS A  10 "," HG3 LYS A  10 ",-6.72854055145267
" HG2 LYS A  10 "," HD2 LYS A  10 ",-0.268497108220892
" HG2 LYS A  10 "," HD3 LYS A  10 ",-0.735344894540174
" HG2 LYS A  10 "," HE2 LYS A  10 ",-0.643292939385457
" HG2 LYS A  10 "," HE3 LYS A  10 ",-0.563951900369546
" HG2 LYS A  10 "," H   THR A  11 ",-0.0156299554674126
" HG2 LYS A  10 "," HA  THR A  11 ",-0.0112644191986368
" HG3 LYS A  10 "," HD2 LYS A  10 ",-1.0113865310751
" HG3 LYS A  10 "," HD3 LYS A  10 ",-0.250374855871159
" HG3 LYS A  10 "," HE2 LYS A  10 ",-0.131163968120223
" HG3 LYS A  10 "," HE3 LYS A  10 ",-1.11056897913333
" HG3 LYS A  10 "," H   THR A  11 ",-0.0152885511852592
" HD2 LYS A  10 "," HD3 LYS A  10 ",-5.02376711964147
" HD2 LYS A  10 "," HE2 LYS A  10 ",-0.246531285546425
" HD2 LYS A  10 "," HE3 LYS A  10 ",-0.559624052668295
" HD2 LYS A  10 "," HB2 GLU A  56 ",-0.007757802520043
" HD2 LYS A  10 "," HB3 GLU A  56 ",-0.011948424062602
" HD3 LYS A  10 "," HE2 LYS A  10 ",-1.10977570123004
" HD3 LYS A  10 "," HE3 LYS A  10 ",-0.256910424750367
" HE2 LYS A  10 "," HE3 LYS A  10 ",-6.06966344149135
" H   THR A  11 "," HA  THR A  11 ",-0.31217242629574
" H   THR A  11 "," HB  THR A  11 ",-0.073285114852674
" H   THR A  11 "," HG1 THR A  11 ",-0.140080806133086
" H   THR A  11 "," H   LEU A  12 ",-2.80824728998657
" H   THR A  11 "," HA  LEU A  12 ",-0.019915785122302
" H   THR A  11 "," HB2 LEU A  12 ",-0.0171052737391183
" H   THR A  11 "," HB3 LEU A  12 ",-0.0336399679418777
" H   THR A  11 "," HG3 LYS A  13 ",-0.0120832789461355
" H   THR A  11 "," HG3 GLU A  56 ",-0.0471942114483559
" HA  THR A  11 "," HB  THR A  11 ",-0.982599623837147
" HA  THR A  11 "," HG1 THR A  11 ",-0.0698896271491135
" HA  THR A  11 "," H   LEU A  12 ",-0.106521628828907
" HA  THR A  11 "," HA  LEU A  12 ",-0.0232569659766318
" HA  THR A  11 "," HG3 LYS A  13 ",-0.00976788075315477
" HB  THR A  11 "," HG1 THR A  11 ",-2.38040597069741
" HB  THR A  11 "," H   LEU A  12 ",-0.112591621197585
" HB  THR A  11 "," HA  LEU A  12 ",-0.0279566716182697
" HB  THR A  11 "," HB2 LEU A  12 ",-0.0221714058585055
" HB  THR A  11 "," HB3 LEU A  12 ",-0.0101615049001647
" HG1 THR A  11 "," H   LEU A  12 ",-0.898483396756642
" HG1 THR A  11 "," HA  LEU A  12 ",-0.0518547475738041
" HG1 THR A  11 "," HB2 LEU A  12 ",-0.198354318189962
" HG1 THR A  11 "," HB3 LEU A  12 ",-0.0943916319198023
" H   LEU A  12 "," HA  LEU A  12 ",-0.330096019826742
" H   LEU A  12 "," HB2 LEU A  12 ",-0.495919554906328
" H   LEU A  12 "," HB3 LEU A  12 ",-0.882739161930528
" H   LEU A  12 "," HG  LEU A  12 ",-0.0328802545613812
" H   LEU A  12 "," H   LYS A  13 ",-0.0276736698960015
" H   LEU A  12 "," HG3 LYS A  13 ",-0.0144085162409774
" H   LEU A  12 "," HG3 GLU A  56 ",-0.0145490793264298
" HA  LEU A  12 "," HB2 LEU A  12 ",-1.10493357894992
" HA  LEU A  12 "," HB3 LEU A  12 ",-0.297642739550325
" HA  LEU A  12 "," HG  LEU A  12 ",-0.174667511055287
" HA  LEU A  12 "," H   LYS A  13 ",-2.21728208083944
" HA  LEU A  12 "," HA  LYS A  13 ",-0.030224007960786
" HA  LEU A  12 "," HB2 LYS A  13 ",-0.0378377240007788
" HA  LEU A  12 "," HG2 LYS A  13 ",-0.00805838762703966
" HA  LEU A  12 "," HG3 LYS A  13 ",-0.0173242677473076
" HB2 LEU A  12 "," HB3 LEU A  12 ",-6.87418985142966
" HB2 LEU A  12 "," HG  LEU A  12 ",-0.274169475765074
" HB2 LEU A  12 "," H   LYS A  13 ",-0.0404902861248554
" HB2 LEU A  12 "," HB3 ASN A  37 ",-0.0223461590481881
" HB3 LEU A  12 "," HG  LEU A  12 ",-1.08368954369181
" HB3 LEU A  12 "," H   LYS A  13 ",-0.0413719791572458
" HB3 LEU A  12 "," HA  LYS A  13 ",-0.0197808975149229
" HB3 LEU A  12 "," H   GLY A  14 ",-0.00790849023292666
" HB3 LEU A  12 "," HB3 ASN A  37 ",-0.0193842676142825
" HB3 LEU A  12 "," HB  VAL A  39 ",-0.00919157451838544
" HG  LEU A  12 "," H   LYS A  13 ",-0.187858718177981
" HG  LEU A  12 "," HA  LYS A  13 ",-0.0662722838863564
" HG  LEU A  12 "," H   GLY A  14 ",-0.0789539677684619
" HG  LEU A  12 "," HA3 GLY A  14 ",-0.0204943289461868
" HG  LEU A  12 "," HB3 ASN A  37 ",-0.0264056145580956
" HG  LEU A  12 "," HB  VAL A  39 ",-0.0104218169327712
" H   LYS A  13 "," HA  LYS A  13 ",-0.317763985618528
" H   LYS A  13 "," HB2 LYS A  13 ",-0.668676300848428
" H   LYS A  13 "," HB3 LYS A  13 ",-0.0951295794413041
" H   LYS A  13 "," HG2 LYS A  13 ",-0.0286650316651158
" H   LYS A  13 "," HG3 LYS A  13 ",-0.0478225898361926
" H   LYS A  13 "," HD2 LYS A  13 ",-0.0137434530543232
" H   LYS A  13 "," HD3 LYS A  13 ",-0.0104405976548474
" H   LYS A  13 "," H   GLY A  14 ",-0.0659287956373378
" H   LYS A  13 "," HA2 GLY A  14 ",-0.0155261675718797
" H   LYS A  13 "," HA3 GLY A  14 ",-0.0210319813612066
" HA  LYS A  13 "," HB2 LYS A  13 ",-0.325298645361132
" HA  LYS A  13 "," HB3 LYS A  13 ",-0.603255925319194
" HA  LYS A  13 "," HG2 LYS A  13 ",-0.822646343462885
" HA  LYS A  13 "," HG3 LYS A  13 ",-0.703102090716963
" HA  LYS A  13 "," HD2 LYS A  13 ",-0.0329291248561933
" HA  LYS A  13 "," HD3 LYS A  13 ",-0.0498426613774522
" HA  LYS A  13 "," HE2 LYS A  13 ",-0.0115331185085661
" HA  LYS A  13 "," HE3 LYS A  13 ",-0.0129656663863366
" HA  LYS A  13 "," H   GLY A  14 ",-1.47325625674896
" HA  LYS A  13 "," HA2 GLY A  14 ",-0.0300608720441913
" HA  LYS A  13 "," HA3 GLY A  14 ",-0.0293507658432641
" HB2 LYS A  13 "," HB3 LYS A  13 ",-6.44915076501778
" HB2 LYS A  13 "," HG2 LYS A  13 ",-0.244370384935944
" HB2 LYS A  13 "," HG3 LYS A  13 ",-0.848274016558073
" HB2 LYS A  13 "," HD2 LYS A  13 ",-0.46635363866781
" HB2 LYS A  13 "," HD3 LYS A  13 ",-0.460688317916935
" HB2 LYS A  13 "," HE2 LYS A  13 ",-0.019805741604525
" HB2 LYS A  13 "," HE3 LYS A  13 ",-0.0305834682963373
" HB2 LYS A  13 "," H   GLY A  14 ",-0.0272269594118552
" HB3 LYS A  13 "," HG2 LYS A  13 ",-0.752571849486954
" HB3 LYS A  13 "," HG3 LYS A  13 ",-0.246597029368024
" HB3 LYS A  13 "," HD2 LYS A  13 ",-0.500868900012581
" HB3 LYS A  13 "," HD3 LYS A  13 ",-0.569284272895469
" HB3 LYS A  13 "," HE2 LYS A  13 ",-0.0343779848337227
" HB3 LYS A  13 "," HE3 LYS A  13 ",-0.0235451229715522
" HB3 LYS A  13 "," H   GLY A  14 ",-0.101201143602078
" HB3 LYS A  13 "," HA2 GLY A  14 ",-0.0423032838533621
" HB3 LYS A  13 "," HA3 GLY A  14 ",-0.0127927611038995
" HG2 LYS A  13 "," HG3 LYS A  13 ",-3.82829727291208
" HG2 LYS A  13 "," HD2 LYS A  13 ",-0.156376647237915
" HG2 LYS A  13 "," HD3 LYS A  13 ",-0.532842904121121
" HG2 LYS A  13 "," HE2 LYS A  13 ",-0.665476313855019
" HG2 LYS A  13 "," HE3 LYS A  13 ",-0.354466328743607
" HG2 LYS A  13 "," H   GLY A  14 ",-0.0663793657239379
" HG3 LYS A  13 "," HD2 LYS A  13 ",-0.592510349504951
" HG3 LYS A  13 "," HD3 LYS A  13 ",-0.154493520530476
" HG3 LYS A  13 "," HE2 LYS A  13 ",-0.131089482404319
" HG3 LYS A  13 "," HE3 LYS A  13 ",-1.13856575819777
" HG3 LYS A  13 "," H   GLY A  14 ",-0.0279518907494981
" HD2 LYS A  13 "," HD3 LYS A  13 ",-4.14599765519372
" HD2 LYS A  13 "," HE2 LYS A  13 ",-0.153533819917746
" HD2 LYS A  13 "," HE3 LYS A  13 ",-0.413590624122357
" HD3 LYS A  13 "," HE2 LYS A  13 ",-0.652782256921876
" HD3 LYS A  13 "," HE3 LYS A  13 ",-0.153986631032131
" HE2 LYS A  13 "," HE3 LYS A  13 ",-3.8051461636984
" H   GLY A  14 "," HA2 GLY A  14 ",-0.350782895460612
" H   GLY A  14 "," HA3 GLY A  14 ",-0.551260434242748
" H   GLY A  14 "," H   GLU A  15 ",-0.0299167200628432
" H   GLY A  14 "," HA  GLU A  15 ",-0.0205188416257632
" H   GLY A  14 "," HG2 GLU A  15 ",-0.00765483918718898
" HA2 GLY A  14 "," HA3 GLY A  14 ",-7.62552183164426
" HA2 GLY A  14 "," H   GLU A  15 ",-0.600283553444587
" HA2 GLY A  14 "," HA  GLU A  15 ",-0.0253149054984422
" HA2 GLY A  14 "," HB2 GLU A  15 ",-0.0359191062440298
" HA2 GLY A  14 "," HG2 GLU A  15 ",-0.0235811698351509
" HA2 GLY A  14 "," HG3 GLU A  15 ",-0.101853216559318
" HA3 GLY A  14 "," H   GLU A  15 ",-1.0526528483875
" HA3 GLY A  14 "," HA  GLU A  15 ",-0.0335675224259929
" HA3 GLY A  14 "," HB2 GLU A  15 ",-0.0146913326648977
" HA3 GLY A  14 "," HG2 GLU A  15 ",-0.00799311314909509
" HA3 GLY A  14 "," HG3 GLU A  15 ",-0.0186425711916653
" H   GLU A  15 "," HA  GLU A  15 ",-0.329521266249584
" H   GLU A  15 "," HB2 GLU A  15 ",-0.259321238353589
" H   GLU A  15 "," HB3 GLU A  15 ",-0.104240102999686
" H   GLU A  15 "," HG2 GLU A  15 ",-0.0379837965562518
" H   GLU A  15 "," HG3 GLU A  15 ",-0.200277902336975
" H   GLU A  15 "," H   THR A  16 ",-0.0284063935907868
" H   GLU A  15 "," HA  THR A  16 ",-0.0156208268653687
" H   GLU A  15 "," HB  THR A  16 ",-0.0221313126916181
" HA  GLU A  15 "," HB2 GLU A  15 ",-0.372199923179004
" HA  GLU A  15 "," HB3 GLU A  15 ",-0.649712050771087
" HA  GLU A  15 "," HG2 GLU A  15 ",-0.233268251529147
" HA  GLU A  15 "," HG3 GLU A  15 ",-0.555713028093318
" HA  GLU A  15 "," H   THR A  16 ",-1.17680437454469
" HA  GLU A  15 "," HA  THR A  16 ",-0.0251790197393267
" HA  GLU A  15 "," HB  THR A  16 ",-0.0334580755794509
" HB2 GLU A  15 "," HB3 GLU A  15 ",-4.06924720724829
" HB2 GLU A  15 "," HG2 GLU A  15 ",-0.16883918594348
" HB2 GLU A  15 "," HG3 GLU A  15 ",-0.534059608136313
" HB2 GLU A  15 "," H   THR A  16 ",-0.0922533228159517
" HB2 GLU A  15 "," HA  THR A  16 ",-0.0221470069977006
" HB3 GLU A  15 "," HG2 GLU A  15 ",-0.64680740087289
" HB3 GLU A  15 "," HG3 GLU A  15 ",-0.168106579150423
" HB3 GLU A  15 "," H   THR A  16 ",-0.36637625773188
" HB3 GLU A  15 "," HA  THR A  16 ",-0.0356193052161259
" HG2 GLU A  15 "," HG3 GLU A  15 ",-4.31566766485987
" HG2 GLU A  15 "," H   THR A  16 ",-0.980529723870378
" HG2 GLU A  15 "," HA  THR A  16 ",-0.0148232423154959
" HG3 GLU A  15 "," H   THR A  16 ",-0.107695344482929
" H   THR A  16 "," HA  THR A  16 ",-0.380494908142566
" H   THR A  16 "," HB  THR A  16 ",-0.129693244836532
" H   THR A  16 "," HG1 THR A  16 ",-0.0138187092591718
" H   THR A  16 "," H   THR A  17 ",-0.0309518256572997
" H   THR A  16 "," HA  THR A  17 ",-0.021885593573151
" HA  THR A  16 "," HB  THR A  16 ",-0.973496609951159
" HA  THR A  16 "," HG1 THR A  16 ",-0.309078005677601
" HA  THR A  16 "," H   THR A  17 ",-0.904242894597825
" HA  THR A  16 "," HA  THR A  17 ",-0.0269736870739275
" HA  THR A  16 "," HG1 THR A  17 ",-0.024602517820834
" HB  THR A  16 "," HG1 THR A  16 ",-1.8354387731188
" HB  THR A  16 "," H   THR A  17 ",-0.0937808421613324
" HB  THR A  16 "," HH  TYR A  33 ",-0.0531948723578159
" HG1 THR A  16 "," H   THR A  17 ",-0.426572913417856
" HG1 THR A  16 "," HG1 THR A  17 ",-0.00891707319036535
" HG1 THR A  16 "," HG1 THR A  18 ",-0.00796827550568008
" HG1 THR A  16 "," HH  TYR A  33 ",-0.0198148875526276
" H   THR A  17 "," HA  THR A  17 ",-0.324650356154473
" H   THR A  17 "," HB  THR A  17 ",-0.0688275625339752
" H   THR A  17 "," HG1 THR A  17 ",-0.865502704819891
" H   THR A  17 "," H   THR A  18 ",-0.0279315434878046
" H   THR A  17 "," HA  THR A  18 ",-0.0164540469098587
" H   THR A  17 "," HB  THR A  18 ",-0.00957965579559944
" H   THR A  17 "," HG1 THR A  18 ",-0.00908978271119711
" HA  THR A  17 "," HB  THR A  17 ",-0.885289297378568
" HA  THR A  17 "," HG1 THR A  17 ",-0.0844009999072972
" HA  THR A  17 "," H   THR A  18 ",-1.1618623203184
" HA  THR A  17 "," HA  THR A  18 ",-0.0260236401316738
" HA  THR A  17 "," HB  THR A  18 ",-0.0271510101226616
" HA  THR A  17 "," HG1 THR A  18 ",-0.012500954306414
" HA  THR A  17 "," HZ  PHE A  30 ",-0.208879807689685
" HB  THR A  17 "," HG1 THR A  17 ",-1.27738885308019
" HB  THR A  17 "," H   THR A  18 ",-1.22066168603977
" HB  THR A  17 "," HA  THR A  18 ",-0.042213927134401
" HB  THR A  17 "," HG3 LYS A  19 ",-0.00789433365274374
" HB  THR A  17 "," HZ  PHE A  30 ",-0.0147611933822913
" HG1 THR A  17 "," H   THR A  18 ",-0.0492037160705939
" HG1 THR A  17 "," HA  THR A  18 ",-0.0266039939175502
" H   THR A  18 "," HA  THR A  18 ",-0.35203092854668
" H   THR A  18 "," HB  THR A  18 ",-0.170205800515801
" H   THR A  18 "," HG1 THR A  18 ",-0.0293376934347391
" H   THR A  18 "," H   LYS A  19 ",-0.0318595688627218
" H   THR A  18 "," HA  LYS A  19 ",-0.0221487606494914
" H   THR A  18 "," HG3 LYS A  19 ",-0.010421600291881
" H   THR A  18 "," HZ  PHE A  30 ",-0.227906651765437
" HA  THR A  18 "," HB  THR A  18 ",-0.443954545650705
" HA  THR A  18 "," HG1 THR A  18 ",-0.181408913705036
" HA  THR A  18 "," H   LYS A  19 ",-1.44126481484742
" HA  THR A  18 "," HA  LYS A  19 ",-0.0296964704045104
" HA  THR A  18 "," HB2 LYS A  19 ",-0.0340222821513385
" HA  THR A  18 "," HB3 LYS A  19 ",-0.0152633415233753
" HA  THR A  18 "," HG3 LYS A  19 ",-0.0164216848311232
" HA  THR A  18 "," HZ  PHE A  30 ",-0.0129508416170431
" HB  THR A  18 "," HG1 THR A  18 ",-0.309230486100465
" HB  THR A  18 "," H   LYS A  19 ",-0.100198679090022
" HB  THR A  18 "," HA  LYS A  19 ",-0.0184479217426192
" HB  THR A  18 "," HZ  PHE A  30 ",-0.105844182994908
" HG1 THR A  18 "," H   LYS A  19 ",-0.144352605817687
" HG1 THR A  18 "," HA  LYS A  19 ",-0.0113977944280376
" HG1 THR A  18 "," HB3 LYS A  19 ",-0.00608692440198971
" HG1 THR A  18 "," H   ALA A  20 ",-0.0142031067966356
" HG1 THR A  18 "," HA  ALA A  20 ",-0.00886699039034225
" HG1 THR A  18 "," HA  ALA A  26 ",-0.0214965665249536
" HG1 THR A  18 "," HA  PHE A  30 ",-0.00985500633675536
" HG1 THR A  18 "," HZ  PHE A  30 ",-0.0298802806243403
" H   LYS A  19 "," HA  LYS A  19 ",-0.321655436209554
" H   LYS A  19 "," HB2 LYS A  19 ",-0.50072040583274
" H   LYS A  19 "," HB3 LYS A  19 ",-0.436969999458779
" H   LYS A  19 "," HG2 LYS A  19 ",-0.0228694257167933
" H   LYS A  19 "," HG3 LYS A  19 ",-0.0399129280798421
" H   LYS A  19 "," HD2 LYS A  19 ",-0.0121394469193622
" H   LYS A  19 "," HD3 LYS A  19 ",-0.00858434807258575
" H   LYS A  19 "," H   ALA A  20 ",-0.0380702552749286
" HA  LYS A  19 "," HB2 LYS A  19 ",-0.625757883738065
" HA  LYS A  19 "," HB3 LYS A  19 ",-0.386924033148505
" HA  LYS A  19 "," HG2 LYS A  19 ",-0.473907970488864
" HA  LYS A  19 "," HG3 LYS A  19 ",-0.2642137157148
" HA  LYS A  19 "," HD2 LYS A  19 ",-0.015522827199719
" HA  LYS A  19 "," HD3 LYS A  19 ",-0.0142488452164319
" HA  LYS A  19 "," HE2 LYS A  19 ",-0.0300156971160391
" HA  LYS A  19 "," H   ALA A  20 ",-1.86773394399447
" HA  LYS A  19 "," HA  ALA A  20 ",-0.029438636702038
" HB2 LYS A  19 "," HB3 LYS A  19 ",-3.76655856131912
" HB2 LYS A  19 "," HG2 LYS A  19 ",-0.172468028867821
" HB2 LYS A  19 "," HG3 LYS A  19 ",-0.70070235938289
" HB2 LYS A  19 "," HD2 LYS A  19 ",-0.0981523333672012
" HB2 LYS A  19 "," HD3 LYS A  19 ",-0.297952630979051
" HB2 LYS A  19 "," HE2 LYS A  19 ",-0.130663231247125
" HB2 LYS A  19 "," HE3 LYS A  19 ",-0.0647695750298849
" HB2 LYS A  19 "," H   ALA A  20 ",-0.0277366529922656
" HB3 LYS A  19 "," HG2 LYS A  19 ",-0.444831746025594
" HB3 LYS A  19 "," HG3 LYS A  19 ",-0.164365865870496
" HB3 LYS A  19 "," HD2 LYS A  19 ",-1.11874783306208
" HB3 LYS A  19 "," HD3 LYS A  19 ",-0.117448285704577
" HB3 LYS A  19 "," HE2 LYS A  19 ",-0.915053643329838
" HB3 LYS A  19 "," HE3 LYS A  19 ",-0.120132572608953
" HB3 LYS A  19 "," H   ALA A  20 ",-0.0823107983784996
" HB3 LYS A  19 "," HA  ALA A  20 ",-0.0287935380983381
" HG2 LYS A  19 "," HG3 LYS A  19 ",-3.98971193681272
" HG2 LYS A  19 "," HD2 LYS A  19 ",-0.584372076130291
" HG2 LYS A  19 "," HD3 LYS A  19 ",-0.737485344672792
" HG2 LYS A  19 "," HE2 LYS A  19 ",-0.451536194547333
" HG2 LYS A  19 "," HE3 LYS A  19 ",-0.0820616192544693
" HG2 LYS A  19 "," H   ALA A  20 ",-0.070838401615094
" HG2 LYS A  19 "," HA  ALA A  20 ",-0.0259057768571045
" HG3 LYS A  19 "," HD2 LYS A  19 ",-0.36664752666958
" HG3 LYS A  19 "," HD3 LYS A  19 ",-0.545454730479723
" HG3 LYS A  19 "," HE2 LYS A  19 ",-1.11882430097226
" HG3 LYS A  19 "," HE3 LYS A  19 ",-0.0990228845870909
" HG3 LYS A  19 "," H   ALA A  20 ",-0.0168269399622975
" HD2 LYS A  19 "," HD3 LYS A  19 ",-5.09415845013701
" HD2 LYS A  19 "," HE2 LYS A  19 ",-0.253853060702318
" HD2 LYS A  19 "," HE3 LYS A  19 ",-0.867919310600146
" HD3 LYS A  19 "," HE2 LYS A  19 ",-0.289146101616767
" HD3 LYS A  19 "," HE3 LYS A  19 ",-0.244400020150599
" HE2 LYS A  19 "," HE3 LYS A  19 ",-3.76009677967
" HE2 LYS A  19 "," H   ALA A  20 ",-0.0113046833047954
" H   ALA A  20 "," HA  ALA A  20 ",-0.330665625104996
" H   ALA A  20 "," H   VAL A  21 ",-0.0291475228255971
" H   ALA A  20 "," HA  VAL A  21 ",-0.0140141665898192
" H   ALA A  20 "," H   ASP A  22 ",-0.0147886654542217
" HA  ALA A  20 "," H   VAL A  21 ",-1.6852472477256
" HA  ALA A  20 "," HA  VAL A  21 ",-0.0348867279819148
" HA  ALA A  20 "," HB  VAL A  21 ",-0.0102824794569951
" HA  ALA A  20 "," H   ASP A  22 ",-0.0508939354991603
" HA  ALA A  20 "," HB  THR A  25 ",-0.025976330456917
" H   VAL A  21 "," HA  VAL A  21 ",-0.443813098558279
" H   VAL A  21 "," HB  VAL A  21 ",-0.308523312986925
" H   VAL A  21 "," H   ASP A  22 ",-0.560679094738075
" H   VAL A  21 "," HB  THR A  25 ",-0.0745443884633662
" H   VAL A  21 "," HG1 THR A  25 ",-0.0137373405474549
" HA  VAL A  21 "," HB  VAL A  21 ",-0.475802323487465
" HA  VAL A  21 "," H   ASP A  22 ",-0.117049946637703
" HA  VAL A  21 "," HA  ASP A  22 ",-0.0257135681448705
" HB  VAL A  21 "," H   ASP A  22 ",-0.281497964360105
" HB  VAL A  21 "," HA  ASP A  22 ",-0.0190891582119866
" HB  VAL A  21 "," HB3 ASP A  22 ",-0.0345927650216754
" HB  VAL A  21 "," HB  THR A  25 ",-0.020172366710562
" HB  VAL A  21 "," HG1 THR A  25 ",-0.0144957235744629
" H   ASP A  22 "," HA  ASP A  22 ",-0.335287851888568
" H   ASP A  22 "," HB2 ASP A  22 ",-0.0719979256947939
" H   ASP A  22 "," HB3 ASP A  22 ",-0.103482031288103
" H   ASP A  22 "," H   ALA A  23 ",-0.0290241166576619
" H   ASP A  22 "," HA  ALA A  23 ",-0.0148295641276052
" H   ASP A  22 "," H   GLU A  24 ",-0.0187768481537502
" H   ASP A  22 "," H   THR A  25 ",-0.0859802958026535
" H   ASP A  22 "," HB  THR A  25 ",-0.550028342105079
" H   ASP A  22 "," HG1 THR A  25 ",-0.0211121787004734
" H   ASP A  22 "," H   ALA A  26 ",-0.037406362885854
" HA  ASP A  22 "," HB2 ASP A  22 ",-0.681174326999575
" HA  ASP A  22 "," HB3 ASP A  22 ",-1.37611163130411
" HA  ASP A  22 "," H   ALA A  23 ",-1.1187025227767
" HA  ASP A  22 "," HA  ALA A  23 ",-0.0348380376562122
" HA  ASP A  22 "," H   GLU A  24 ",-0.0404378123982259
" HA  ASP A  22 "," H   THR A  25 ",-0.0174729331521859
" HA  ASP A  22 "," HB  THR A  25 ",-0.00952649714912627
" HB2 ASP A  22 "," HB3 ASP A  22 ",-7.24513719667603
" HB2 ASP A  22 "," H   ALA A  23 ",-1.10987044734148
" HB2 ASP A  22 "," HA  ALA A  23 ",-0.0220446086703239
" HB2 ASP A  22 "," H   GLU A  24 ",-1.2766396931129
" HB2 ASP A  22 "," HA  GLU A  24 ",-0.0116277599487974
" HB2 ASP A  22 "," HB2 GLU A  24 ",-0.0363583269694496
" HB2 ASP A  22 "," HB3 GLU A  24 ",-0.185144481786581
" HB2 ASP A  22 "," H   THR A  25 ",-0.111447620284803
" HB2 ASP A  22 "," HB  THR A  25 ",-0.013016881465081
" HB2 ASP A  22 "," H   ALA A  26 ",-0.0119992238063882
" HB3 ASP A  22 "," H   ALA A  23 ",-0.122190687917881
" HB3 ASP A  22 "," H   GLU A  24 ",-0.0439358070605731
" HB3 ASP A  22 "," HB3 GLU A  24 ",-0.0219471592082728
" HB3 ASP A  22 "," H   THR A  25 ",-0.0203761112004595
" H   ALA A  23 "," HA  ALA A  23 ",-0.412099041631681
" H   ALA A  23 "," H   GLU A  24 ",-0.670028975350933
" H   ALA A  23 "," HB2 GLU A  24 ",-0.0127197631319611
" H   ALA A  23 "," HB3 GLU A  24 ",-0.0209235767945154
" H   ALA A  23 "," H   THR A  25 ",-0.0307626000875566
" H   ALA A  23 "," H   ALA A  26 ",-0.0164929703028492
" H   ALA A  23 "," HH  TYR A  45 ",-0.0111974376435991
" H   ALA A  23 "," HZ  PHE A  52 ",-0.0104990291221128
" HA  ALA A  23 "," H   GLU A  24 ",-0.126764241375673
" HA  ALA A  23 "," HA  GLU A  24 ",-0.0185370886846183
" HA  ALA A  23 "," H   THR A  25 ",-0.0341282478424072
" HA  ALA A  23 "," H   ALA A  26 ",-0.178459608368393
" HA  ALA A  23 "," H   GLU A  27 ",-0.0403910507231545
" HA  ALA A  23 "," HH  TYR A  45 ",-0.00846201661906447
" HA  ALA A  23 "," HZ  PHE A  52 ",-0.285365188534658
" H   GLU A  24 "," HA  GLU A  24 ",-0.4020970048701
" H   GLU A  24 "," HB2 GLU A  24 ",-0.499664582092559
" H   GLU A  24 "," HB3 GLU A  24 ",-1.18653879122529
" H   GLU A  24 "," HG2 GLU A  24 ",-0.0311537850997729
" H   GLU A  24 "," HG3 GLU A  24 ",-0.0256756069309694
" H   GLU A  24 "," H   THR A  25 ",-0.517500316001734
" H   GLU A  24 "," HB  THR A  25 ",-0.0122636536181062
" H   GLU A  24 "," H   ALA A  26 ",-0.0680694812212212
" H   GLU A  24 "," H   GLU A  27 ",-0.019919409727524
" HA  GLU A  24 "," HB2 GLU A  24 ",-1.24619017562851
" HA  GLU A  24 "," HB3 GLU A  24 ",-0.294311959127889
" HA  GLU A  24 "," HG2 GLU A  24 ",-0.113798918138282
" HA  GLU A  24 "," HG3 GLU A  24 ",-0.688785281691656
" HA  GLU A  24 "," H   THR A  25 ",-0.100284585027555
" HA  GLU A  24 "," HA  THR A  25 ",-0.0184303030508081
" HA  GLU A  24 "," H   ALA A  26 ",-0.0403104163329789
" HA  GLU A  24 "," H   GLU A  27 ",-0.124629864084401
" HA  GLU A  24 "," HB2 GLU A  27 ",-0.256381954340987
" HA  GLU A  24 "," HB3 GLU A  27 ",-0.146994245887157
" HA  GLU A  24 "," HG2 GLU A  27 ",-0.015603194870598
" HA  GLU A  24 "," H   LYS A  28 ",-0.0161242999554586
" HA  GLU A  24 "," HD3 LYS A  28 ",-0.012376433892028
" HB2 GLU A  24 "," HB3 GLU A  24 ",-7.45755488905094
" HB2 GLU A  24 "," HG2 GLU A  24 ",-0.318806226030883
" HB2 GLU A  24 "," HG3 GLU A  24 ",-0.706140541227395
" HB2 GLU A  24 "," H   THR A  25 ",-0.0577747054129274
" HB3 GLU A  24 "," HG2 GLU A  24 ",-1.47510325404405
" HB3 GLU A  24 "," HG3 GLU A  24 ",-0.316191324872951
" HB3 GLU A  24 "," H   THR A  25 ",-0.837764383578748
" HB3 GLU A  24 "," HA  THR A  25 ",-0.0272942174253381
" HB3 GLU A  24 "," HB  THR A  25 ",-0.022290111214276
" HB3 GLU A  24 "," HG1 THR A  25 ",-0.00909182182093747
" HB3 GLU A  24 "," H   ALA A  26 ",-0.0182181416104957
" HG2 GLU A  24 "," HG3 GLU A  24 ",-7.2570328207097
" HG2 GLU A  24 "," H   THR A  25 ",-0.166957838103111
" HG2 GLU A  24 "," HA  THR A  25 ",-0.121123317975515
" HG2 GLU A  24 "," HB  THR A  25 ",-0.0219965591089425
" HG2 GLU A  24 "," HG1 THR A  25 ",-0.0200676077714596
" HG2 GLU A  24 "," HB2 GLU A  27 ",-0.00757338561493025
" HG2 GLU A  24 "," HD2 LYS A  28 ",-0.0125235266234081
" HG2 GLU A  24 "," HD3 LYS A  28 ",-0.0205029562162567
" HG2 GLU A  24 "," HE2 LYS A  28 ",-0.0123542916741072
" HG2 GLU A  24 "," HE3 LYS A  28 ",-0.0209359212120751
" HG3 GLU A  24 "," H   THR A  25 ",-0.0389760160120285
" HG3 GLU A  24 "," HA  THR A  25 ",-0.0325024082835917
" HG3 GLU A  24 "," H   GLU A  27 ",-0.0129904937474593
" HG3 GLU A  24 "," HB2 GLU A  27 ",-0.0256959429204616
" HG3 GLU A  24 "," HB3 GLU A  27 ",-0.0299194197968564
" HG3 GLU A  24 "," H   LYS A  28 ",-0.0103776133600002
" HG3 GLU A  24 "," HD2 LYS A  28 ",-0.0228678133538381
" HG3 GLU A  24 "," HD3 LYS A  28 ",-0.0478421491696253
" HG3 GLU A  24 "," HE2 LYS A  28 ",-0.0118223246926166
" HG3 GLU A  24 "," HE3 LYS A  28 ",-0.0119702602072472
" H   THR A  25 "," HA  THR A  25 ",-0.404997318120807
" H   THR A  25 "," HB  THR A  25 ",-0.833214815077564
" H   THR A  25 "," HG1 THR A  25 ",-0.055037646561563
" H   THR A  25 "," H   ALA A  26 ",-0.863891740279596
" H   THR A  25 "," H   GLU A  27 ",-0.0530356497215943
" HA  THR A  25 "," HB  THR A  25 ",-0.457948179039377
" HA  THR A  25 "," HG1 THR A  25 ",-0.820883803774168
" HA  THR A  25 "," H   ALA A  26 ",-0.117942297326408
" HA  THR A  25 "," HA  ALA A  26 ",-0.0193276504230454
" HA  THR A  25 "," H   GLU A  27 ",-0.0429060829296721
" HA  THR A  25 "," HB3 GLU A  27 ",-0.0126131491859682
" HA  THR A  25 "," H   LYS A  28 ",-0.0561001554029643
" HA  THR A  25 "," HB2 LYS A  28 ",-0.0786151650573719
" HA  THR A  25 "," HD2 LYS A  28 ",-0.0219801207319317
" HA  THR A  25 "," HD3 LYS A  28 ",-0.191217701193907
" HA  THR A  25 "," HE2 LYS A  28 ",-0.135905828687751
" HA  THR A  25 "," HE3 LYS A  28 ",-0.0666568887296653
" HA  THR A  25 "," H   ALA A  29 ",-0.0140096814134745
" HB  THR A  25 "," HG1 THR A  25 ",-0.553077949445666
" HB  THR A  25 "," H   ALA A  26 ",-0.188699377604344
" HB  THR A  25 "," HA  ALA A  26 ",-0.0172332497087714
" HG1 THR A  25 "," H   ALA A  26 ",-0.0146687985538098
" HG1 THR A  25 "," HB2 LYS A  28 ",-0.0144757341873553
" HG1 THR A  25 "," HD3 LYS A  28 ",-0.0204436942204314
" HG1 THR A  25 "," HE2 LYS A  28 ",-0.0126250555338619
" HG1 THR A  25 "," HE3 LYS A  28 ",-0.0170609557498659
" H   ALA A  26 "," HA  ALA A  26 ",-0.372127044171467
" H   ALA A  26 "," H   GLU A  27 ",-1.02546953709471
" H   ALA A  26 "," HB2 GLU A  27 ",-0.0252015128101162
" H   ALA A  26 "," HB3 GLU A  27 ",-0.0160298012083223
" H   ALA A  26 "," H   LYS A  28 ",-0.0296206106448898
" HA  ALA A  26 "," H   GLU A  27 ",-0.118315064743592
" HA  ALA A  26 "," HA  GLU A  27 ",-0.0166126028541736
" HA  ALA A  26 "," H   LYS A  28 ",-0.0435024538514437
" HA  ALA A  26 "," HB2 LYS A  28 ",-0.0162791550509196
" HA  ALA A  26 "," H   ALA A  29 ",-0.169760775187029
" HA  ALA A  26 "," H   PHE A  30 ",-0.0629547204815301
" H   GLU A  27 "," HA  GLU A  27 ",-0.454773388870644
" H   GLU A  27 "," HB2 GLU A  27 ",-1.51790347607614
" H   GLU A  27 "," HB3 GLU A  27 ",-0.617507470652446
" H   GLU A  27 "," HG2 GLU A  27 ",-0.0231638174824789
" H   GLU A  27 "," HG3 GLU A  27 ",-0.0368333943363988
" H   GLU A  27 "," H   LYS A  28 ",-0.408571080333283
" H   GLU A  27 "," HB2 LYS A  28 ",-0.021022225817154
" H   GLU A  27 "," HD3 LYS A  28 ",-0.0220368424476634
" H   GLU A  27 "," H   ALA A  29 ",-0.0351189366270734
" H   GLU A  27 "," H   PHE A  30 ",-0.0206940730984576
" H   GLU A  27 "," HB2 PHE A  30 ",-0.0200031886397978
" H   GLU A  27 "," HZ  PHE A  52 ",-0.0108576742541502
" HA  GLU A  27 "," HB2 GLU A  27 ",-0.824805237937743
" HA  GLU A  27 "," HB3 GLU A  27 ",-0.293109204514008
" HA  GLU A  27 "," HG2 GLU A  27 ",-0.125892985754338
" HA  GLU A  27 "," HG3 GLU A  27 ",-1.24594473517209
" HA  GLU A  27 "," H   LYS A  28 ",-0.109851020326564
" HA  GLU A  27 "," HA  LYS A  28 ",-0.0182326149985947
" HA  GLU A  27 "," H   ALA A  29 ",-0.0265920245239549
" HA  GLU A  27 "," H   PHE A  30 ",-0.118219889132158
" HA  GLU A  27 "," HB2 PHE A  30 ",-0.758574325001837
" HA  GLU A  27 "," HB3 PHE A  30 ",-0.060386223824151
" HA  GLU A  27 "," H   LYS A  31 ",-0.0838427399294219
" HA  GLU A  27 "," HB2 LYS A  31 ",-0.013249465090018
" HA  GLU A  27 "," HG2 LYS A  31 ",-0.0688533464223412
" HA  GLU A  27 "," HG3 LYS A  31 ",-0.037580596558884
" HB2 GLU A  27 "," HB3 GLU A  27 ",-5.23064160367788
" HB2 GLU A  27 "," HG2 GLU A  27 ",-0.261095200412234
" HB2 GLU A  27 "," HG3 GLU A  27 ",-0.336591245283925
" HB2 GLU A  27 "," H   LYS A  28 ",-0.0939783530664019
" HB2 GLU A  27 "," HD2 LYS A  28 ",-0.00830395544453555
" HB2 GLU A  27 "," HD3 LYS A  28 ",-0.014225693944064
" HB2 GLU A  27 "," HG3 LYS A  31 ",-0.0106409989412608
" HB2 GLU A  27 "," HZ  PHE A  52 ",-0.00998278450096753
" HB3 GLU A  27 "," HG2 GLU A  27 ",-1.32061332326093
" HB3 GLU A  27 "," HG3 GLU A  27 ",-0.248950049644007
" HB3 GLU A  27 "," H   LYS A  28 ",-0.819166454876458
" HB3 GLU A  27 "," HA  LYS A  28 ",-0.0440268622330314
" HB3 GLU A  27 "," HB2 LYS A  28 ",-0.0268442502989688
" HB3 GLU A  27 "," HG3 LYS A  28 ",-0.0222449195184167
" HB3 GLU A  27 "," HD2 LYS A  28 ",-0.0451704992201088
" HB3 GLU A  27 "," HD3 LYS A  28 ",-0.0739246038639981
" HB3 GLU A  27 "," H   ALA A  29 ",-0.0131240906529037
" HB3 GLU A  27 "," H   LYS A  31 ",-0.0103234142780535
" HB3 GLU A  27 "," HB2 LYS A  31 ",-0.00938754225365981
" HB3 GLU A  27 "," HG2 LYS A  31 ",-0.0232270499604659
" HB3 GLU A  27 "," HG3 LYS A  31 ",-0.030669037080798
" HG2 GLU A  27 "," HG3 GLU A  27 ",-5.36678954155486
" HG2 GLU A  27 "," H   LYS A  28 ",-0.0810121482777761
" HG2 GLU A  27 "," HA  LYS A  28 ",-0.0396074571581884
" HG2 GLU A  27 "," HB2 LYS A  28 ",-0.00762428651915669
" HG2 GLU A  27 "," HG3 LYS A  28 ",-0.0193763027695056
" HG2 GLU A  27 "," HD2 LYS A  28 ",-0.0119529166507046
" HG2 GLU A  27 "," HD3 LYS A  28 ",-0.0283133259028363
" HG2 GLU A  27 "," H   LYS A  31 ",-0.0123948072310235
" HG2 GLU A  27 "," HB2 LYS A  31 ",-0.0154218159625861
" HG2 GLU A  27 "," HG2 LYS A  31 ",-0.138970843212132
" HG2 GLU A  27 "," HG3 LYS A  31 ",-0.161638085143672
" HG2 GLU A  27 "," HD2 LYS A  31 ",-0.0255440232976703
" HG2 GLU A  27 "," HD3 LYS A  31 ",-0.0246790290033762
" HG2 GLU A  27 "," HE2 LYS A  31 ",-0.0892492660844618
" HG2 GLU A  27 "," HE3 LYS A  31 ",-0.0130597617699008
" HG3 GLU A  27 "," H   LYS A  28 ",-0.0467707681293998
" HG3 GLU A  27 "," HA  LYS A  28 ",-0.0325207771438231
" HG3 GLU A  27 "," HB2 PHE A  30 ",-0.0373008235806371
" HG3 GLU A  27 "," HB3 PHE A  30 ",-0.0142435940776685
" HG3 GLU A  27 "," H   LYS A  31 ",-0.0296977073662715
" HG3 GLU A  27 "," HB2 LYS A  31 ",-0.021154411531135
" HG3 GLU A  27 "," HG2 LYS A  31 ",-0.166960286634362
" HG3 GLU A  27 "," HG3 LYS A  31 ",-0.621688131669441
" HG3 GLU A  27 "," HD2 LYS A  31 ",-0.0611822348850741
" HG3 GLU A  27 "," HD3 LYS A  31 ",-0.03134892506907
" HG3 GLU A  27 "," HE2 LYS A  31 ",-0.0242152083569972
" HG3 GLU A  27 "," HE3 TRP A  43 ",-0.0102097028512981
" H   LYS A  28 "," HA  LYS A  28 ",-0.4359049273757
" H   LYS A  28 "," HB2 LYS A  28 ",-2.19797083574904
" H   LYS A  28 "," HB3 LYS A  28 ",-0.124571863058335
" H   LYS A  28 "," HG2 LYS A  28 ",-0.035220091441514
" H   LYS A  28 "," HG3 LYS A  28 ",-0.112879838758445
" H   LYS A  28 "," HD2 LYS A  28 ",-0.0768867007291185
" H   LYS A  28 "," HD3 LYS A  28 ",-0.804097625817567
" H   LYS A  28 "," HE2 LYS A  28 ",-0.0365674336957136
" H   LYS A  28 "," HE3 LYS A  28 ",-0.0137617050409468
" H   LYS A  28 "," H   ALA A  29 ",-0.567159977817267
" H   LYS A  28 "," H   PHE A  30 ",-0.0473020318274124
" H   LYS A  28 "," HB2 PHE A  30 ",-0.0137633809897412
" H   LYS A  28 "," H   LYS A  31 ",-0.0214516878447695
" H   LYS A  28 "," HB2 LYS A  31 ",-0.014258175620233
" H   LYS A  28 "," HG3 LYS A  31 ",-0.0175392165384788
" HA  LYS A  28 "," HB2 LYS A  28 ",-0.332368211788321
" HA  LYS A  28 "," HB3 LYS A  28 ",-0.573535782547497
" HA  LYS A  28 "," HG2 LYS A  28 ",-0.161951613349761
" HA  LYS A  28 "," HG3 LYS A  28 ",-2.67879143813867
" HA  LYS A  28 "," HD2 LYS A  28 ",-0.06181357681002
" HA  LYS A  28 "," HD3 LYS A  28 ",-0.0975211531056996
" HA  LYS A  28 "," HE2 LYS A  28 ",-0.0129127993676904
" HA  LYS A  28 "," H   ALA A  29 ",-0.108406161156337
" HA  LYS A  28 "," HA  ALA A  29 ",-0.019388809605849
" HA  LYS A  28 "," H   PHE A  30 ",-0.0272972209949643
" HA  LYS A  28 "," H   LYS A  31 ",-0.0881672247329364
" HA  LYS A  28 "," HB2 LYS A  31 ",-0.476536017744634
" HA  LYS A  28 "," HB3 LYS A  31 ",-0.0344706017201781
" HA  LYS A  28 "," HG2 LYS A  31 ",-0.028170055245561
" HA  LYS A  28 "," HG3 LYS A  31 ",-0.154465558296161
" HA  LYS A  28 "," HD2 LYS A  31 ",-0.00861365291112624
" HA  LYS A  28 "," HD3 LYS A  31 ",-0.0193152923535872
" HA  LYS A  28 "," H   GLN A  32 ",-0.0415174405150131
" HA  LYS A  28 "," HB2 GLN A  32 ",-0.0137549232883127
" HB2 LYS A  28 "," HB3 LYS A  28 ",-7.62691251905783
" HB2 LYS A  28 "," HG2 LYS A  28 ",-0.54062189488646
" HB2 LYS A  28 "," HG3 LYS A  28 ",-0.371198578142153
" HB2 LYS A  28 "," HD2 LYS A  28 ",-0.134083759527796
" HB2 LYS A  28 "," HD3 LYS A  28 ",-2.19866552373351
" HB2 LYS A  28 "," HE2 LYS A  28 ",-0.9333688101715
" HB2 LYS A  28 "," HE3 LYS A  28 ",-0.0949313794280477
" HB2 LYS A  28 "," H   ALA A  29 ",-0.473751297236392
" HB2 LYS A  28 "," HA  ALA A  29 ",-0.0183655147874421
" HB2 LYS A  28 "," H   PHE A  30 ",-0.0124384063667547
" HB3 LYS A  28 "," HG2 LYS A  28 ",-1.84731902137855
" HB3 LYS A  28 "," HG3 LYS A  28 ",-0.532245099443527
" HB3 LYS A  28 "," HD2 LYS A  28 ",-0.0439282157555337
" HB3 LYS A  28 "," HD3 LYS A  28 ",-0.122916070345417
" HB3 LYS A  28 "," HE2 LYS A  28 ",-0.0944075723463105
" HB3 LYS A  28 "," HE3 LYS A  28 ",-0.0499518354896671
" HB3 LYS A  28 "," H   ALA A  29 ",-0.24194508744865
" HB3 LYS A  28 "," HA  ALA A  29 ",-0.0559315313641443
" HB3 LYS A  28 "," HB2 LYS A  31 ",-0.0143949600835725
" HB3 LYS A  28 "," HB2 GLN A  32 ",-0.0127986698178176
" HG2 LYS A  28 "," HG3 LYS A  28 ",-7.39982390873862
" HG2 LYS A  28 "," HD2 LYS A  28 ",-0.597600721277918
" HG2 LYS A  28 "," HD3 LYS A  28 ",-0.355969487008591
" HG2 LYS A  28 "," HE2 LYS A  28 ",-0.398457518440476
" HG2 LYS A  28 "," HE3 LYS A  28 ",-0.509346899960798
" HG3 LYS A  28 "," HD2 LYS A  28 ",-1.34618345287939
" HG3 LYS A  28 "," HD3 LYS A  28 ",-0.637172309590693
" HG3 LYS A  28 "," HE2 LYS A  28 ",-0.0989442125540812
" HG3 LYS A  28 "," HE3 LYS A  28 ",-0.0613115452483534
" HG3 LYS A  28 "," H   ALA A  29 ",-0.0165687886231498
" HG3 LYS A  28 "," HB2 LYS A  31 ",-0.0263502664087602
" HG3 LYS A  28 "," HG3 LYS A  31 ",-0.0163164289870555
" HG3 LYS A  28 "," HD3 LYS A  31 ",-0.00659644244321507
" HD2 LYS A  28 "," HD3 LYS A  28 ",-5.38064545255196
" HD2 LYS A  28 "," HE2 LYS A  28 ",-0.357779248970124
" HD2 LYS A  28 "," HE3 LYS A  28 ",-0.717505311960357
" HD3 LYS A  28 "," HE2 LYS A  28 ",-0.381774165247727
" HD3 LYS A  28 "," HE3 LYS A  28 ",-0.428357732791585
" HD3 LYS A  28 "," H   ALA A  29 ",-0.0229388074031423
" HE2 LYS A  28 "," HE3 LYS A  28 ",-5.70170539662497
" HE2 LYS A  28 "," H   ALA A  29 ",-0.0103953034790424
" H   ALA A  29 "," HA  ALA A  29 ",-0.399825022897421
" H   ALA A  29 "," H   PHE A  30 ",-0.703992939125992
" H   ALA A  29 "," HB2 PHE A  30 ",-0.0271166760715498
" H   ALA A  29 "," H   LYS A  31 ",-0.0512711078948493
" H   ALA A  29 "," HB2 LYS A  31 ",-0.0139185696489318
" H   ALA A  29 "," H   GLN A  32 ",-0.0169215978034523
" HA  ALA A  29 "," H   PHE A  30 ",-0.10987278934633
" HA  ALA A  29 "," HA  PHE A  30 ",-0.0193247708177878
" HA  ALA A  29 "," H   LYS A  31 ",-0.0339901362594394
" HA  ALA A  29 "," HB2 LYS A  31 ",-0.0115445028176479
" HA  ALA A  29 "," H   GLN A  32 ",-0.110922971545081
" HA  ALA A  29 "," HB2 GLN A  32 ",-0.142324807977391
" HA  ALA A  29 "," HB3 GLN A  32 ",-0.160181177028508
" HA  ALA A  29 "," HG2 GLN A  32 ",-0.0112776603929509
" HA  ALA A  29 ","HE21 GLN A  32 ",-0.0275024327951453
" HA  ALA A  29 ","HE22 GLN A  32 ",-0.00905796202743275
" HA  ALA A  29 "," H   TYR A  33 ",-0.024081055890924
" H   PHE A  30 "," HA  PHE A  30 ",-0.398491295712684
" H   PHE A  30 "," HB2 PHE A  30 ",-1.69677574584137
" H   PHE A  30 "," HB3 PHE A  30 ",-0.119685418510534
" H   PHE A  30 "," H   LYS A  31 ",-0.776209358953885
" H   PHE A  30 "," HB2 LYS A  31 ",-0.024603125974377
" H   PHE A  30 "," HG2 LYS A  31 ",-0.0160762104501562
" H   PHE A  30 "," H   GLN A  32 ",-0.0460204671602418
" H   PHE A  30 "," H   TYR A  33 ",-0.0130342758728847
" HA  PHE A  30 "," HB2 PHE A  30 ",-0.317078979984672
" HA  PHE A  30 "," HB3 PHE A  30 ",-0.625230377182254
" HA  PHE A  30 "," H   LYS A  31 ",-0.114253546565816
" HA  PHE A  30 "," HA  LYS A  31 ",-0.0185270617717137
" HA  PHE A  30 "," H   GLN A  32 ",-0.0318562597772466
" HA  PHE A  30 "," H   TYR A  33 ",-0.094709385790261
" HA  PHE A  30 "," HB2 TYR A  33 ",-0.0854792338328621
" HA  PHE A  30 "," HB3 TYR A  33 ",-0.13294024242438
" HA  PHE A  30 "," H   ALA A  34 ",-0.0178414397025942
" HA  PHE A  30 "," HZ3 TRP A  43 ",-0.016837140938618
" HA  PHE A  30 "," HH2 TRP A  43 ",-0.028419686833697
" HB2 PHE A  30 "," HB3 PHE A  30 ",-7.29484472728359
" HB2 PHE A  30 "," H   LYS A  31 ",-0.390423979605149
" HB2 PHE A  30 "," HA  LYS A  31 ",-0.0209439110999943
" HB2 PHE A  30 "," HG2 LYS A  31 ",-0.0417479942941442
" HB2 PHE A  30 "," HG3 LYS A  31 ",-0.0152708819396721
" HB2 PHE A  30 "," HE3 TRP A  43 ",-0.0128024950298641
" HB2 PHE A  30 "," HZ3 TRP A  43 ",-0.0457131200647607
" HB2 PHE A  30 "," HH2 TRP A  43 ",-0.0187296065034078
" HB3 PHE A  30 "," H   LYS A  31 ",-0.165325001735981
" HB3 PHE A  30 "," HA  LYS A  31 ",-0.0477356074973195
" HB3 PHE A  30 "," HG2 LYS A  31 ",-0.0367030597430792
" HB3 PHE A  30 "," HD3 LYS A  31 ",-0.00958208681920904
" HB3 PHE A  30 "," HE3 TRP A  43 ",-0.0388384233237399
" HB3 PHE A  30 "," HZ2 TRP A  43 ",-0.0141469757345038
" HB3 PHE A  30 "," HZ3 TRP A  43 ",-0.633994050153617
" HB3 PHE A  30 "," HH2 TRP A  43 ",-0.18082325017188
" HB3 PHE A  30 "," HB2 PHE A  52 ",-0.0130878700433533
" HB3 PHE A  30 "," HB3 PHE A  52 ",-0.0128394510180284
" HZ  PHE A  30 "," HB2 PHE A  52 ",-0.0142234767673963
" H   LYS A  31 "," HA  LYS A  31 ",-0.413825922847101
" H   LYS A  31 "," HB2 LYS A  31 ",-1.4429219451105
" H   LYS A  31 "," HB3 LYS A  31 ",-0.108326378901296
" H   LYS A  31 "," HG2 LYS A  31 ",-0.521283100963286
" H   LYS A  31 "," HG3 LYS A  31 ",-0.186582019586978
" H   LYS A  31 "," HD2 LYS A  31 ",-0.0165455683899248
" H   LYS A  31 "," HD3 LYS A  31 ",-0.0241747549609639
" H   LYS A  31 "," H   GLN A  32 ",-0.669951349168778
" H   LYS A  31 "," HB2 GLN A  32 ",-0.0175168897980376
" H   LYS A  31 "," HB3 GLN A  32 ",-0.0146197991244927
" H   LYS A  31 "," H   TYR A  33 ",-0.0317598454362986
" H   LYS A  31 "," H   ALA A  34 ",-0.0145039185791832
" H   LYS A  31 "," HH2 TRP A  43 ",-0.0167037882447328
" HA  LYS A  31 "," HB2 LYS A  31 ",-0.298769469377765
" HA  LYS A  31 "," HB3 LYS A  31 ",-0.762335798317955
" HA  LYS A  31 "," HG2 LYS A  31 ",-0.94354719326107
" HA  LYS A  31 "," HG3 LYS A  31 ",-0.0990631425742028
" HA  LYS A  31 "," HD2 LYS A  31 ",-0.359535606583851
" HA  LYS A  31 "," HD3 LYS A  31 ",-0.360416041384328
" HA  LYS A  31 "," HE2 LYS A  31 ",-0.0563868437494244
" HA  LYS A  31 "," HE3 LYS A  31 ",-0.162583774774715
" HA  LYS A  31 "," H   GLN A  32 ",-0.110587408244059
" HA  LYS A  31 "," HA  GLN A  32 ",-0.0173360224331176
" HA  LYS A  31 "," H   TYR A  33 ",-0.0258468141595329
" HA  LYS A  31 "," H   ALA A  34 ",-0.137982347617714
" HA  LYS A  31 "," H   ASN A  35 ",-0.0294607514875471
" HA  LYS A  31 "," HE1 TRP A  43 ",-0.0234157748541275
" HA  LYS A  31 "," HZ2 TRP A  43 ",-0.477770741323457
" HA  LYS A  31 "," HZ3 TRP A  43 ",-0.0183428751979717
" HA  LYS A  31 "," HH2 TRP A  43 ",-0.297442686598258
" HB2 LYS A  31 "," HB3 LYS A  31 ",-7.64567041173121
" HB2 LYS A  31 "," HG2 LYS A  31 ",-0.611976982877311
" HB2 LYS A  31 "," HG3 LYS A  31 ",-1.37904470541257
" HB2 LYS A  31 "," HD2 LYS A  31 ",-0.06827589672187
" HB2 LYS A  31 "," HD3 LYS A  31 ",-0.104526460882258
" HB2 LYS A  31 "," HE2 LYS A  31 ",-0.0381450976632499
" HB2 LYS A  31 "," HE3 LYS A  31 ",-0.030962871171404
" HB2 LYS A  31 "," H   GLN A  32 ",-0.608931579756922
" HB2 LYS A  31 "," HA  GLN A  32 ",-0.0288892655641422
" HB2 LYS A  31 "," HB2 GLN A  32 ",-0.0288632553024681
" HB3 LYS A  31 "," HG2 LYS A  31 ",-0.36062501547197
" HB3 LYS A  31 "," HG3 LYS A  31 ",-0.620246995449232
" HB3 LYS A  31 "," HD2 LYS A  31 ",-0.606057388756064
" HB3 LYS A  31 "," HD3 LYS A  31 ",-0.341545947305736
" HB3 LYS A  31 "," HE2 LYS A  31 ",-1.03874704895578
" HB3 LYS A  31 "," HE3 LYS A  31 ",-0.184325946757917
" HB3 LYS A  31 "," H   GLN A  32 ",-0.12830696001061
" HB3 LYS A  31 "," HA  GLN A  32 ",-0.0403765836137652
" HB3 LYS A  31 "," H   ALA A  34 ",-0.0139296553555473
" HB3 LYS A  31 "," H   ASN A  35 ",-0.0178241232347506
" HB3 LYS A  31 "," HE1 TRP A  43 ",-0.0090312640237678
" HB3 LYS A  31 "," HZ2 TRP A  43 ",-0.0252323571239098
" HG2 LYS A  31 "," HG3 LYS A  31 ",-4.29677333277779
" HG2 LYS A  31 "," HD2 LYS A  31 ",-0.369346601521293
" HG2 LYS A  31 "," HD3 LYS A  31 ",-0.568092853286768
" HG2 LYS A  31 "," HE2 LYS A  31 ",-0.164137049679375
" HG2 LYS A  31 "," HE3 LYS A  31 ",-0.543503180372006
" HG2 LYS A  31 "," H   GLN A  32 ",-0.0216578991966682
" HG2 LYS A  31 "," HE1 TRP A  43 ",-0.0320325852319529
" HG2 LYS A  31 "," HE3 TRP A  43 ",-0.011975992528319
" HG2 LYS A  31 "," HZ2 TRP A  43 ",-0.0871225710514967
" HG2 LYS A  31 "," HZ3 TRP A  43 ",-0.0131829196842894
" HG2 LYS A  31 "," HH2 TRP A  43 ",-0.0292886135506293
" HG3 LYS A  31 "," HD2 LYS A  31 ",-0.486383031667666
" HG3 LYS A  31 "," HD3 LYS A  31 ",-0.376385086444033
" HG3 LYS A  31 "," HE2 LYS A  31 ",-0.287724711334449
" HG3 LYS A  31 "," HE3 LYS A  31 ",-0.427207884698008
" HG3 LYS A  31 "," H   GLN A  32 ",-0.0180337145487227
" HG3 LYS A  31 "," HZ2 TRP A  43 ",-0.00790640860547639
" HD2 LYS A  31 "," HD3 LYS A  31 ",-6.07329882692118
" HD2 LYS A  31 "," HE2 LYS A  31 ",-0.294842401428925
" HD2 LYS A  31 "," HE3 LYS A  31 ",-0.817745792535581
" HD2 LYS A  31 "," HD1 TRP A  43 ",-0.0322309946993622
" HD2 LYS A  31 "," HE1 TRP A  43 ",-0.0904880368304992
" HD2 LYS A  31 "," HZ2 TRP A  43 ",-0.0201848319837133
" HD3 LYS A  31 "," HE2 LYS A  31 ",-0.861080771730009
" HD3 LYS A  31 "," HE3 LYS A  31 ",-0.206847289548361
" HD3 LYS A  31 "," HB2 TRP A  43 ",-0.00927646313846298
" HD3 LYS A  31 "," HB3 TRP A  43 ",-0.00864279218709758
" HD3 LYS A  31 "," HD1 TRP A  43 ",-0.018517590288002
" HD3 LYS A  31 "," HE1 TRP A  43 ",-0.0518820024618463
" HD3 LYS A  31 "," HE3 TRP A  43 ",-0.00882609077551204
" HD3 LYS A  31 "," HZ2 TRP A  43 ",-0.0306926731769412
" HD3 LYS A  31 "," HH2 TRP A  43 ",-0.00816959314634401
" HE2 LYS A  31 "," HE3 LYS A  31 ",-6.07233987792435
" HE2 LYS A  31 "," HB2 TRP A  43 ",-0.0134670851523417
" HE2 LYS A  31 "," HB3 TRP A  43 ",-0.0083804875494055
" HE2 LYS A  31 "," HD1 TRP A  43 ",-0.00730044990317717
" HE2 LYS A  31 "," HE1 TRP A  43 ",-0.0405596325715848
" HE2 LYS A  31 "," HZ2 TRP A  43 ",-0.0471773587919684
" HE3 LYS A  31 "," HD1 TRP A  43 ",-0.016748346572137
" HE3 LYS A  31 "," HE1 TRP A  43 ",-1.02117262186908
" HE3 LYS A  31 "," HZ2 TRP A  43 ",-0.700629937520831
" HE3 LYS A  31 "," HH2 TRP A  43 ",-0.0140660161595906
" H   GLN A  32 "," HA  GLN A  32 ",-0.449870317150766
" H   GLN A  32 "," HB2 GLN A  32 ",-1.31693491436583
" H   GLN A  32 "," HB3 GLN A  32 ",-0.613607691026298
" H   GLN A  32 "," HG2 GLN A  32 ",-0.0233009799451558
" H   GLN A  32 "," HG3 GLN A  32 ",-0.0323658518963369
" H   GLN A  32 ","HE21 GLN A  32 ",-0.0148706890232889
" H   GLN A  32 "," H   TYR A  33 ",-0.432150070963004
" H   GLN A  32 "," HB3 TYR A  33 ",-0.0132921448329075
" H   GLN A  32 "," H   ALA A  34 ",-0.050131821751739
" H   GLN A  32 "," H   ASN A  35 ",-0.0143392888015877
" HA  GLN A  32 "," HB2 GLN A  32 ",-0.872182688051781
" HA  GLN A  32 "," HB3 GLN A  32 ",-0.294999377250879
" HA  GLN A  32 "," HG2 GLN A  32 ",-0.271106397825779
" HA  GLN A  32 "," HG3 GLN A  32 ",-0.462370790457939
" HA  GLN A  32 ","HE21 GLN A  32 ",-0.0281175032684863
" HA  GLN A  32 ","HE22 GLN A  32 ",-0.0116551413286129
" HA  GLN A  32 "," H   TYR A  33 ",-0.106796728992314
" HA  GLN A  32 "," HA  TYR A  33 ",-0.0175204047970119
" HA  GLN A  32 "," H   ALA A  34 ",-0.0515058932609016
" HA  GLN A  32 "," H   ASN A  35 ",-0.128449506814732
" HA  GLN A  32 "," HB2 ASN A  35 ",-0.37319963511436
" HA  GLN A  32 "," HB3 ASN A  35 ",-0.0298271012988835
" HA  GLN A  32 ","HD21 ASN A  35 ",-0.01933302368242
" HA  GLN A  32 "," H   ASP A  36 ",-0.0603132065128962
" HB2 GLN A  32 "," HB3 GLN A  32 ",-7.30406592645561
" HB2 GLN A  32 "," HG2 GLN A  32 ",-0.364059373861629
" HB2 GLN A  32 "," HG3 GLN A  32 ",-0.597277557888827
" HB2 GLN A  32 ","HE21 GLN A  32 ",-0.988938819362245
" HB2 GLN A  32 ","HE22 GLN A  32 ",-0.0630820320433115
" HB2 GLN A  32 "," H   TYR A  33 ",-0.0945144416723381
" HB3 GLN A  32 "," HG2 GLN A  32 ",-0.989855235158193
" HB3 GLN A  32 "," HG3 GLN A  32 ",-0.336518923872875
" HB3 GLN A  32 ","HE21 GLN A  32 ",-0.722197202833503
" HB3 GLN A  32 ","HE22 GLN A  32 ",-0.0482085254293102
" HB3 GLN A  32 "," H   TYR A  33 ",-1.16291687265582
" HB3 GLN A  32 "," HA  TYR A  33 ",-0.0497467960471923
" HB3 GLN A  32 "," HB2 TYR A  33 ",-0.0428214017714518
" HB3 GLN A  32 "," HB3 TYR A  33 ",-0.0152489747267209
" HB3 GLN A  32 "," H   ALA A  34 ",-0.0197691698310937
" HG2 GLN A  32 "," HG3 GLN A  32 ",-3.93584843619535
" HG2 GLN A  32 ","HE21 GLN A  32 ",-0.406325634077577
" HG2 GLN A  32 ","HE22 GLN A  32 ",-0.0505797695221945
" HG2 GLN A  32 "," H   TYR A  33 ",-0.0415854297375164
" HG2 GLN A  32 "," HA  TYR A  33 ",-0.0265415895413453
" HG2 GLN A  32 "," HB2 ASN A  35 ",-0.0157253029974187
" HG2 GLN A  32 "," H   ASP A  36 ",-0.0305328119601021
" HG2 GLN A  32 "," HB2 ASP A  36 ",-0.0210217675226888
" HG3 GLN A  32 ","HE21 GLN A  32 ",-0.0602454457945443
" HG3 GLN A  32 ","HE22 GLN A  32 ",-0.0243423046465143
" HG3 GLN A  32 "," H   TYR A  33 ",-0.0428546288704634
" HG3 GLN A  32 "," HA  TYR A  33 ",-0.0339248102149498
" HG3 GLN A  32 "," HB2 ASN A  35 ",-0.0229796232234416
" HG3 GLN A  32 "," H   ASP A  36 ",-0.0284514720958278
" HG3 GLN A  32 "," HB2 ASP A  36 ",-0.0126043173821062
"HE21 GLN A  32 ","HE22 GLN A  32 ",-4.58409398334529
"HE21 GLN A  32 "," H   TYR A  33 ",-0.02493037218209
"HE21 GLN A  32 "," HA  TYR A  33 ",-0.0199216241629127
"HE21 GLN A  32 "," HB2 TYR A  33 ",-0.0092080021829057
"HE21 GLN A  32 "," HB2 ASP A  36 ",-0.0064883366258352
" H   TYR A  33 "," HA  TYR A  33 ",-0.460366070895602
" H   TYR A  33 "," HB2 TYR A  33 ",-1.12047602288951
" H   TYR A  33 "," HB3 TYR A  33 ",-0.665751021315975
" H   TYR A  33 "," H   ALA A  34 ",-0.530995497488593
" H   TYR A  33 "," H   ASN A  35 ",-0.0231238478827273
" H   TYR A  33 "," H   ASP A  36 ",-0.0158769628812996
" HA  TYR A  33 "," HB2 TYR A  33 ",-0.930666511990284
" HA  TYR A  33 "," HB3 TYR A  33 ",-0.291889011922773
" HA  TYR A  33 "," H   ALA A  34 ",-0.11894830029715
" HA  TYR A  33 "," HA  ALA A  34 ",-0.0188348908169378
" HA  TYR A  33 "," H   ASN A  35 ",-0.0176785086982319
" HA  TYR A  33 "," H   ASP A  36 ",-0.0837558550165509
" HA  TYR A  33 "," HB2 ASP A  36 ",-0.527389669989004
" HA  TYR A  33 "," HB3 ASP A  36 ",-0.0396798727946767
" HA  TYR A  33 "," H   ASN A  37 ",-0.0332015752834674
" HA  TYR A  33 "," HB2 ASN A  37 ",-0.0114980446598508
" HA  TYR A  33 ","HD21 ASN A  37 ",-0.0820606277285478
" HA  TYR A  33 ","HD22 ASN A  37 ",-0.0180191147688723
" HB2 TYR A  33 "," HB3 TYR A  33 ",-7.52984137772268
" HB2 TYR A  33 "," H   ALA A  34 ",-0.0597412264306487
" HB2 TYR A  33 ","HD21 ASN A  37 ",-0.00597273412101917
" HB3 TYR A  33 "," H   ALA A  34 ",-0.448708737927802
" HB3 TYR A  33 "," HA  ALA A  34 ",-0.0392620501846224
" HB3 TYR A  33 ","HD21 ASN A  37 ",-0.00788679779386317
" HB3 TYR A  33 "," HZ2 TRP A  43 ",-0.00895655702653245
" HB3 TYR A  33 "," HH2 TRP A  43 ",-0.025643210084689
" HH  TYR A  33 ","HD22 ASN A  37 ",-0.0219165518346743
" H   ALA A  34 "," HA  ALA A  34 ",-0.397171811089055
" H   ALA A  34 "," H   ASN A  35 ",-0.558157951162381
" H   ALA A  34 "," HB2 ASN A  35 ",-0.0259569300961594
" H   ALA A  34 "," H   ASP A  36 ",-0.050398514717296
" H   ALA A  34 "," HB2 ASP A  36 ",-0.0165160420571998
" H   ALA A  34 "," H   ASN A  37 ",-0.0173204220171683
" H   ALA A  34 "," HB2 ASN A  37 ",-0.00863935311268428
" H   ALA A  34 "," HZ2 TRP A  43 ",-0.0362802647711002
" H   ALA A  34 "," HH2 TRP A  43 ",-0.0558200381518388
" HA  ALA A  34 "," H   ASN A  35 ",-0.105153290913938
" HA  ALA A  34 "," HA  ASN A  35 ",-0.0184235117217098
" HA  ALA A  34 "," H   ASP A  36 ",-0.0252695726933949
" HA  ALA A  34 "," HB2 ASP A  36 ",-0.0131029403844389
" HA  ALA A  34 "," H   ASN A  37 ",-0.0905867346283272
" HA  ALA A  34 "," HB2 ASN A  37 ",-0.17517512136361
" HA  ALA A  34 "," HB3 ASN A  37 ",-0.0193962169622737
" HA  ALA A  34 ","HD21 ASN A  37 ",-0.0146194086421342
" HA  ALA A  34 "," H   GLY A  38 ",-0.0179566938204056
" HA  ALA A  34 "," H   VAL A  39 ",-0.122432541557686
" HA  ALA A  34 "," HB  VAL A  39 ",-0.680572515261751
" HA  ALA A  34 "," HZ2 TRP A  43 ",-0.0306956108079997
" HA  ALA A  34 "," HH2 TRP A  43 ",-0.018133441302506
" H   ASN A  35 "," HA  ASN A  35 ",-0.441602492345712
" H   ASN A  35 "," HB2 ASN A  35 ",-2.19267200573459
" H   ASN A  35 "," HB3 ASN A  35 ",-0.123603655462512
" H   ASN A  35 ","HD21 ASN A  35 ",-0.0207527391039653
" H   ASN A  35 "," H   ASP A  36 ",-0.486790883355892
" H   ASN A  35 "," HB2 ASP A  36 ",-0.0183810642835571
" H   ASN A  35 "," H   ASN A  37 ",-0.0397370804561949
" H   ASN A  35 "," H   GLY A  38 ",-0.0181494041148278
" H   ASN A  35 "," H   VAL A  39 ",-0.019046907603832
" H   ASN A  35 "," HZ2 TRP A  43 ",-0.0112403783879426
" HA  ASN A  35 "," HB2 ASN A  35 ",-0.330164835199882
" HA  ASN A  35 "," HB3 ASN A  35 ",-0.56646714408199
" HA  ASN A  35 ","HD21 ASN A  35 ",-0.0395913671017302
" HA  ASN A  35 ","HD22 ASN A  35 ",-0.0316557855027272
" HA  ASN A  35 "," H   ASP A  36 ",-0.107727150829509
" HA  ASN A  35 "," HA  ASP A  36 ",-0.0167941894889977
" HA  ASN A  35 "," H   ASN A  37 ",-0.0420294480600473
" HA  ASN A  35 "," H   GLY A  38 ",-0.207706989274989
" HA  ASN A  35 "," HA2 GLY A  38 ",-0.206965690445814
" HA  ASN A  35 "," HA3 GLY A  38 ",-0.0167869703901982
" HA  ASN A  35 "," H   VAL A  39 ",-0.103892325972994
" HA  ASN A  35 "," HB2 ASP A  40 ",-0.0248269408660994
" HB2 ASN A  35 "," HB3 ASN A  35 ",-7.43621673505083
" HB2 ASN A  35 ","HD21 ASN A  35 ",-0.490965389823108
" HB2 ASN A  35 ","HD22 ASN A  35 ",-0.0854098636428997
" HB2 ASN A  35 "," H   ASP A  36 ",-0.500460765576249
" HB2 ASN A  35 "," HA  ASP A  36 ",-0.0200183134587382
" HB2 ASN A  35 "," HB2 ASP A  36 ",-0.0122632540728558
" HB2 ASN A  35 "," H   ASN A  37 ",-0.012430953161868
" HB3 ASN A  35 ","HD21 ASN A  35 ",-1.39080681262303
" HB3 ASN A  35 ","HD22 ASN A  35 ",-0.117240906882819
" HB3 ASN A  35 "," H   ASP A  36 ",-0.225818603610001
" HB3 ASN A  35 "," HA  ASP A  36 ",-0.0568007339551467
" HB3 ASN A  35 "," H   GLY A  38 ",-0.0203070785695974
"HD21 ASN A  35 ","HD22 ASN A  35 ",-8.30634140272597
" H   ASP A  36 "," HA  ASP A  36 ",-0.467465663698358
" H   ASP A  36 "," HB2 ASP A  36 ",-1.14547983522035
" H   ASP A  36 "," HB3 ASP A  36 ",-0.103392699909322
" H   ASP A  36 "," H   ASN A  37 ",-0.44452430279211
" H   ASP A  36 "," HB2 ASN A  37 ",-0.0141159117437548
" H   ASP A  36 ","HD21 ASN A  37 ",-0.0107113597781436
" H   ASP A  36 "," H   GLY A  38 ",-0.0563094742480193
" H   ASP A  36 "," H   VAL A  39 ",-0.0121076171136762
" HA  ASP A  36 "," HB2 ASP A  36 ",-0.282121419641423
" HA  ASP A  36 "," HB3 ASP A  36 ",-0.733862334300198
" HA  ASP A  36 "," H   ASN A  37 ",-0.107888031379193
" HA  ASP A  36 "," HA  ASN A  37 ",-0.0213933558396231
" HA  ASP A  36 "," H   GLY A  38 ",-0.0590178552298099
" HB2 ASP A  36 "," HB3 ASP A  36 ",-7.51670380486533
" HB2 ASP A  36 "," H   ASN A  37 ",-0.536518239835884
" HB2 ASP A  36 "," HA  ASN A  37 ",-0.0209196938638878
" HB2 ASP A  36 "," HB2 ASN A  37 ",-0.0266703342393933
" HB2 ASP A  36 ","HD21 ASN A  37 ",-0.0906592250297518
" HB2 ASP A  36 ","HD22 ASN A  37 ",-0.0230948306584632
" HB2 ASP A  36 "," H   GLY A  38 ",-0.0176492254675261
" HB3 ASP A  36 "," H   ASN A  37 ",-0.109644435070517
" HB3 ASP A  36 "," HA  ASN A  37 ",-0.0294222549988457
" HB3 ASP A  36 ","HD21 ASN A  37 ",-0.0294842180545446
" HB3 ASP A  36 ","HD22 ASN A  37 ",-0.0328465297384966
" H   ASN A  37 "," HA  ASN A  37 ",-0.316227626174994
" H   ASN A  37 "," HB2 ASN A  37 ",-1.3034178434698
" H   ASN A  37 "," HB3 ASN A  37 ",-0.098106064009158
" H   ASN A  37 ","HD21 ASN A  37 ",-0.224026509272396
" H   ASN A  37 ","HD22 ASN A  37 ",-0.0276910632881869
" H   ASN A  37 "," H   GLY A  38 ",-0.950809842251207
" H   ASN A  37 "," HA2 GLY A  38 ",-0.021699619292741
" H   ASN A  37 "," H   VAL A  39 ",-0.136354454001777
" H   ASN A  37 "," HB  VAL A  39 ",-0.021824050415684
" HA  ASN A  37 "," HB2 ASN A  37 ",-0.284947147952088
" HA  ASN A  37 "," HB3 ASN A  37 ",-0.733526363217823
" HA  ASN A  37 ","HD21 ASN A  37 ",-1.3225385758602
" HA  ASN A  37 ","HD22 ASN A  37 ",-0.0777489238096199
" HA  ASN A  37 "," H   GLY A  38 ",-0.214193824230154
" HA  ASN A  37 "," HA2 GLY A  38 ",-0.0131232989476521
" HA  ASN A  37 "," HA3 GLY A  38 ",-0.0281552514663321
" HA  ASN A  37 "," H   VAL A  39 ",-0.026057953468502
" HB2 ASN A  37 "," HB3 ASN A  37 ",-6.85881680112901
" HB2 ASN A  37 ","HD21 ASN A  37 ",-0.529382611103912
" HB2 ASN A  37 ","HD22 ASN A  37 ",-0.0742636402951179
" HB2 ASN A  37 "," H   GLY A  38 ",-0.0900544051250397
" HB2 ASN A  37 "," H   VAL A  39 ",-0.161232151372646
" HB2 ASN A  37 "," HB  VAL A  39 ",-0.0924921780967078
" HB3 ASN A  37 ","HD21 ASN A  37 ",-0.236700306575084
" HB3 ASN A  37 ","HD22 ASN A  37 ",-0.0651540804981208
" HB3 ASN A  37 "," H   GLY A  38 ",-0.0441452873682114
" HB3 ASN A  37 "," HA3 GLY A  38 ",-0.0132128460862844
" HB3 ASN A  37 "," H   VAL A  39 ",-0.0952060137380826
" HB3 ASN A  37 "," HB  VAL A  39 ",-0.0596822705999365
"HD21 ASN A  37 ","HD22 ASN A  37 ",-6.17143734259949
"HD21 ASN A  37 "," H   GLY A  38 ",-0.013508622992992
" H   GLY A  38 "," HA2 GLY A  38 ",-1.28420657901308
" H   GLY A  38 "," HA3 GLY A  38 ",-0.396000823231245
" H   GLY A  38 "," H   VAL A  39 ",-0.666078870993147
" H   GLY A  38 "," HB  VAL A  39 ",-0.0150561968507577
" HA2 GLY A  38 "," HA3 GLY A  38 ",-7.27988575160037
" HA2 GLY A  38 "," H   VAL A  39 ",-0.300307958390048
" HA2 GLY A  38 "," HA  VAL A  39 ",-0.0247013002490012
" HA3 GLY A  38 "," H   VAL A  39 ",-0.131445848141633
" HA3 GLY A  38 "," HA  VAL A  39 ",-0.026588473915158
" H   VAL A  39 "," HA  VAL A  39 ",-0.323510109608475
" H   VAL A  39 "," HB  VAL A  39 ",-0.925329247852809
" H   VAL A  39 "," H   ASP A  40 ",-0.0307831215834619
" H   VAL A  39 "," HB2 ASP A  40 ",-0.012619973874296
" HA  VAL A  39 "," HB  VAL A  39 ",-0.286791533078075
" HA  VAL A  39 "," H   ASP A  40 ",-2.32088045631058
" HA  VAL A  39 "," HA  ASP A  40 ",-0.0308927652698374
" HA  VAL A  39 "," HB2 ASP A  40 ",-0.026820779825101
" HA  VAL A  39 "," HB3 ASP A  40 ",-0.0164448908420068
" HA  VAL A  39 "," HA  GLU A  56 ",-0.0159018171746843
" HA  VAL A  39 "," HB2 GLU A  56 ",-0.0132457522919016
" HA  VAL A  39 "," HG2 GLU A  56 ",-0.0669178651866871
" HA  VAL A  39 "," HG3 GLU A  56 ",-0.119420144910455
" HB  VAL A  39 "," H   ASP A  40 ",-0.0323689120561906
" HB  VAL A  39 "," HA  ASP A  40 ",-0.0178680353490528
" HB  VAL A  39 "," HG2 GLU A  56 ",-0.00874277314317749
" HB  VAL A  39 "," HG3 GLU A  56 ",-0.0090573440772355
" H   ASP A  40 "," HA  ASP A  40 ",-0.309405604016917
" H   ASP A  40 "," HB2 ASP A  40 ",-0.277125866865228
" H   ASP A  40 "," HB3 ASP A  40 ",-0.34507895822545
" H   ASP A  40 "," H   GLY A  41 ",-0.0300093921272382
" H   ASP A  40 "," HA3 GLY A  41 ",-0.0136343651412449
" H   ASP A  40 "," HA  GLU A  56 ",-0.0763459378050885
" H   ASP A  40 "," HB2 GLU A  56 ",-0.019681044583745
" H   ASP A  40 "," HB3 GLU A  56 ",-0.0133191986264307
" H   ASP A  40 "," HG2 GLU A  56 ",-0.161343898565531
" H   ASP A  40 "," HG3 GLU A  56 ",-1.428248368528
" HA  ASP A  40 "," HB2 ASP A  40 ",-0.67518178835008
" HA  ASP A  40 "," HB3 ASP A  40 ",-0.265364699624923
" HA  ASP A  40 "," H   GLY A  41 ",-1.34273761888306
" HA  ASP A  40 "," HA2 GLY A  41 ",-0.0228454225207443
" HA  ASP A  40 "," HA3 GLY A  41 ",-0.0282759324537586
" HA  ASP A  40 "," HD1 TRP A  43 ",-0.0125773869297251
" HA  ASP A  40 "," HE1 TRP A  43 ",-0.112493795626573
" HA  ASP A  40 "," HZ2 TRP A  43 ",-0.0162235404400721
" HA  ASP A  40 "," HA  GLU A  56 ",-0.0153515257386866
" HA  ASP A  40 "," HG3 GLU A  56 ",-0.0176314146745827
" HB2 ASP A  40 "," HB3 ASP A  40 ",-6.33522358678448
" HB2 ASP A  40 "," H   GLY A  41 ",-0.0416877469246219
" HB2 ASP A  40 "," HE1 TRP A  43 ",-0.00698120015967539
" HB2 ASP A  40 "," HG2 GLU A  56 ",-0.00793951515316993
" HB2 ASP A  40 "," HG3 GLU A  56 ",-0.00964127414046031
" HB3 ASP A  40 "," H   GLY A  41 ",-0.0726799259130014
" HB3 ASP A  40 "," HA2 GLY A  41 ",-0.0276261038429424
" HB3 ASP A  40 "," HA  GLU A  56 ",-0.0136089695894524
" HB3 ASP A  40 "," HG2 GLU A  56 ",-0.0243970424218601
" HB3 ASP A  40 "," HG3 GLU A  56 ",-0.018571832646069
" H   GLY A  41 "," HA2 GLY A  41 ",-0.410629724225171
" H   GLY A  41 "," HA3 GLY A  41 ",-0.429614766519877
" H   GLY A  41 "," H   VAL A  42 ",-0.0403732272989272
" H   GLY A  41 "," HA  VAL A  42 ",-0.0189937850750829
" H   GLY A  41 "," HD1 TRP A  43 ",-0.0784919435378718
" H   GLY A  41 "," HE1 TRP A  43 ",-0.0592179816889949
" H   GLY A  41 "," HZ2 TRP A  43 ",-0.0106295173137615
" H   GLY A  41 "," HA  GLU A  56 ",-0.0180176074462883
" H   GLY A  41 "," HG3 GLU A  56 ",-0.00853867552846328
" HA2 GLY A  41 "," HA3 GLY A  41 ",-6.61755890151995
" HA2 GLY A  41 "," H   VAL A  42 ",-0.292331820738146
" HA2 GLY A  41 "," HA  VAL A  42 ",-0.0287695813934433
" HA2 GLY A  41 "," HB  VAL A  42 ",-0.0135736782802707
" HA2 GLY A  41 "," H   THR A  55 ",-0.0155202344947387
" HA2 GLY A  41 "," HB  THR A  55 ",-0.0113641541245419
" HA2 GLY A  41 "," HA  GLU A  56 ",-0.168136467152719
" HA2 GLY A  41 "," HG2 GLU A  56 ",-0.00996777744524732
" HA2 GLY A  41 "," HG3 GLU A  56 ",-0.0101280594530614
" HA3 GLY A  41 "," H   VAL A  42 ",-1.81977665917564
" HA3 GLY A  41 "," HA  VAL A  42 ",-0.0293843073528792
" HA3 GLY A  41 "," HB  VAL A  42 ",-0.016152709942312
" HA3 GLY A  41 "," HA  VAL A  54 ",-0.0214819482379442
" HA3 GLY A  41 "," HB  VAL A  54 ",-0.00760227085048274
" HA3 GLY A  41 "," H   THR A  55 ",-0.100058681133132
" HA3 GLY A  41 "," HA  THR A  55 ",-0.0169001689646533
" HA3 GLY A  41 "," HB  THR A  55 ",-0.0453257840458133
" HA3 GLY A  41 "," H   GLU A  56 ",-0.030982260950468
" HA3 GLY A  41 "," HA  GLU A  56 ",-0.211145376135526
" HA3 GLY A  41 "," HB2 GLU A  56 ",-0.0138568078863366
" HA3 GLY A  41 "," HG2 GLU A  56 ",-0.00878361734407473
" HA3 GLY A  41 "," HG3 GLU A  56 ",-0.0147077107901742
" H   VAL A  42 "," HA  VAL A  42 ",-0.317160805418699
" H   VAL A  42 "," HB  VAL A  42 ",-0.456149008898017
" H   VAL A  42 "," H   TRP A  43 ",-0.0273874582666357
" H   VAL A  42 "," HD1 TRP A  43 ",-0.0100929308083764
" H   VAL A  42 "," HA  VAL A  54 ",-0.0584950979416283
" H   VAL A  42 "," H   THR A  55 ",-0.675940968532484
" H   VAL A  42 "," HA  THR A  55 ",-0.0161805671434429
" H   VAL A  42 "," HB  THR A  55 ",-0.219459935035268
" H   VAL A  42 "," HG1 THR A  55 ",-0.0373508675242886
" H   VAL A  42 "," H   GLU A  56 ",-0.0148215002473121
" H   VAL A  42 "," HA  GLU A  56 ",-0.0206497165062224
" HA  VAL A  42 "," HB  VAL A  42 ",-0.501801055088931
" HA  VAL A  42 "," H   TRP A  43 ",-2.32978050334996
" HA  VAL A  42 "," HA  TRP A  43 ",-0.0315251780980171
" HA  VAL A  42 "," HB2 TRP A  43 ",-0.0274331750684057
" HA  VAL A  42 "," HD1 TRP A  43 ",-0.0551596080665065
" HA  VAL A  42 "," H   THR A  55 ",-0.0144689884492603
" HB  VAL A  42 "," H   TRP A  43 ",-0.0354028661584655
" HB  VAL A  42 "," HA  TRP A  43 ",-0.00981402652350548
" HB  VAL A  42 "," H   THR A  55 ",-0.0274015569699069
" HB  VAL A  42 "," HB  THR A  55 ",-0.0522420437039204
" HB  VAL A  42 "," HG1 THR A  55 ",-0.0795575694738625
" H   TRP A  43 "," HA  TRP A  43 ",-0.327827586945733
" H   TRP A  43 "," HB2 TRP A  43 ",-0.976488742386071
" H   TRP A  43 "," HB3 TRP A  43 ",-0.0990555913641325
" H   TRP A  43 "," HD1 TRP A  43 ",-0.358713805159223
" H   TRP A  43 "," HE1 TRP A  43 ",-0.011993651204987
" H   TRP A  43 "," H   THR A  44 ",-0.0247448506245852
" HA  TRP A  43 "," HB2 TRP A  43 ",-0.288151763632007
" HA  TRP A  43 "," HB3 TRP A  43 ",-0.852991022215
" HA  TRP A  43 "," HD1 TRP A  43 ",-0.0528283075881863
" HA  TRP A  43 "," HE3 TRP A  43 ",-0.176870055202031
" HA  TRP A  43 "," H   THR A  44 ",-1.84782977479758
" HA  TRP A  43 "," HA  THR A  44 ",-0.0291099408136496
" HA  TRP A  43 "," HG1 THR A  44 ",-0.0130302990322562
" HA  TRP A  43 "," HB3 PHE A  52 ",-0.0142219497261899
" HA  TRP A  43 "," H   THR A  53 ",-0.0361117650080274
" HA  TRP A  43 "," HB  THR A  53 ",-0.0175349022536981
" HA  TRP A  43 "," HA  VAL A  54 ",-0.284296652899197
" HA  TRP A  43 "," HB  VAL A  54 ",-0.0544021411700716
" HA  TRP A  43 "," H   THR A  55 ",-0.0379248220906464
" HB2 TRP A  43 "," HB3 TRP A  43 ",-6.70997011435299
" HB2 TRP A  43 "," HD1 TRP A  43 ",-0.496658333970928
" HB2 TRP A  43 "," HE1 TRP A  43 ",-0.015986173103414
" HB2 TRP A  43 "," HE3 TRP A  43 ",-0.0418659725358433
" HB2 TRP A  43 "," H   THR A  44 ",-0.0428077146536332
" HB2 TRP A  43 "," HA  THR A  44 ",-0.0175284698904707
" HB3 TRP A  43 "," HD1 TRP A  43 ",-0.0611113039341578
" HB3 TRP A  43 "," HE3 TRP A  43 ",-0.715610753800662
" HB3 TRP A  43 "," HZ3 TRP A  43 ",-0.0137849593970267
" HB3 TRP A  43 "," H   THR A  44 ",-0.274748149077264
" HB3 TRP A  43 "," HA  THR A  44 ",-0.0331836583759454
" HB3 TRP A  43 "," HB3 TYR A  45 ",-0.0096887560040286
" HB3 TRP A  43 "," HB3 PHE A  52 ",-0.0182962087520496
" HB3 TRP A  43 "," H   THR A  53 ",-0.0137381107865035
" HB3 TRP A  43 "," HA  VAL A  54 ",-0.0114898865678727
" HD1 TRP A  43 "," HE1 TRP A  43 ",-0.699839059079808
" HD1 TRP A  43 "," HA  VAL A  54 ",-0.0123722631180967
" HD1 TRP A  43 "," H   THR A  55 ",-0.00868695284554596
" HE1 TRP A  43 "," HZ2 TRP A  43 ",-0.394470583839728
" HE1 TRP A  43 "," HH2 TRP A  43 ",-0.0129523098881249
" HE1 TRP A  43 "," HA  VAL A  54 ",-0.011127513128508
" HE1 TRP A  43 "," HB  VAL A  54 ",-0.0252717179954146
" HE3 TRP A  43 "," HZ2 TRP A  43 ",-0.0125878872926635
" HE3 TRP A  43 "," HZ3 TRP A  43 ",-0.917553050779887
" HE3 TRP A  43 "," HH2 TRP A  43 ",-0.0332923483238569
" HE3 TRP A  43 "," H   THR A  44 ",-0.129650531976789
" HE3 TRP A  43 "," HA  PHE A  52 ",-0.0125235379103959
" HE3 TRP A  43 "," HB2 PHE A  52 ",-0.0317909767163905
" HE3 TRP A  43 "," HB3 PHE A  52 ",-0.308864505329503
" HE3 TRP A  43 "," H   THR A  53 ",-0.0607425875065609
" HE3 TRP A  43 "," HA  VAL A  54 ",-0.0211050673795667
" HE3 TRP A  43 "," HB  VAL A  54 ",-0.0896101699868539
" HZ2 TRP A  43 "," HZ3 TRP A  43 ",-0.0310400634083388
" HZ2 TRP A  43 "," HH2 TRP A  43 ",-0.858573472178533
" HZ2 TRP A  43 "," HB  VAL A  54 ",-0.109778318303606
" HZ3 TRP A  43 "," HH2 TRP A  43 ",-0.914338047164391
" HZ3 TRP A  43 "," HB2 PHE A  52 ",-0.102047792845837
" HZ3 TRP A  43 "," HB3 PHE A  52 ",-0.175196824539129
" HZ3 TRP A  43 "," H   THR A  53 ",-0.0149720938700497
" HZ3 TRP A  43 "," HB  VAL A  54 ",-0.0950757642801988
" HH2 TRP A  43 "," HB  VAL A  54 ",-0.096707553949857
" H   THR A  44 "," HA  THR A  44 ",-0.325735254090062
" H   THR A  44 "," HB  THR A  44 ",-0.0724106778177863
" H   THR A  44 "," HG1 THR A  44 ",-0.0856127246504809
" H   THR A  44 "," H   TYR A  45 ",-0.0343440214303309
" H   THR A  44 "," HA  TYR A  45 ",-0.016353178760805
" H   THR A  44 "," HB3 TYR A  45 ",-0.0166890555158079
" H   THR A  44 "," HA  PHE A  52 ",-0.0381623811487154
" H   THR A  44 "," HB3 PHE A  52 ",-0.0561653603669829
" H   THR A  44 "," H   THR A  53 ",-0.685329200118934
" H   THR A  44 "," HA  THR A  53 ",-0.0155426712076753
" H   THR A  44 "," HB  THR A  53 ",-0.0675846681914799
" H   THR A  44 "," HG1 THR A  53 ",-0.0287444559443941
" H   THR A  44 "," HA  VAL A  54 ",-0.0386190290719385
" HA  THR A  44 "," HB  THR A  44 ",-0.718588546436546
" HA  THR A  44 "," HG1 THR A  44 ",-0.0457551606885577
" HA  THR A  44 "," H   TYR A  45 ",-1.62574423569831
" HA  THR A  44 "," HA  TYR A  45 ",-0.0279790113988371
" HA  THR A  44 "," HB2 TYR A  45 ",-0.0141549206062278
" HA  THR A  44 "," HB3 TYR A  45 ",-0.0322480839825761
" HA  THR A  44 "," H   THR A  53 ",-0.0176875309150478
" HB  THR A  44 "," HG1 THR A  44 ",-1.18886258838528
" HB  THR A  44 "," H   TYR A  45 ",-0.587680844180906
" HB  THR A  44 "," HA  TYR A  45 ",-0.041181535344732
" HB  THR A  44 "," HB2 ASP A  46 ",-0.00905627854276292
" HB  THR A  44 "," HA  PHE A  52 ",-0.0136682521747535
" HB  THR A  44 "," H   THR A  53 ",-0.0275268026027881
" HB  THR A  44 "," HB  THR A  53 ",-0.0316607773813475
" HB  THR A  44 "," HG1 THR A  53 ",-0.0455872979728678
" HG1 THR A  44 "," H   TYR A  45 ",-0.0167156076194173
" HG1 THR A  44 "," HA  PHE A  52 ",-0.0107928332384644
" HG1 THR A  44 "," H   THR A  53 ",-0.054448161560687
" HG1 THR A  44 "," HA  THR A  53 ",-0.0124768522798155
" HG1 THR A  44 "," HB  THR A  53 ",-0.628530879484196
" HG1 THR A  44 "," HG1 THR A  53 ",-0.467014185226029
" HG1 THR A  44 "," HG1 THR A  55 ",-0.00869899571983311
" H   TYR A  45 "," HA  TYR A  45 ",-0.280932660760925
" H   TYR A  45 "," HB2 TYR A  45 ",-0.0648202321894105
" H   TYR A  45 "," HB3 TYR A  45 ",-0.265472062829686
" H   TYR A  45 "," H   ASP A  46 ",-0.032725417052586
" H   TYR A  45 "," HA  ASP A  46 ",-0.0208014609629201
" H   TYR A  45 "," HB2 ASP A  46 ",-0.0118065811965978
" H   TYR A  45 "," HA  PHE A  52 ",-0.0167949832951345
" H   TYR A  45 "," HG1 THR A  53 ",-0.00643895067021551
" HA  TYR A  45 "," HB2 TYR A  45 ",-1.06749749716931
" HA  TYR A  45 "," HB3 TYR A  45 ",-0.282961220579425
" HA  TYR A  45 "," H   ASP A  46 ",-2.00516255424271
" HA  TYR A  45 "," HA  ASP A  46 ",-0.0281275587040715
" HA  TYR A  45 "," HB2 ASP A  46 ",-0.025741863598265
" HA  TYR A  45 "," HB3 ASP A  46 ",-0.0226669191228615
" HA  TYR A  45 "," H   THR A  51 ",-0.0200224981577052
" HA  TYR A  45 "," H   PHE A  52 ",-0.012381671639307
" HA  TYR A  45 "," HA  PHE A  52 ",-0.670097608248884
" HA  TYR A  45 "," HB2 PHE A  52 ",-0.0101729143488073
" HA  TYR A  45 "," HB3 PHE A  52 ",-0.0328805262786907
" HA  TYR A  45 "," H   THR A  53 ",-0.0410367707906416
" HA  TYR A  45 "," HG1 THR A  53 ",-0.0164742871864046
" HB2 TYR A  45 "," HB3 TYR A  45 ",-3.92252374636951
" HB2 TYR A  45 "," H   ASP A  46 ",-0.107600401395386
" HB2 TYR A  45 "," HA  LYS A  50 ",-0.0128584368473215
" HB2 TYR A  45 "," H   THR A  51 ",-0.0152564066982852
" HB2 TYR A  45 "," HA  PHE A  52 ",-0.0776572639742956
" HB2 TYR A  45 "," HB3 PHE A  52 ",-0.0256425106363581
" HB2 TYR A  45 "," HZ  PHE A  52 ",-0.059092529447526
" HB3 TYR A  45 "," H   ASP A  46 ",-0.0273635046985605
" HB3 TYR A  45 "," HA  ASP A  46 ",-0.00824422516209979
" HB3 TYR A  45 "," HA  PHE A  52 ",-0.0541914105667048
" HB3 TYR A  45 "," HB3 PHE A  52 ",-0.0201520159179885
" HB3 TYR A  45 "," HZ  PHE A  52 ",-0.0351802213834341
" HB3 TYR A  45 "," H   THR A  53 ",-0.0108808080181757
" HH  TYR A  45 "," H   ASP A  47 ",-0.0125395278069583
" HH  TYR A  45 "," HA  ASP A  47 ",-0.262303634538419
" HH  TYR A  45 "," HB2 ASP A  47 ",-0.0970405687060963
" HH  TYR A  45 "," HB3 ASP A  47 ",-0.034502331540293
" HH  TYR A  45 "," H   LYS A  50 ",-0.00763341816378695
" HH  TYR A  45 "," HA  LYS A  50 ",-0.0434269011498003
" HH  TYR A  45 "," HB2 LYS A  50 ",-0.00555025393086182
" HH  TYR A  45 "," HB3 LYS A  50 ",-0.0291434015765238
" HH  TYR A  45 "," HZ  PHE A  52 ",-0.0158857263077909
" H   ASP A  46 "," HA  ASP A  46 ",-0.279985891398916
" H   ASP A  46 "," HB2 ASP A  46 ",-0.25020562196678
" H   ASP A  46 "," HB3 ASP A  46 ",-0.66037245226361
" H   ASP A  46 "," H   ASP A  47 ",-0.0454586190459162
" H   ASP A  46 "," HA  ASP A  47 ",-0.0162105821959159
" H   ASP A  46 "," H   THR A  49 ",-0.0252724055686472
" H   ASP A  46 "," HA  LYS A  50 ",-0.0273877674846726
" H   ASP A  46 "," H   THR A  51 ",-0.144122945767264
" H   ASP A  46 "," HA  THR A  51 ",-0.0092198216495492
" H   ASP A  46 "," HB  THR A  51 ",-0.0185063828273764
" H   ASP A  46 "," H   PHE A  52 ",-0.00874022447995879
" H   ASP A  46 "," HA  PHE A  52 ",-0.0650050002904581
" HA  ASP A  46 "," HB2 ASP A  46 ",-0.856221433721778
" HA  ASP A  46 "," HB3 ASP A  46 ",-0.27509720042713
" HA  ASP A  46 "," H   ASP A  47 ",-1.65499350153331
" HA  ASP A  46 "," HA  ASP A  47 ",-0.0302548037243611
" HA  ASP A  46 "," HB2 ASP A  47 ",-0.0109654601082002
" HA  ASP A  46 "," HB3 ASP A  47 ",-0.0256553896848046
" HA  ASP A  46 "," H   ALA A  48 ",-0.0841299675937274
" HA  ASP A  46 "," H   THR A  49 ",-0.0252178310962555
" HA  ASP A  46 "," H   THR A  51 ",-0.00850105549870368
" HB2 ASP A  46 "," HB3 ASP A  46 ",-7.33707279317096
" HB2 ASP A  46 "," H   ASP A  47 ",-0.0392183728940315
" HB2 ASP A  46 "," H   ALA A  48 ",-0.0171357572668033
" HB2 ASP A  46 "," H   THR A  49 ",-0.0249910934263465
" HB2 ASP A  46 "," HG1 THR A  49 ",-0.0149539762780236
" HB2 ASP A  46 "," H   THR A  51 ",-0.0140651204363834
" HB2 ASP A  46 "," HB  THR A  51 ",-0.0124220927680347
" HB3 ASP A  46 "," H   ASP A  47 ",-0.0386269275274402
" HB3 ASP A  46 "," H   ALA A  48 ",-0.0382750144580097
" HB3 ASP A  46 "," H   THR A  49 ",-0.27534277854804
" HB3 ASP A  46 "," HB  THR A  49 ",-0.0430486707246068
" HB3 ASP A  46 "," HG1 THR A  49 ",-0.205739763302833
" HB3 ASP A  46 "," H   LYS A  50 ",-0.0115897060010009
" HB3 ASP A  46 "," HA  LYS A  50 ",-0.00881656618238175
" HB3 ASP A  46 "," H   THR A  51 ",-0.155844360782007
" HB3 ASP A  46 "," HB  THR A  51 ",-0.0819296796204481
" H   ASP A  47 "," HA  ASP A  47 ",-0.43867844299815
" H   ASP A  47 "," HB2 ASP A  47 ",-0.225347745361664
" H   ASP A  47 "," HB3 ASP A  47 ",-1.57263769288846
" H   ASP A  47 "," H   ALA A  48 ",-0.464362783889727
" H   ASP A  47 "," H   THR A  49 ",-0.0347675781776059
" H   ASP A  47 "," H   LYS A  50 ",-0.0079688041425553
" H   ASP A  47 "," HA  LYS A  50 ",-0.00820212053356397
" HA  ASP A  47 "," HB2 ASP A  47 ",-1.29023486990619
" HA  ASP A  47 "," HB3 ASP A  47 ",-0.402752109764073
" HA  ASP A  47 "," H   ALA A  48 ",-0.109992819401797
" HA  ASP A  47 "," HA  ALA A  48 ",-0.0156414385745297
" HA  ASP A  47 "," H   THR A  49 ",-0.0526501362960868
" HA  ASP A  47 "," H   LYS A  50 ",-0.154618364604489
" HA  ASP A  47 "," HA  LYS A  50 ",-0.166224389001929
" HA  ASP A  47 "," HB3 LYS A  50 ",-0.024451601788442
" HA  ASP A  47 "," HG2 LYS A  50 ",-0.00931088731122607
" HA  ASP A  47 "," HD3 LYS A  50 ",-0.0148111198133206
" HA  ASP A  47 "," H   THR A  51 ",-0.0126378753384631
" HB2 ASP A  47 "," HB3 ASP A  47 ",-3.81750591912052
" HB2 ASP A  47 "," H   ALA A  48 ",-0.047219538967249
" HB2 ASP A  47 "," HA  ALA A  48 ",-0.0102235965130911
" HB2 ASP A  47 "," H   LYS A  50 ",-0.00818508621362149
" HB3 ASP A  47 "," H   ALA A  48 ",-0.326656086470678
" HB3 ASP A  47 "," HA  ALA A  48 ",-0.013824543141646
" H   ALA A  48 "," HA  ALA A  48 ",-0.456815270396181
" H   ALA A  48 "," H   THR A  49 ",-0.416125765586658
" H   ALA A  48 "," HG1 THR A  49 ",-0.0130564415208314
" H   ALA A  48 "," H   LYS A  50 ",-0.0217393511330027
" HA  ALA A  48 "," H   THR A  49 ",-0.106580810747579
" HA  ALA A  48 "," HA  THR A  49 ",-0.0238004083792403
" HA  ALA A  48 "," H   LYS A  50 ",-0.0124755340240258
" H   THR A  49 "," HA  THR A  49 ",-0.305705469550345
" H   THR A  49 "," HB  THR A  49 ",-0.204608681389609
" H   THR A  49 "," HG1 THR A  49 ",-1.24041499310778
" H   THR A  49 "," H   LYS A  50 ",-0.584434259321683
" H   THR A  49 "," HA  LYS A  50 ",-0.0273748197103214
" H   THR A  49 "," HG2 LYS A  50 ",-0.0180981702595194
" H   THR A  49 "," HD3 LYS A  50 ",-0.00839486930631762
" H   THR A  49 "," H   THR A  51 ",-0.075412978821171
" H   THR A  49 "," HB  THR A  51 ",-0.0116051431570287
" HA  THR A  49 "," HB  THR A  49 ",-0.602844556903341
" HA  THR A  49 "," HG1 THR A  49 ",-0.101085720665415
" HA  THR A  49 "," H   LYS A  50 ",-0.253949184517227
" HA  THR A  49 "," HA  LYS A  50 ",-0.0187501626061234
" HA  THR A  49 "," HB2 LYS A  50 ",-0.0115792463467726
" HA  THR A  49 "," HG2 LYS A  50 ",-0.23984765937405
" HA  THR A  49 "," HG3 LYS A  50 ",-0.0460156705065843
" HA  THR A  49 "," HD3 LYS A  50 ",-0.0183395725811394
" HA  THR A  49 "," HE3 LYS A  50 ",-0.0108294259827533
" HA  THR A  49 "," H   THR A  51 ",-0.0208962328505545
" HB  THR A  49 "," HG1 THR A  49 ",-0.450026731439643
" HB  THR A  49 "," H   LYS A  50 ",-0.0385162264689559
" HB  THR A  49 "," HG2 LYS A  50 ",-0.0126479206079114
" HB  THR A  49 "," HG3 LYS A  50 ",-0.0150067493959337
" HB  THR A  49 "," H   THR A  51 ",-0.0235510221731676
" HB  THR A  49 "," HB  THR A  51 ",-0.0298199991915883
" HB  THR A  49 "," HG1 THR A  51 ",-0.0254771910057854
" HG1 THR A  49 "," H   LYS A  50 ",-0.47590589061861
" HG1 THR A  49 "," HA  LYS A  50 ",-0.0134552680385942
" HG1 THR A  49 "," H   THR A  51 ",-0.247737200284747
" HG1 THR A  49 "," HA  THR A  51 ",-0.0110181579297314
" HG1 THR A  49 "," HB  THR A  51 ",-0.280522745727018
" HG1 THR A  49 "," HG1 THR A  51 ",-0.0354478100303064
" H   LYS A  50 "," HA  LYS A  50 ",-0.650540910294067
" H   LYS A  50 "," HB2 LYS A  50 ",-0.169387778450517
" H   LYS A  50 "," HB3 LYS A  50 ",-0.132925223124696
" H   LYS A  50 "," HG2 LYS A  50 ",-0.287093942706365
" H   LYS A  50 "," HG3 LYS A  50 ",-0.0412226394427052
" H   LYS A  50 "," HD2 LYS A  50 ",-0.00912912640301905
" H   LYS A  50 "," HD3 LYS A  50 ",-0.0113041444023947
" H   LYS A  50 "," HE3 LYS A  50 ",-0.0112032980547952
" H   LYS A  50 "," H   THR A  51 ",-0.489321857342351
" H   LYS A  50 "," HA  THR A  51 ",-0.0157639989397576
" H   LYS A  50 "," HB  THR A  51 ",-0.0288410951787538
" H   LYS A  50 "," HG1 THR A  51 ",-0.0124844198091301
" HA  LYS A  50 "," HB2 LYS A  50 ",-0.395265771638079
" HA  LYS A  50 "," HB3 LYS A  50 ",-1.20394437677951
" HA  LYS A  50 "," HG2 LYS A  50 ",-0.166266881021147
" HA  LYS A  50 "," HG3 LYS A  50 ",-0.0588867564897349
" HA  LYS A  50 "," HD2 LYS A  50 ",-0.429236899190742
" HA  LYS A  50 "," HD3 LYS A  50 ",-0.0757038205496751
" HA  LYS A  50 "," HE2 LYS A  50 ",-0.0161145108625343
" HA  LYS A  50 "," HE3 LYS A  50 ",-0.0133109235563303
" HA  LYS A  50 "," H   THR A  51 ",-0.506704838530842
" HA  LYS A  50 "," HA  THR A  51 ",-0.0285637224169646
" HA  LYS A  50 "," HZ  PHE A  52 ",-0.0136055520911921
" HB2 LYS A  50 "," HB3 LYS A  50 ",-4.03820689405542
" HB2 LYS A  50 "," HG2 LYS A  50 ",-0.44872088576426
" HB2 LYS A  50 "," HG3 LYS A  50 ",-0.577174909857761
" HB2 LYS A  50 "," HD2 LYS A  50 ",-0.0802650944734857
" HB2 LYS A  50 "," HD3 LYS A  50 ",-0.489453004964956
" HB2 LYS A  50 "," HE2 LYS A  50 ",-0.0559781782259729
" HB2 LYS A  50 "," HE3 LYS A  50 ",-0.0162438721616639
" HB2 LYS A  50 "," H   THR A  51 ",-0.0337766543389782
" HB2 LYS A  50 "," HA  THR A  51 ",-0.022208169703292
" HB3 LYS A  50 "," HG2 LYS A  50 ",-0.540544403185956
" HB3 LYS A  50 "," HG3 LYS A  50 ",-0.320866354910941
" HB3 LYS A  50 "," HD2 LYS A  50 ",-0.591331808704836
" HB3 LYS A  50 "," HD3 LYS A  50 ",-0.244760922322601
" HB3 LYS A  50 "," HE2 LYS A  50 ",-0.244040107604669
" HB3 LYS A  50 "," HE3 LYS A  50 ",-0.0733562930710204
" HB3 LYS A  50 "," H   THR A  51 ",-0.0233009984552198
" HB3 LYS A  50 "," HA  THR A  51 ",-0.010285070546092
" HG2 LYS A  50 "," HG3 LYS A  50 ",-3.90117461632304
" HG2 LYS A  50 "," HD2 LYS A  50 ",-0.250554394263157
" HG2 LYS A  50 "," HD3 LYS A  50 ",-0.601955121038409
" HG2 LYS A  50 "," HE2 LYS A  50 ",-0.219268074932837
" HG2 LYS A  50 "," HE3 LYS A  50 ",-1.03128695244854
" HG2 LYS A  50 "," H   THR A  51 ",-0.0179455260785449
" HG3 LYS A  50 "," HD2 LYS A  50 ",-0.69030590528321
" HG3 LYS A  50 "," HD3 LYS A  50 ",-0.252894441971141
" HG3 LYS A  50 "," HE2 LYS A  50 ",-1.27595682122789
" HG3 LYS A  50 "," HE3 LYS A  50 ",-0.0980035324304076
" HG3 LYS A  50 "," H   THR A  51 ",-0.0145981257373509
" HG3 LYS A  50 "," HA  THR A  51 ",-0.00833108363275333
" HG3 LYS A  50 "," HG1 THR A  51 ",-0.00965064856024049
" HD2 LYS A  50 "," HD3 LYS A  50 ",-4.98028816864238
" HD2 LYS A  50 "," HE2 LYS A  50 ",-0.226518995064974
" HD2 LYS A  50 "," HE3 LYS A  50 ",-0.681323819726031
" HD3 LYS A  50 "," HE2 LYS A  50 ",-0.53564053182924
" HD3 LYS A  50 "," HE3 LYS A  50 ",-0.275890594005181
" HE2 LYS A  50 "," HE3 LYS A  50 ",-4.6958284917887
" H   THR A  51 "," HA  THR A  51 ",-0.312938074330807
" H   THR A  51 "," HB  THR A  51 ",-0.743836982677554
" H   THR A  51 "," HG1 THR A  51 ",-0.0465407573974564
" H   THR A  51 "," H   PHE A  52 ",-0.0323168524122553
" H   THR A  51 "," HA  PHE A  52 ",-0.0168592893737715
" HA  THR A  51 "," HB  THR A  51 ",-0.291668368579077
" HA  THR A  51 "," HG1 THR A  51 ",-0.564132327278969
" HA  THR A  51 "," H   PHE A  52 ",-2.30106911159512
" HA  THR A  51 "," HA  PHE A  52 ",-0.0312212294986166
" HA  THR A  51 "," HB2 PHE A  52 ",-0.0258973217522177
" HB  THR A  51 "," HG1 THR A  51 ",-0.612553259922806
" HB  THR A  51 "," H   PHE A  52 ",-0.0367168582417112
" HB  THR A  51 "," HA  PHE A  52 ",-0.0147667861267809
" HG1 THR A  51 "," H   PHE A  52 ",-0.0253551332714281
" H   PHE A  52 "," HA  PHE A  52 ",-0.32297494238251
" H   PHE A  52 "," HB2 PHE A  52 ",-0.929224505970963
" H   PHE A  52 "," HB3 PHE A  52 ",-0.0900200306785501
" H   PHE A  52 "," H   THR A  53 ",-0.024186750669997
" HA  PHE A  52 "," HB2 PHE A  52 ",-0.290862030189032
" HA  PHE A  52 "," HB3 PHE A  52 ",-0.933621028947844
" HA  PHE A  52 "," H   THR A  53 ",-1.36236965271902
" HA  PHE A  52 "," HA  THR A  53 ",-0.0283146711504216
" HA  PHE A  52 "," HB  THR A  53 ",-0.0187681706982821
" HA  PHE A  52 "," HG1 THR A  53 ",-0.1346746469288
" HB2 PHE A  52 "," HB3 PHE A  52 ",-7.53909604816437
" HB2 PHE A  52 "," H   THR A  53 ",-0.0834660020124422
" HB2 PHE A  52 "," HA  THR A  53 ",-0.0218465624615115
" HB3 PHE A  52 "," H   THR A  53 ",-0.80265733561628
" HB3 PHE A  52 "," HA  THR A  53 ",-0.030748907727324
" HB3 PHE A  52 "," HG1 THR A  53 ",-0.015555452568893
" HB3 PHE A  52 "," HB  VAL A  54 ",-0.0131102666131882
" H   THR A  53 "," HA  THR A  53 ",-0.316141946487764
" H   THR A  53 "," HB  THR A  53 ",-0.343112540902878
" H   THR A  53 "," HG1 THR A  53 ",-0.593321555883781
" H   THR A  53 "," H   VAL A  54 ",-0.0360605020373921
" H   THR A  53 "," HA  VAL A  54 ",-0.0190829399337075
" H   THR A  53 "," HB  VAL A  54 ",-0.0131169578463828
" HA  THR A  53 "," HB  THR A  53 ",-0.290963182448419
" HA  THR A  53 "," HG1 THR A  53 ",-0.125746697284995
" HA  THR A  53 "," H   VAL A  54 ",-2.27225668599307
" HA  THR A  53 "," HA  VAL A  54 ",-0.03002411283001
" HA  THR A  53 "," HB  VAL A  54 ",-0.0219589038403775
" HB  THR A  53 "," HG1 THR A  53 ",-0.682710851494049
" HB  THR A  53 "," H   VAL A  54 ",-0.0545596426517368
" HB  THR A  53 "," HA  VAL A  54 ",-0.0250575162193459
" HB  THR A  53 "," HG1 THR A  55 ",-0.0148625906945674
" HG1 THR A  53 "," H   VAL A  54 ",-0.0106945298717971
" H   VAL A  54 "," HA  VAL A  54 ",-0.30294260541104
" H   VAL A  54 "," HB  VAL A  54 ",-0.209671914480383
" H   VAL A  54 "," H   THR A  55 ",-0.0320689197771444
" H   VAL A  54 "," HA  THR A  55 ",-0.0168986126822376
" HA  VAL A  54 "," HB  VAL A  54 ",-1.11538093291722
" HA  VAL A  54 "," H   THR A  55 ",-2.3209810934043
" HA  VAL A  54 "," HA  THR A  55 ",-0.0310529693850118
" HA  VAL A  54 "," HB  THR A  55 ",-0.0150733725091563
" HA  VAL A  54 "," HG1 THR A  55 ",-0.0310275479077769
" HB  VAL A  54 "," H   THR A  55 ",-0.039803867303917
" H   THR A  55 "," HA  THR A  55 ",-0.310573894505236
" H   THR A  55 "," HB  THR A  55 ",-0.403958561370159
" H   THR A  55 "," HG1 THR A  55 ",-0.309546125469205
" H   THR A  55 "," H   GLU A  56 ",-0.0264369551414873
" H   THR A  55 "," HA  GLU A  56 ",-0.0143119771241568
" HA  THR A  55 "," HB  THR A  55 ",-0.306493162994144
" HA  THR A  55 "," HG1 THR A  55 ",-0.115242224598786
" HA  THR A  55 "," H   GLU A  56 ",-1.10571100686764
" HA  THR A  55 "," HA  GLU A  56 ",-0.0304176217141636
" HA  THR A  55 "," HB2 GLU A  56 ",-0.030408093525991
" HA  THR A  55 "," HG2 GLU A  56 ",-0.0100426727944904
" HB  THR A  55 "," HG1 THR A  55 ",-1.36151535547653
" HB  THR A  55 "," H   GLU A  56 ",-0.534966079956264
" HB  THR A  55 "," HA  GLU A  56 ",-0.0267281214021836
" HB  THR A  55 "," HB2 GLU A  56 ",-0.0106590111658652
" HG1 THR A  55 "," H   GLU A  56 ",-0.0191299353996225
" H   GLU A  56 "," HA  GLU A  56 ",-0.259896582590484
" H   GLU A  56 "," HB2 GLU A  56 ",-1.07579196911747
" H   GLU A  56 "," HB3 GLU A  56 ",-0.235493567801382
" H   GLU A  56 "," HG2 GLU A  56 ",-0.0322621093174405
" H   GLU A  56 "," HG3 GLU A  56 ",-0.0234713146321586
" HA  GLU A  56 "," HB2 GLU A  56 ",-0.29679574952732
" HA  GLU A  56 "," HB3 GLU A  56 ",-0.320205851811331
" HA  GLU A  56 "," HG2 GLU A  56 ",-0.767616801995352
" HA  GLU A  56 "," HG3 GLU A  56 ",-0.229721303678203
" HB2 GLU A  56 "," HB3 GLU A  56 ",-5.24713721376811
" HB2 GLU A  56 "," HG2 GLU A  56 ",-0.268398175696203
" HB2 GLU A  56 "," HG3 GLU A  56 ",-0.832601213050822
" HB3 GLU A  56 "," HG2 GLU A  56 ",-0.277674038276864
" HB3 GLU A  56 "," HG3 GLU A  56 ",-0.274112968793914
" HG2 GLU A  56 "," HG3 GLU A  56 ",-4.84294831532742
