"","atom1","atom2","i1","i2","g1","g2","s2","rm3","rm6","rmin","rmax","rsd","x","y","z","x.1","y.1","z.1"
"1:HA-1:HB1"," HA  MET     1 "," HB1 MET     1 ",6,8,0.00133040067095554,0.00133040067095554,1,3.0153397818488,3.0153397818488,3.0153397818488,3.0153397818488,0,2.272,-0.413000000000004,-1.939,2.272,-0.413000000000004,-1.939
"1:HA-1:HB2"," HA  MET     1 "," HB2 MET     1 ",6,9,0.00378455698731686,0.00378455698731686,1,2.53316896396589,2.53316896396589,2.53316896396589,2.53316896396589,0,0.796999999999997,0.405999999999999,-2.37,0.796999999999997,0.405999999999999,-2.37
"1:HA-1:HG1"," HA  MET     1 "," HG1 MET     1 ",6,11,0.00390371748718724,0.00390371748718724,1,2.52011448152659,2.52011448152659,2.52011448152659,2.52011448152659,0,-0.514000000000003,-1.734,-1.755,-0.514000000000003,-1.734,-1.755
"1:HB1-1:HG1"," HB1 MET     1 "," HG1 MET     1 ",8,11,0.00115149017280636,0.00115149017280636,1,3.08880122377598,3.08880122377598,3.08880122377598,3.08880122377598,0,-2.786,-1.321,0.183999999999999,-2.786,-1.321,0.183999999999999
"1:HB2-1:HG1"," HB2 MET     1 "," HG1 MET     1 ",9,11,0.00336004012247034,0.00336004012247034,1,2.583901313905,2.583901313905,2.583901313905,2.583901313905,0,-1.311,-2.14,0.615,-1.311,-2.14,0.615
"1:HA-1:HG2"," HA  MET     1 "," HG2 MET     1 ",6,12,0.00161658934333461,0.00161658934333461,1,2.91899520383299,2.91899520383299,2.91899520383299,2.91899520383299,0,0.939999999999998,-2.45800000000001,-1.263,0.939999999999998,-2.45800000000001,-1.263
"1:HB1-1:HG2"," HB1 MET     1 "," HG2 MET     1 ",8,12,0.00379114652059624,0.00379114652059624,1,2.53243459935296,2.53243459935296,2.53243459935296,2.53243459935296,0,-1.332,-2.045,0.676,-1.332,-2.045,0.676
"1:HB2-1:HG2"," HB2 MET     1 "," HG2 MET     1 ",9,12,0.00118556676039543,0.00118556676039543,1,3.07382400276919,3.07382400276919,3.07382400276919,3.07382400276919,0,0.143000000000001,-2.864,1.107,0.143000000000001,-2.864,1.107
"1:HA-2:H"," HA  MET     1 "," H   GLN     2 ",6,21,0.0004486596365635,0.0004486596365635,1,3.61421374575439,3.61421374575439,3.61421374575439,3.61421374575439,0,3.539,0.293999999999997,0.671999999999999,3.539,0.293999999999997,0.671999999999999
"1:HB1-2:H"," HB1 MET     1 "," H   GLN     2 ",8,21,0.00140781736257406,0.00140781736257406,1,2.98704854329487,2.98704854329487,2.98704854329487,2.98704854329487,0,1.267,0.707000000000001,2.611,1.267,0.707000000000001,2.611
"1:HB2-2:H"," HB2 MET     1 "," H   GLN     2 ",9,21,0.0002114686042753,0.0002114686042753,1,4.09693446371797,4.09693446371797,4.09693446371797,4.09693446371797,0,2.742,-0.112000000000002,3.042,2.742,-0.112000000000002,3.042
"1:HG2-2:H"," HG2 MET     1 "," H   GLN     2 ",12,21,0.000169411597204451,0.000169411597204451,1,4.2511798362337,4.2511798362337,4.2511798362337,4.2511798362337,0,2.599,2.752,1.935,2.599,2.752,1.935
"1:HA-2:HA"," HA  MET     1 "," HA  GLN     2 ",6,23,0.000104288366510529,0.000104288366510529,1,4.6092191312629,4.60921913126291,4.60921913126291,4.60921913126291,0,3.572,-2.554,1.401,3.572,-2.554,1.401
"1:HB1-2:HA"," HB1 MET     1 "," HA  GLN     2 ",8,23,0.000188862891394525,0.000188862891394525,1,4.17486299176392,4.17486299176392,4.17486299176392,4.17486299176392,0,1.3,-2.141,3.34,1.3,-2.141,3.34
"1:HG2-2:HA"," HG2 MET     1 "," HA  GLN     2 ",12,23,0.000361825074998045,0.000361825074998045,1,3.74613614274762,3.74613614274762,3.74613614274762,3.74613614274762,0,2.632,-0.0959999999999965,2.664,2.632,-0.0959999999999965,2.664
"2:H-2:HA"," H   GLN     2 "," HA  GLN     2 ",21,23,0.00154849886933536,0.00154849886933536,1,2.94000578230724,2.94000578230724,2.94000578230724,2.94000578230724,0,0.0329999999999941,-2.848,0.729000000000001,0.0329999999999941,-2.848,0.729000000000001
"1:HB1-2:HB1"," HB1 MET     1 "," HB1 GLN     2 ",8,25,0.000584819062059509,0.000584819062059509,1,3.45803788296195,3.45803788296195,3.45803788296195,3.45803788296195,0,2.849,-1.067,1.644,2.849,-1.067,1.644
"1:HG2-2:HB1"," HG2 MET     1 "," HB1 GLN     2 ",12,25,0.000137506752016852,0.000137506752016852,1,4.40162117861135,4.40162117861135,4.40162117861135,4.40162117861135,0,4.181,0.978000000000002,0.968,4.181,0.978000000000002,0.968
"2:H-2:HB1"," H   GLN     2 "," HB1 GLN     2 ",21,25,0.00350231032399018,0.00350231032399018,1,2.56610385604324,2.56610385604324,2.56610385604324,2.56610385604324,0,1.58199999999999,-1.774,-0.966999999999999,1.58199999999999,-1.774,-0.966999999999999
"2:HA-2:HB1"," HA  GLN     2 "," HB1 GLN     2 ",23,25,0.00376279315654519,0.00376279315654519,1,2.53560505599748,2.53560505599748,2.53560505599748,2.53560505599748,0,1.549,1.074,-1.696,1.549,1.074,-1.696
"2:H-2:HB2"," H   GLN     2 "," HB2 GLN     2 ",21,26,0.000483598979189705,0.000483598979189705,1,3.56932234464751,3.56932234464751,3.56932234464751,3.56932234464751,0,2.486,-2.529,0.405000000000001,2.486,-2.529,0.405000000000001
"2:HA-2:HB2"," HA  GLN     2 "," HB2 GLN     2 ",23,26,0.00414765430505826,0.00414765430505826,1,2.49478375816422,2.49478375816422,2.49478375816422,2.49478375816422,0,2.453,0.318999999999996,-0.324,2.453,0.318999999999996,-0.324
"2:H-2:HG1"," H   GLN     2 "," HG1 GLN     2 ",21,28,0.000587681887040703,0.000587681887040703,1,3.45522459472608,3.45522459472608,3.45522459472608,3.45522459472608,0,3.148,-0.552,1.313,3.148,-0.552,1.313
"2:HA-2:HG1"," HA  GLN     2 "," HG1 GLN     2 ",23,28,0.000278338119590209,0.000278338119590209,1,3.91355298929247,3.91355298929247,3.91355298929247,3.91355298929247,0,3.115,2.296,0.584,3.115,2.296,0.584
"2:HB1-2:HG1"," HB1 GLN     2 "," HG1 GLN     2 ",25,28,0.00130793345475827,0.00130793345475827,1,3.02391137436268,3.02391137436268,3.02391137436268,3.02391137436268,0,1.566,1.222,2.28,1.566,1.222,2.28
"2:HB2-2:HG1"," HB2 GLN     2 "," HG1 GLN     2 ",26,28,0.00723130490237628,0.00723130490237628,1,2.27403539990036,2.27403539990036,2.27403539990036,2.27403539990036,0,0.661999999999999,1.977,0.907999999999999,0.661999999999999,1.977,0.907999999999999
"1:HB1-2:HG2"," HB1 MET     1 "," HG2 GLN     2 ",8,29,0.000118162024810922,0.000118162024810922,1,4.51426461342266,4.51426461342266,4.51426461342266,4.51426461342266,0,3.264,1.108,2.915,3.264,1.108,2.915
"2:H-2:HG2"," H   GLN     2 "," HG2 GLN     2 ",21,29,0.0131076777171991,0.0131076777171991,1,2.05942370579733,2.05942370579733,2.05942370579733,2.05942370579733,0,1.997,0.401000000000003,0.304,1.997,0.401000000000003,0.304
"2:HA-2:HG2"," HA  GLN     2 "," HG2 GLN     2 ",23,29,0.00032172435416463,0.00032172435416463,1,3.8201992094654,3.8201992094654,3.8201992094654,3.8201992094654,0,1.96400000000001,3.249,-0.425000000000001,1.96400000000001,3.249,-0.425000000000001
"2:HB1-2:HG2"," HB1 GLN     2 "," HG2 GLN     2 ",25,29,0.00361076118227973,0.00361076118227973,1,2.55309439700142,2.55309439700142,2.55309439700142,2.55309439700142,0,0.415000000000006,2.175,1.271,0.415000000000006,2.175,1.271
"2:HB2-2:HG2"," HB2 GLN     2 "," HG2 GLN     2 ",26,29,0.00145042432255812,0.00145042432255812,1,2.9722419147842,2.9722419147842,2.9722419147842,2.9722419147842,0,-0.488999999999997,2.93000000000001,-0.101000000000001,-0.488999999999997,2.93000000000001,-0.101000000000001
"2:H-2:HE21"," H   GLN     2 ","HE21 GLN     2 ",21,33,0.000145923896160317,0.000145923896160317,1,4.35825125480393,4.35825125480393,4.35825125480393,4.35825125480393,0,3.991,1.743,-0.167999999999999,3.991,1.743,-0.167999999999997
"2:HB1-2:HE21"," HB1 GLN     2 ","HE21 GLN     2 ",25,33,0.000150233352346891,0.000150233352346891,1,4.33716162945307,4.33716162945307,4.33716162945307,4.33716162945307,0,2.40900000000001,3.517,0.798999999999999,2.40900000000001,3.517,0.799000000000001
"2:HB2-2:HE21"," HB2 GLN     2 ","HE21 GLN     2 ",26,33,0.000110432826104891,0.000110432826104891,1,4.56545047065457,4.56545047065457,4.56545047065457,4.56545047065457,8.88178419700125e-16,1.505,4.27200000000001,-0.573,1.505,4.27200000000001,-0.572999999999999
"2:HG1-2:HE21"," HG1 GLN     2 ","HE21 GLN     2 ",28,33,0.00183302668614483,0.00183302668614483,1,2.85850223018979,2.85850223018979,2.85850223018979,2.85850223018979,6.2803698347351e-16,0.843000000000004,2.295,-1.481,0.843000000000004,2.295,-1.481
"2:HG2-2:HE21"," HG2 GLN     2 ","HE21 GLN     2 ",29,33,0.00463012966563181,0.00463012966563181,1,2.44944565157098,2.44944565157098,2.44944565157098,2.44944565157098,4.44089209850063e-16,1.994,1.342,-0.472,1.994,1.342,-0.471999999999998
"2:HB1-2:HE22"," HB1 GLN     2 ","HE22 GLN     2 ",25,34,0.000126689916405082,0.000126689916405082,1,4.46213794049445,4.46213794049445,4.46213794049444,4.46213794049445,3.20237283398938e-15,3.425,2.819,-0.483000000000001,3.425,2.819,-0.482999999999999
"2:HB2-2:HE22"," HB2 GLN     2 ","HE22 GLN     2 ",26,34,8.69778505476649e-05,8.69778505476649e-05,1,4.75078330383528,4.75078330383528,4.75078330383527,4.75078330383528,3.76822190084106e-15,2.521,3.57400000000001,-1.855,2.521,3.574,-1.855
"2:HG1-2:HE22"," HG1 GLN     2 ","HE22 GLN     2 ",28,34,0.000394015263871328,0.000394015263871328,1,3.69329920261004,3.69329920261004,3.69329920261004,3.69329920261005,3.14018491736755e-15,1.859,1.597,-2.763,1.859,1.59699999999999,-2.763
"2:HG2-2:HE22"," HG2 GLN     2 ","HE22 GLN     2 ",29,34,0.000505741359506578,0.000505741359506578,1,3.5427887320584,3.5427887320584,3.5427887320584,3.5427887320584,1.60118641699469e-15,3.01,0.643999999999998,-1.754,3.01,0.643999999999991,-1.754
"2:H-3:H"," H   GLN     2 "," H   TYR     3 ",21,38,0.000117738150362759,0.000117738150362759,1,4.51696922725847,4.51696922725847,4.51696922725847,4.51696922725847,0,1.431,-3.605,2.315,1.431,-3.605,2.315
"2:HA-3:H"," HA  GLN     2 "," H   TYR     3 ",23,38,0.0077978002799201,0.0077978002799201,1,2.24562886515114,2.24562886515114,2.24562886515114,2.24562886515114,0,1.398,-0.756999999999998,1.586,1.398,-0.756999999999998,1.586
"2:HB1-3:H"," HB1 GLN     2 "," H   TYR     3 ",25,38,0.000353197351588534,0.000353197351588534,1,3.76123463772203,3.76123463772203,3.76123463772203,3.76123463772203,0,-0.150999999999996,-1.831,3.282,-0.150999999999996,-1.831,3.282
"2:HB2-3:H"," HB2 GLN     2 "," H   TYR     3 ",26,38,0.00482255036584103,0.00482255036584103,1,2.43287915852802,2.43287915852802,2.43287915852802,2.43287915852802,0,-1.055,-1.07599999999999,1.91,-1.055,-1.07599999999999,1.91
"2:HG1-3:H"," HG1 GLN     2 "," H   TYR     3 ",28,38,0.000427663648375392,0.000427663648375392,1,3.64319941809393,3.64319941809393,3.64319941809393,3.64319941809393,0,-1.717,-3.053,1.002,-1.717,-3.053,1.002
"2:HG2-3:H"," HG2 GLN     2 "," H   TYR     3 ",29,38,0.000117573805990789,0.000117573805990789,1,4.51802091628625,4.51802091628625,4.51802091628625,4.51802091628625,0,-0.566000000000003,-4.006,2.011,-0.566000000000003,-4.006,2.011
"2:HA-3:HA"," HA  GLN     2 "," HA  TYR     3 ",23,40,0.000166065266129857,0.000166065266129857,1,4.26533879076446,4.26533879076446,4.26533879076446,4.26533879076446,2.51214793389404e-15,0.767000000000003,0.301000000000002,4.185,0.767000000000003,0.301000000000002,4.185
"2:HB2-3:HA"," HB2 GLN     2 "," HA  TYR     3 ",26,40,8.03520453031987e-05,8.03520453031988e-05,1,4.81393820068351,4.81393820068351,4.81393820068351,4.81393820068351,1.98602732259782e-15,-1.686,-0.0179999999999936,4.509,-1.686,-0.0179999999999936,4.509
"2:HG1-3:HA"," HG1 GLN     2 "," HA  TYR     3 ",28,40,8.82574959364181e-05,8.82574959364181e-05,1,4.73923306031683,4.73923306031683,4.73923306031683,4.73923306031683,1.98602732259782e-15,-2.348,-1.995,3.601,-2.348,-1.995,3.601
"3:H-3:HA"," H   TYR     3 "," HA  TYR     3 ",38,40,0.0017665139731099,0.0017665139731099,1,2.87616515520232,2.87616515520232,2.87616515520232,2.87616515520233,2.22044604925031e-15,-0.631,1.058,2.599,-0.631,1.058,2.599
"3:H-3:HB1"," H   TYR     3 "," HB1 TYR     3 ",38,42,0.000340811524524583,0.000340811524524583,1,3.78367902972755,3.78367902972755,3.78367902972755,3.78367902972755,2.51214793389404e-15,0.0970000000000013,-0.943000000000005,3.663,0.0970000000000013,-0.943000000000005,3.663
"3:HA-3:HB1"," HA  TYR     3 "," HB1 TYR     3 ",40,42,0.005497328174026,0.005497328174026,1,2.38035312506359,2.38035312506359,2.38035312506359,2.38035312506359,0,0.728000000000002,-2.001,1.064,0.728000000000002,-2.001,1.064
"2:HA-3:HB2"," HA  GLN     2 "," HB2 TYR     3 ",23,43,7.36902408039998e-05,7.36902408039998e-05,1,4.88388021966141,4.88388021966141,4.88388021966141,4.88388021966141,1.98602732259782e-15,2.042,-2.419,3.719,2.042,-2.419,3.719
"2:HB2-3:HB2"," HB2 GLN     2 "," HB2 TYR     3 ",26,43,7.22348528647383e-05,7.22348528647383e-05,1,4.90014428359002,4.90014428359002,4.90014428359002,4.90014428359002,2.51214793389404e-15,-0.411000000000001,-2.738,4.043,-0.411000000000001,-2.738,4.043
"3:H-3:HB2"," H   TYR     3 "," HB2 TYR     3 ",38,43,0.00216781928678316,0.00216781928678316,1,2.77968865162989,2.77968865162989,2.77968865162989,2.77968865162989,1.88411095042053e-15,0.643999999999998,-1.66200000000001,2.133,0.643999999999998,-1.66200000000001,2.133
"3:HA-3:HB2"," HA  TYR     3 "," HB2 TYR     3 ",40,43,0.00126711948832864,0.00126711948832864,1,3.03993108474518,3.03993108474518,3.03993108474518,3.03993108474518,6.2803698347351e-16,1.275,-2.72000000000001,-0.466000000000001,1.275,-2.72000000000001,-0.466000000000008
"3:H-4:H"," H   TYR     3 "," H   LYS     4 ",38,59,9.58010526315173e-05,9.58010526315173e-05,1,4.67489240517897,4.67489240517897,4.67489240517897,4.67489240517897,0,1.267,1.41699999999999,4.271,1.267,1.41699999999999,4.271
"3:HA-4:H"," HA  TYR     3 "," H   LYS     4 ",40,59,0.0035965434522092,0.0035965434522092,1,2.55477376689209,2.55477376689209,2.55477376689208,2.55477376689209,1.88411095042053e-15,1.898,0.358999999999995,1.672,1.898,0.358999999999995,1.672
"3:HB1-4:H"," HB1 TYR     3 "," H   LYS     4 ",42,59,0.0025619765251026,0.0025619765251026,1,2.70336161103171,2.70336161103171,2.70336161103171,2.70336161103171,6.2803698347351e-16,1.16999999999999,2.36,0.608000000000001,1.16999999999999,2.36,0.607999999999997
"3:HB2-4:H"," HB2 TYR     3 "," H   LYS     4 ",43,59,0.000332163030859398,0.000332163030859398,1,3.79992289395456,3.79992289395456,3.79992289395456,3.79992289395456,1.60118641699469e-15,0.622999999999998,3.079,2.138,0.622999999999998,3.079,2.13800000000001
"2:HG1-4:HA"," HG1 GLN     2 "," HA  LYS     4 ",28,61,7.719184893752e-05,7.719184893752e-05,1,4.84623823186603,4.84623823186603,4.84623823186603,4.84623823186604,1.98602732259782e-15,2.224,-1.643,3.98,2.224,-1.643,3.98
"3:HA-4:HA"," HA  TYR     3 "," HA  LYS     4 ",40,61,0.000105388339360814,0.000105388339360814,1,4.60116604786222,4.60116604786222,4.60116604786222,4.60116604786222,0,4.572,0.351999999999997,0.378999999999998,4.572,0.351999999999997,0.378999999999998
"3:HB1-4:HA"," HB1 TYR     3 "," HA  LYS     4 ",42,61,0.000111410807194482,0.000111410807194482,1,4.5587465382493,4.5587465382493,4.5587465382493,4.5587465382493,0,3.844,2.353,-0.685000000000002,3.844,2.353,-0.685000000000002
"3:HB2-4:HA"," HB2 TYR     3 "," HA  LYS     4 ",43,61,0.000107649985569131,0.000107649985569131,1,4.58491199479336,4.58491199479336,4.58491199479336,4.58491199479336,1.25607396694702e-15,3.297,3.072,0.844999999999999,3.297,3.072,0.845000000000006
"4:H-4:HA"," H   LYS     4 "," HA  LYS     4 ",59,61,0.00145637475635321,0.00145637475635321,1,2.97021447037079,2.97021447037079,2.97021447037079,2.97021447037079,9.93013661298909e-16,2.67400000000001,-0.0069999999999979,-1.293,2.67400000000001,-0.0069999999999979,-1.293
"3:HA-4:HB1"," HA  TYR     3 "," HB1 LYS     4 ",40,63,0.000100205935766602,0.000100205935766602,1,4.63999762930973,4.63999762930973,4.63999762930973,4.63999762930973,1.25607396694702e-15,3.373,2.33499999999999,2.168,3.373,2.33499999999999,2.168
"4:H-4:HB1"," H   LYS     4 "," HB1 LYS     4 ",59,63,0.00394973306230322,0.00394973306230322,1,2.51519720896792,2.51519720896792,2.51519720896792,2.51519720896792,0,1.475,1.976,0.495999999999999,1.475,1.976,0.495999999999999
"4:HA-4:HB1"," HA  LYS     4 "," HB1 LYS     4 ",61,63,0.00158852865027994,0.00158852865027994,1,2.92752643028206,2.92752643028206,2.92752643028206,2.92752643028206,1.60118641699469e-15,-1.19900000000001,1.983,1.789,-1.19900000000001,1.983,1.789
"2:HG1-4:HB2"," HG1 GLN     2 "," HB2 LYS     4 ",28,64,0.000173045821651253,0.000173045821651253,1,4.23616772566904,4.23616772566904,4.23616772566904,4.23616772566904,0,1.298,0.442999999999998,4.008,1.298,0.442999999999998,4.008
"3:HA-4:HB2"," HA  TYR     3 "," HB2 LYS     4 ",40,64,0.00013690085938746,0.00013690085938746,1,4.40486197286589,4.40486197286589,4.40486197286589,4.40486197286589,8.88178419700125e-16,3.646,2.438,0.407,3.646,2.438,0.406999999999996
"4:H-4:HB2"," H   LYS     4 "," HB2 LYS     4 ",59,64,0.00138186478769741,0.00138186478769741,1,2.9963260837232,2.9963260837232,2.9963260837232,2.9963260837232,0,1.748,2.079,-1.265,1.748,2.079,-1.265
"4:HA-4:HB2"," HA  LYS     4 "," HB2 LYS     4 ",61,64,0.00707249840618783,0.00707249840618783,1,2.28246708629062,2.28246708629062,2.28246708629062,2.28246708629062,4.44089209850063e-16,-0.926000000000002,2.086,0.0280000000000022,-0.926000000000002,2.086,0.0279999999999987
"4:H-4:HG1"," H   LYS     4 "," HG1 LYS     4 ",59,66,8.26870444762158e-05,8.26870444762158e-05,1,4.79101012313687,4.79101012313687,4.79101012313687,4.79101012313687,0,4.323,1.957,-0.66,4.323,1.957,-0.66
"4:HA-4:HG1"," HA  LYS     4 "," HG1 LYS     4 ",61,66,0.00294414433974092,0.00294414433974092,1,2.64143635168443,2.64143635168443,2.64143635168443,2.64143635168444,6.2803698347351e-16,1.64899999999999,1.964,0.633000000000003,1.64899999999999,1.964,0.632999999999999
"4:HB1-4:HG1"," HB1 LYS     4 "," HG1 LYS     4 ",63,66,0.00118579001400235,0.00118579001400235,1,3.07372754160156,3.07372754160156,3.07372754160156,3.07372754160156,0,2.848,-0.0189999999999984,-1.156,2.848,-0.0189999999999984,-1.156
"4:HB2-4:HG1"," HB2 LYS     4 "," HG1 LYS     4 ",64,66,0.00290108776178589,0.00290108776178589,1,2.64793013503,2.64793013503,2.64793013503,2.64793013503,0,2.575,-0.122,0.605,2.575,-0.122,0.605
"4:H-4:HG2"," H   LYS     4 "," HG2 LYS     4 ",59,67,0.000117318213338111,0.000117318213338111,1,4.51965994296032,4.51965994296032,4.51965994296032,4.51965994296032,0,3.76600000000001,2.323,0.920999999999999,3.76600000000001,2.323,0.920999999999999
"4:HA-4:HG2"," HA  LYS     4 "," HG2 LYS     4 ",61,67,0.000653559638043165,0.000653559638043165,1,3.39457802974096,3.39457802974096,3.39457802974095,3.39457802974096,1.88411095042053e-15,1.092,2.33,2.214,1.092,2.33,2.214
"4:HB1-4:HG2"," HB1 LYS     4 "," HG2 LYS     4 ",63,67,0.00585043228693802,0.00585043228693802,1,2.3557833092201,2.3557833092201,2.3557833092201,2.3557833092201,0,2.291,0.347000000000001,0.425000000000001,2.291,0.347000000000001,0.425000000000001
"4:HB2-4:HG2"," HB2 LYS     4 "," HG2 LYS     4 ",64,67,0.0014135143117001,0.0014135143117001,1,2.98503869321656,2.98503869321656,2.98503869321656,2.98503869321656,0,2.018,0.244,2.186,2.018,0.244,2.186
"4:H-4:HD1"," H   LYS     4 "," HD1 LYS     4 ",59,69,6.40201104517858e-05,6.40201104517858e-05,1,4.99973819314572,4.99973819314572,4.99973819314572,4.99973819314572,0,2.495,4.326,0.241,2.495,4.326,0.241
"4:HA-4:HD1"," HA  LYS     4 "," HD1 LYS     4 ",61,69,0.000105547442544751,0.000105547442544751,1,4.60000934781659,4.60000934781659,4.60000934781659,4.60000934781659,1.25607396694702e-15,-0.179000000000002,4.333,1.534,-0.179000000000002,4.333,1.534
"4:HB1-4:HD1"," HB1 LYS     4 "," HD1 LYS     4 ",63,69,0.00343452944306925,0.00343452944306925,1,2.57447567477341,2.57447567477341,2.57447567477341,2.57447567477341,0,1.02,2.35,-0.254999999999999,1.02,2.35,-0.254999999999999
"4:HB2-4:HD1"," HB2 LYS     4 "," HD1 LYS     4 ",64,69,0.00204757292658187,0.00204757292658187,1,2.80625266146867,2.80625266146867,2.80625266146867,2.80625266146867,0,0.747,2.247,1.506,0.747,2.247,1.506
"4:HG1-4:HD1"," HG1 LYS     4 "," HD1 LYS     4 ",66,69,0.0010737678828472,0.0010737678828472,1,3.12498735997443,3.12498735997443,3.12498735997443,3.12498735997443,0,-1.828,2.369,0.901,-1.828,2.369,0.901
"4:HG2-4:HD1"," HG2 LYS     4 "," HD1 LYS     4 ",67,69,0.00442772065296026,0.00442772065296026,1,2.46776214412978,2.46776214412978,2.46776214412978,2.46776214412978,0,-1.271,2.003,-0.68,-1.271,2.003,-0.68
"4:HA-4:HD2"," HA  LYS     4 "," HD2 LYS     4 ",61,70,0.000208026271873037,0.000208026271873037,1,4.10815639916496,4.10815639916496,4.10815639916496,4.10815639916496,0,0.345999999999997,4.092,-0.113,0.345999999999997,4.092,-0.113000000000003
"4:HB1-4:HD2"," HB1 LYS     4 "," HD2 LYS     4 ",63,70,0.000875665470573107,0.000875665470573107,1,3.23303417860066,3.23303417860066,3.23303417860066,3.23303417860066,0,1.545,2.109,-1.902,1.545,2.109,-1.902
"4:HB2-4:HD2"," HB2 LYS     4 "," HD2 LYS     4 ",64,70,0.0055095126684973,0.0055095126684973,1,2.37947494208281,2.37947494208281,2.37947494208281,2.37947494208281,0,1.272,2.006,-0.141000000000002,1.272,2.006,-0.141000000000002
"4:HG1-4:HD2"," HG1 LYS     4 "," HD2 LYS     4 ",66,70,0.00320472261794557,0.00320472261794557,1,2.60436345389809,2.60436345389809,2.60436345389809,2.60436345389809,0,-1.303,2.128,-0.746000000000002,-1.303,2.128,-0.746000000000002
"4:HG2-4:HD2"," HG2 LYS     4 "," HD2 LYS     4 ",67,70,0.00133753070980682,0.00133753070980682,1,3.01265480930026,3.01265480930026,3.01265480930026,3.01265480930026,0,-0.746000000000002,1.762,-2.327,-0.746000000000002,1.762,-2.327
"4:HB1-4:HE1"," HB1 LYS     4 "," HE1 LYS     4 ",63,72,9.57599290687308e-05,9.57599290687308e-05,1,4.67522694636314,4.67522694636314,4.67522694636314,4.67522694636314,0,3.961,2.175,-1.199,3.961,2.175,-1.199
"4:HB2-4:HE1"," HB2 LYS     4 "," HE1 LYS     4 ",64,72,0.000165593599751961,0.000165593599751961,1,4.26736124554741,4.26736124554741,4.26736124554741,4.26736124554741,0,3.688,2.072,0.561999999999998,3.688,2.072,0.561999999999998
"4:HG1-4:HE1"," HG1 LYS     4 "," HE1 LYS     4 ",66,72,0.00450627911307158,0.00450627911307158,1,2.46053937176384,2.46053937176384,2.46053937176384,2.46053937176384,0,1.113,2.194,-0.0430000000000028,1.113,2.194,-0.0430000000000028
"4:HG2-4:HE1"," HG2 LYS     4 "," HE1 LYS     4 ",67,72,0.00148360804643642,0.00148360804643642,1,2.96105724362093,2.96105724362093,2.96105724362093,2.96105724362093,0,1.66999999999999,1.828,-1.624,1.66999999999999,1.828,-1.624
"4:HD1-4:HE1"," HD1 LYS     4 "," HE1 LYS     4 ",69,72,0.00114049952488464,0.00114049952488464,1,3.09374239393004,3.09374239393004,3.09374239393004,3.09374239393004,0,2.941,-0.174999999999997,-0.944000000000003,2.941,-0.174999999999997,-0.944000000000003
"4:HD2-4:HE1"," HD2 LYS     4 "," HE1 LYS     4 ",70,72,0.0039321713181636,0.0039321713181636,1,2.51706595066557,2.51706595066557,2.51706595066557,2.51706595066557,0,2.416,0.0660000000000025,0.702999999999999,2.416,0.0660000000000025,0.702999999999999
"4:HB1-4:HE2"," HB1 LYS     4 "," HE2 LYS     4 ",63,73,0.000165804052909572,0.000165804052909572,1,4.26645801573156,4.26645801573156,4.26645801573156,4.26645801573156,0,3.45800000000001,2.454,0.472000000000001,3.45800000000001,2.454,0.472000000000001
"4:HB2-4:HE2"," HB2 LYS     4 "," HE2 LYS     4 ",64,73,0.000113436588120601,0.000113436588120601,1,4.54507590695689,4.54507590695689,4.54507590695689,4.54507590695689,0,3.185,2.351,2.233,3.185,2.351,2.233
"4:HG1-4:HE2"," HG1 LYS     4 "," HE2 LYS     4 ",66,73,0.00131043706975254,0.00131043706975254,1,3.0229477335872,3.0229477335872,3.0229477335872,3.0229477335872,0,0.610000000000007,2.473,1.628,0.610000000000007,2.473,1.628
"4:HG2-4:HE2"," HG2 LYS     4 "," HE2 LYS     4 ",67,73,0.00511586979025163,0.00511586979025163,1,2.40905520899792,2.40905520899792,2.40905520899792,2.40905520899792,0,1.167,2.107,0.0470000000000006,1.167,2.107,0.0470000000000006
"4:HD1-4:HE2"," HD1 LYS     4 "," HE2 LYS     4 ",69,73,0.00366972865060781,0.00366972865060781,1,2.54621071398265,2.54621071398265,2.54621071398265,2.54621071398265,0,2.438,0.103999999999999,0.727,2.438,0.103999999999999,0.727
"4:HD2-4:HE2"," HD2 LYS     4 "," HE2 LYS     4 ",70,73,0.00119842917309642,0.00119842917309642,1,3.06830083270856,3.06830083270856,3.06830083270856,3.06830083270856,0,1.913,0.344999999999999,2.374,1.913,0.344999999999999,2.374
"4:H-5:H"," H   LYS     4 "," H   LEU     5 ",59,81,0.000132218471902057,0.000132218471902057,1,4.43048541358619,4.43048541358619,4.43048541358619,4.43048541358619,0,4.414,-0.373999999999995,-0.0770000000000017,4.414,-0.373999999999995,-0.0769999999999982
"4:HA-5:H"," HA  LYS     4 "," H   LEU     5 ",61,81,0.0100041624471006,0.0100041624471006,1,2.15428526430461,2.15428526430461,2.15428526430461,2.15428526430461,0,1.73999999999999,-0.366999999999997,1.216,1.73999999999999,-0.366999999999997,1.216
"4:HB1-5:H"," HB1 LYS     4 "," H   LEU     5 ",63,81,0.000328795018009356,0.000328795018009356,1,3.80638279735499,3.80638279735499,3.80638279735499,3.80638279735499,6.2803698347351e-16,2.939,-2.34999999999999,-0.573,2.939,-2.34999999999999,-0.572999999999997
"4:HB2-5:H"," HB2 LYS     4 "," H   LEU     5 ",64,81,0.000325578327081252,0.000325578327081252,1,3.81262494877217,3.81262494877217,3.81262494877217,3.81262494877217,6.2803698347351e-16,2.666,-2.453,1.188,2.666,-2.453,1.188
"4:HG1-5:H"," HG1 LYS     4 "," H   LEU     5 ",66,81,0.00517399916577173,0.00517399916577173,1,2.40452302962562,2.40452302962562,2.40452302962562,2.40452302962562,4.44089209850063e-16,0.0910000000000011,-2.331,0.582999999999998,0.0910000000000011,-2.331,0.583000000000002
"4:HG2-5:H"," HG2 LYS     4 "," H   LEU     5 ",67,81,0.00152399345288063,0.00152399345288063,1,2.94783259361857,2.94783259361857,2.94783259361857,2.94783259361857,9.93013661298909e-16,0.647999999999996,-2.697,-0.998000000000001,0.647999999999996,-2.697,-0.997999999999998
"4:HD2-5:H"," HD2 LYS     4 "," H   LEU     5 ",70,81,7.61547498212372e-05,7.61547498212372e-05,1,4.85717592845884,4.85717592845884,4.85717592845884,4.85717592845884,8.88178419700125e-16,1.394,-4.459,1.329,1.394,-4.459,1.329
"4:HE1-5:H"," HE1 LYS     4 "," H   LEU     5 ",72,81,9.50505937618515e-05,9.50505937618515e-05,1,4.68102392645028,4.68102392645028,4.68102392645028,4.68102392645028,8.88178419700125e-16,-1.022,-4.525,0.626000000000001,-1.022,-4.525,0.626000000000005
"4:HE2-5:H"," HE2 LYS     4 "," H   LEU     5 ",73,81,6.85025834784964e-05,6.85025834784964e-05,1,4.94366281212624,4.94366281212624,4.94366281212624,4.94366281212624,8.88178419700125e-16,-0.519000000000005,-4.80399999999999,-1.045,-0.519000000000005,-4.80399999999999,-1.045
"4:HA-5:HA"," HA  LYS     4 "," HA  LEU     5 ",61,83,0.000131697322206016,0.000131697322206016,1,4.43340264356848,4.43340264356848,4.43340264356848,4.43340264356848,1.98602732259782e-15,1.361,-1.173,4.053,1.361,-1.173,4.053
"4:HB1-5:HA"," HB1 LYS     4 "," HA  LEU     5 ",63,83,9.86848276855822e-05,9.86848276855822e-05,1,4.65184178578765,4.65184178578765,4.65184178578765,4.65184178578765,0,2.56,-3.156,2.264,2.56,-3.156,2.264
"4:HG1-5:HA"," HG1 LYS     4 "," HA  LEU     5 ",66,83,9.89523520098353e-05,9.89523520098353e-05,1,4.64974332624931,4.64974332624931,4.64974332624931,4.64974332624931,0,-0.287999999999997,-3.137,3.42,-0.287999999999997,-3.137,3.42
"4:HG2-5:HA"," HG2 LYS     4 "," HA  LEU     5 ",67,83,0.000257160302099348,0.000257160302099348,1,3.96551270329575,3.96551270329575,3.96551270329575,3.96551270329575,0,0.268999999999998,-3.503,1.839,0.268999999999998,-3.503,1.839
"5:H-5:HA"," H   LEU     5 "," HA  LEU     5 ",81,83,0.00144667561346377,0.00144667561346377,1,2.97352417175311,2.97352417175311,2.9735241717531,2.97352417175311,2.51214793389404e-15,-0.378999999999998,-0.806000000000004,2.837,-0.378999999999998,-0.806000000000004,2.837
"4:HA-5:HB1"," HA  LYS     4 "," HB1 LEU     5 ",61,85,0.000100242974805265,0.000100242974805265,1,4.63971184450068,4.63971184450068,4.63971184450068,4.63971184450069,1.25607396694702e-15,3.52099999999999,-2.126,2.147,3.52099999999999,-2.126,2.147
"4:HG1-5:HB1"," HG1 LYS     4 "," HB1 LEU     5 ",66,85,8.750323526137e-05,8.750323526137e-05,1,4.74601727767609,4.74601727767609,4.74601727767609,4.74601727767609,0,1.872,-4.09,1.514,1.872,-4.09,1.514
"5:H-5:HB1"," H   LEU     5 "," HB1 LEU     5 ",81,85,0.00275561989506481,0.00275561989506481,1,2.67073079886386,2.67073079886386,2.67073079886386,2.67073079886386,9.93013661298909e-16,1.781,-1.759,0.931000000000001,1.781,-1.759,0.930999999999997
"5:HA-5:HB1"," HA  LEU     5 "," HB1 LEU     5 ",83,85,0.00128143271575125,0.00128143271575125,1,3.03424537570711,3.03424537570711,3.03424537570711,3.03424537570711,0,2.16,-0.952999999999996,-1.906,2.16,-0.952999999999996,-1.906
"4:HA-5:HB2"," HA  LYS     4 "," HB2 LEU     5 ",61,86,0.000119253275588078,0.000119253275588078,1,4.50735343633046,4.50735343633046,4.50735343633046,4.50735343633046,1.25607396694702e-15,2.113,-3.075,2.529,2.113,-3.075,2.529
"5:H-5:HB2"," H   LEU     5 "," HB2 LEU     5 ",81,86,0.00128573606268303,0.00128573606268304,1,3.03255041178214,3.03255041178214,3.03255041178214,3.03255041178214,9.93013661298909e-16,0.373000000000005,-2.70800000000001,1.313,0.373000000000005,-2.70800000000001,1.313
"5:HA-5:HB2"," HA  LEU     5 "," HB2 LEU     5 ",83,86,0.00363179316087176,0.00363179316087176,1,2.55062423731917,2.55062423731917,2.55062423731917,2.55062423731917,0,0.752000000000002,-1.902,-1.524,0.752000000000002,-1.902,-1.524
"5:H-5:HG"," H   LEU     5 "," HG  LEU     5 ",81,88,0.000122299509653663,0.000122299509653663,1,4.48844471949917,4.48844471949917,4.48844471949917,4.48844471949917,1.25607396694702e-15,2.716,-1.774,3.102,2.716,-1.774,3.102
"5:HA-5:HG"," HA  LEU     5 "," HG  LEU     5 ",83,88,0.000842889431728987,0.000842889431728987,1,3.25365548268405,3.25365548268405,3.25365548268405,3.25365548268405,0,3.095,-0.967999999999996,0.265000000000001,3.095,-0.967999999999996,0.265000000000001
"5:HB1-5:HG"," HB1 LEU     5 "," HG  LEU     5 ",85,88,0.00573195609656931,0.00573195609656931,1,2.36382973160082,2.36382973160082,2.36382973160082,2.36382973160082,0,0.935000000000002,-0.0150000000000006,2.171,0.935000000000002,-0.0150000000000006,2.171
"5:HB2-5:HG"," HB2 LEU     5 "," HG  LEU     5 ",86,88,0.00114362097748335,0.00114362097748335,1,3.09233342316122,3.09233342316122,3.09233342316122,3.09233342316122,0,2.343,0.934000000000005,1.789,2.343,0.934000000000005,1.789
"4:HG2-6:H"," HG2 LYS     4 "," H   VAL     6 ",67,100,9.5462171862425e-05,9.5462171862425e-05,1,4.67765421979863,4.67765421979863,4.67765421979863,4.67765421979863,0,1.678,-2.858,3.301,1.678,-2.858,3.301
"5:H-6:H"," H   LEU     5 "," H   VAL     6 ",81,100,0.000133458395645342,0.000133458395645342,1,4.42359830906921,4.42359830906921,4.42359830906921,4.42359830906921,2.51214793389404e-15,1.03,-0.161000000000001,4.299,1.03,-0.161000000000001,4.299
"5:HA-6:H"," HA  LEU     5 "," H   VAL     6 ",83,100,0.0106952567387869,0.0106952567387869,1,2.13043422803897,2.13043422803897,2.13043422803897,2.13043422803897,0,1.409,0.645000000000003,1.462,1.409,0.645000000000003,1.462
"5:HB1-6:H"," HB1 LEU     5 "," H   VAL     6 ",85,100,0.000330675796920694,0.000330675796920694,1,3.80276596702979,3.80276596702979,3.80276596702979,3.80276596702979,0,-0.750999999999998,1.598,3.368,-0.750999999999998,1.598,3.368
"5:HB2-6:H"," HB2 LEU     5 "," H   VAL     6 ",86,100,0.000251849651267625,0.000251849651267625,1,3.97932833528474,3.97932833528474,3.97932833528474,3.97932833528474,0,0.656999999999996,2.547,2.986,0.656999999999996,2.547,2.986
"5:HG-6:H"," HG  LEU     5 "," H   VAL     6 ",88,100,0.00307446789416854,0.00307446789416854,1,2.62243665319107,2.62243665319107,2.62243665319107,2.62243665319107,0,-1.686,1.613,1.197,-1.686,1.613,1.197
"4:HG2-6:HA"," HG2 LYS     4 "," HA  VAL     6 ",67,102,9.4331227360914e-05,9.4331227360914e-05,1,4.68695466161131,4.68695466161131,4.68695466161131,4.68695466161131,1.25607396694702e-15,3.756,-0.937999999999995,2.642,3.756,-0.937999999999995,2.642
"4:HE2-6:HA"," HE2 LYS     4 "," HA  VAL     6 ",73,102,8.53901217730414e-05,8.53901217730415e-05,1,4.76539305829015,4.76539305829015,4.76539305829015,4.76539305829015,1.25607396694702e-15,2.589,-3.04499999999999,2.595,2.589,-3.04499999999999,2.595
"5:HA-6:HA"," HA  LEU     5 "," HA  VAL     6 ",83,102,0.000137316703058053,0.000137316703058053,1,4.40263591499457,4.40263591499457,4.40263591499457,4.40263591499457,8.88178419700125e-16,3.487,2.565,0.803000000000001,3.487,2.565,0.803000000000004
"5:HB1-6:HA"," HB1 LEU     5 "," HA  VAL     6 ",85,102,0.000100958715907874,0.000100958715907874,1,4.63421341761469,4.63421341761469,4.63421341761469,4.63421341761469,1.25607396694702e-15,1.32700000000001,3.518,2.709,1.32700000000001,3.518,2.709
"5:HG-6:HA"," HG  LEU     5 "," HA  VAL     6 ",88,102,0.000463114614881219,0.000463114614881219,1,3.59516300047717,3.59516300047717,3.59516300047717,3.59516300047717,4.44089209850063e-16,0.392000000000003,3.533,0.538,0.392000000000003,3.533,0.538000000000004
"6:H-6:HA"," H   VAL     6 "," HA  VAL     6 ",100,102,0.00166403831224842,0.00166403831224842,1,2.90495524922502,2.90495524922502,2.90495524922502,2.90495524922502,6.2803698347351e-16,2.078,1.92,-0.658999999999999,2.078,1.92,-0.658999999999995
"5:HA-6:HB"," HA  LEU     5 "," HB  VAL     6 ",83,104,0.000119708900026148,0.000119708900026148,1,4.50448964922776,4.50448964922776,4.50448964922776,4.50448964922776,3.20237283398938e-15,1.559,2.805,3.161,1.559,2.80500000000001,3.161
"5:HG-6:HB"," HG  LEU     5 "," HB  VAL     6 ",88,104,6.41412044590282e-05,6.41412044590282e-05,1,4.9981637628233,4.9981637628233,4.9981637628233,4.99816376282331,3.76822190084106e-15,-1.536,3.773,2.896,-1.536,3.773,2.896
"6:H-6:HB"," H   VAL     6 "," HB  VAL     6 ",100,104,0.002300930584298,0.002300930584298,1,2.75221746960519,2.75221746960519,2.75221746960519,2.75221746960519,3.76822190084106e-15,0.149999999999999,2.16,1.699,0.149999999999999,2.16,1.699
"6:HA-6:HB"," HA  VAL     6 "," HB  VAL     6 ",102,104,0.00122931814172287,0.00122931814172287,1,3.05531471374063,3.05531471374063,3.05531471374063,3.05531471374063,1.25607396694702e-15,-1.928,0.239999999999995,2.358,-1.928,0.240000000000002,2.358
"5:HG-7:H"," HG  LEU     5 "," H   ILE     7 ",88,116,0.00017818674590181,0.00017818674590181,1,4.21554860012312,4.21554860012312,4.21554860012312,4.21554860012312,4.44089209850063e-15,2.156,3.267,1.565,2.156,3.267,1.565
"6:H-7:H"," H   VAL     6 "," H   ILE     7 ",100,116,0.000182426356216969,0.000182426356216969,1,4.19905989478597,4.19905989478597,4.19905989478597,4.19905989478598,1.98602732259782e-15,3.842,1.654,0.368000000000002,3.842,1.654,0.368000000000006
"6:HA-7:H"," HA  VAL     6 "," H   ILE     7 ",102,116,0.0131452530685256,0.0131452530685256,1,2.05844140067187,2.05844140067187,2.05844140067187,2.05844140067187,6.2803698347351e-16,1.764,-0.266000000000005,1.027,1.764,-0.265999999999998,1.027
"6:HB-7:H"," HB  VAL     6 "," H   ILE     7 ",104,116,0.000260467040279753,0.000260467040279753,1,3.95707733055597,3.95707733055597,3.95707733055597,3.95707733055597,6.2803698347351e-16,3.692,-0.506,-1.331,3.692,-0.506,-1.331
"5:HG-7:HA"," HG  LEU     5 "," HA  ILE     7 ",88,118,6.6953494007665e-05,6.6953494007665e-05,1,4.96254501239032,4.96254501239032,4.96254501239032,4.96254501239032,0,2.488,1.522,4.015,2.488,1.522,4.015
"6:HA-7:HA"," HA  VAL     6 "," HA  ILE     7 ",102,118,0.000115619758600876,0.000115619758600876,1,4.53065845104219,4.53065845104219,4.53065845104219,4.53065845104219,1.98602732259782e-15,2.096,-2.011,3.477,2.096,-2.011,3.477
"6:HB-7:HA"," HB  VAL     6 "," HA  ILE     7 ",104,118,8.76542388912285e-05,8.76542388912285e-05,1,4.74465362276321,4.74465362276321,4.7446536227632,4.74465362276321,1.98602732259782e-15,4.024,-2.251,1.119,4.024,-2.251,1.119
"7:H-7:HA"," H   ILE     7 "," HA  ILE     7 ",116,118,0.00130206837868301,0.00130206837868301,1,3.02617729156769,3.02617729156769,3.02617729156769,3.0261772915677,9.93013661298909e-16,0.332000000000001,-1.745,2.45,0.332000000000001,-1.745,2.45
"5:HG-7:HB"," HG  LEU     5 "," HB  ILE     7 ",88,120,9.1635869294277e-05,9.1635869294277e-05,1,4.70965487058234,4.70965487058234,4.70965487058234,4.70965487058234,0,4.208,1.512,1.479,4.208,1.512,1.479
"6:HA-7:HB"," HA  VAL     6 "," HB  ILE     7 ",102,120,0.00013420684342339,0.00013420684342339,1,4.41947711839308,4.41947711839308,4.41947711839308,4.41947711839308,8.88178419700125e-16,3.816,-2.021,0.940999999999999,3.816,-2.021,0.940999999999995
"7:H-7:HB"," H   ILE     7 "," HB  ILE     7 ",116,120,0.0025725635227873,0.0025725635227873,1,2.70150421062044,2.70150421062044,2.70150421062044,2.70150421062045,3.46844760730509e-15,2.052,-1.755,-0.0860000000000021,2.052,-1.755,-0.0860000000000056
"7:HA-7:HB"," HA  ILE     7 "," HB  ILE     7 ",118,120,0.00120790152330704,0.00120790152330704,1,3.06427740258613,3.06427740258613,3.06427740258613,3.06427740258613,0,1.72,-0.00999999999999801,-2.536,1.72,-0.00999999999999801,-2.536
"5:HB1-7:HG11"," HB1 LEU     5 ","HG11 ILE     7 ",85,126,0.000105640334487213,0.000105640334487213,1,4.59933495192512,4.59933495192512,4.59933495192512,4.59933495192512,0,2.91500000000001,0.311,3.544,2.91500000000001,0.311,3.544
"5:HG-7:HG11"," HG  LEU     5 ","HG11 ILE     7 ",88,126,0.00483993688794083,0.00483993688794083,1,2.43142036678153,2.43142036678153,2.43142036678153,2.43142036678153,0,1.98,0.326000000000001,1.373,1.98,0.326000000000001,1.373
"6:H-7:HG11"," H   VAL     6 ","HG11 ILE     7 ",100,126,0.000288901705839232,0.000288901705839232,1,3.88933169066358,3.88933169066358,3.88933169066358,3.88933169066358,0,3.666,-1.287,0.176000000000002,3.666,-1.287,0.176000000000002
"6:HA-7:HG11"," HA  VAL     6 ","HG11 ILE     7 ",102,126,0.00040609745881614,0.00040609745881614,1,3.67475414143586,3.67475414143586,3.67475414143586,3.67475414143586,9.93013661298909e-16,1.588,-3.207,0.835000000000001,1.588,-3.207,0.834999999999997
"7:H-7:HG11"," H   ILE     7 ","HG11 ILE     7 ",116,126,0.00150956175638188,0.00150956175638188,1,2.95251096526329,2.95251096526329,2.95251096526329,2.9525109652633,5.02429586778808e-15,-0.175999999999995,-2.941,-0.192,-0.175999999999995,-2.941,-0.192000000000004
"7:HA-7:HG11"," HA  ILE     7 ","HG11 ILE     7 ",118,126,0.00153513472735736,0.00153513472735736,1,2.94425610299104,2.94425610299104,2.94425610299104,2.94425610299104,0,-0.507999999999996,-1.196,-2.642,-0.507999999999996,-1.196,-2.642
"7:HB-7:HG11"," HB  ILE     7 ","HG11 ILE     7 ",120,126,0.0038473984396227,0.0038473984396227,1,2.52622564312849,2.52622564312849,2.52622564312849,2.52622564312849,0,-2.22799999999999,-1.186,-0.105999999999998,-2.22799999999999,-1.186,-0.105999999999998
"5:HG-7:HG12"," HG  LEU     5 ","HG12 ILE     7 ",88,127,0.000339983634789185,0.000339983634789185,1,3.78521307194192,3.78521307194192,3.78521307194192,3.78521307194192,0,2.539,-0.670999999999999,2.726,2.539,-0.670999999999999,2.726
"7:H-7:HG12"," H   ILE     7 ","HG12 ILE     7 ",116,127,0.000203453504207822,0.000203453504207822,1,4.12340320609081,4.12340320609081,4.12340320609081,4.12340320609081,3.76822190084106e-15,0.383000000000003,-3.938,1.161,0.383000000000003,-3.938,1.16099999999999
"7:HA-7:HG12"," HA  ILE     7 ","HG12 ILE     7 ",118,127,0.0036864513450442,0.0036864513450442,1,2.54428202053153,2.54428202053153,2.54428202053153,2.54428202053153,0,0.0510000000000019,-2.193,-1.289,0.0510000000000019,-2.193,-1.289
"7:HB-7:HG12"," HB  ILE     7 ","HG12 ILE     7 ",120,127,0.00132436782261357,0.00132436782261357,1,3.01762472815955,3.01762472815955,3.01762472815955,3.01762472815955,0,-1.669,-2.183,1.247,-1.669,-2.183,1.247
"7:H-8:H"," H   ILE     7 "," H   ASN     8 ",116,135,0.000148400861281569,0.000148400861281569,1,4.34604210748124,4.34604210748124,4.34604210748124,4.34604210748124,0,1.236,-0.768999999999998,4.095,1.236,-0.768999999999998,4.095
"7:HA-8:H"," HA  ILE     7 "," H   ASN     8 ",118,135,0.0111527774361157,0.0111527774361157,1,2.1156126772167,2.1156126772167,2.1156126772167,2.1156126772167,4.39625888431457e-15,0.904000000000003,0.975999999999999,1.645,0.904000000000003,0.976000000000006,1.645
"7:HB-8:H"," HB  ILE     7 "," H   ASN     8 ",120,135,0.000143092616099344,0.000143092616099344,1,4.37250648941771,4.37250648941771,4.37250648941771,4.37250648941772,3.20237283398938e-15,-0.815999999999995,0.985999999999997,4.181,-0.815999999999995,0.986000000000004,4.181
"7:HG12-8:H","HG12 ILE     7 "," H   ASN     8 ",127,135,0.000137416151060657,0.000137416151060657,1,4.40210472387925,4.40210472387925,4.40210472387925,4.40210472387926,5.68711676634668e-15,0.853000000000002,3.169,2.934,0.853000000000002,3.169,2.934
"7:HA-8:HA"," HA  ILE     7 "," HA  ASN     8 ",118,137,0.000117636501620187,0.000117636501620187,1,4.51761950589025,4.51761950589025,4.51761950589024,4.51761950589025,5.02429586778808e-15,2.606,3.451,1.307,2.606,3.45100000000001,1.307
"8:H-8:HA"," H   ASN     8 "," HA  ASN     8 ",135,137,0.0013110998098733,0.0013110998098733,1,3.02269300459044,3.02269300459044,3.02269300459044,3.02269300459044,0,1.702,2.475,-0.338000000000001,1.702,2.475,-0.338000000000001
"8:H-8:HB1"," H   ASN     8 "," HB1 ASN     8 ",135,139,0.000330859301328572,0.000330859301328572,1,3.80241436458469,3.80241436458469,3.80241436458469,3.80241436458469,0,0.704999999999998,3.347,1.661,0.704999999999998,3.347,1.661
"8:HA-8:HB1"," HA  ASN     8 "," HB1 ASN     8 ",137,139,0.00525904870788598,0.00525904870788598,1,2.3979979149282,2.3979979149282,2.3979979149282,2.3979979149282,0,-0.997,0.872,1.999,-0.997,0.872,1.999
"7:HA-8:HB2"," HA  ILE     7 "," HB2 ASN     8 ",118,140,0.000124057292695466,0.000124057292695466,1,4.47778204025163,4.47778204025163,4.47778204025162,4.47778204025163,5.68711676634668e-15,0.393999999999998,3.04,3.264,0.393999999999998,3.04000000000001,3.264
"8:H-8:HB2"," H   ASN     8 "," HB2 ASN     8 ",135,140,0.00274572961109498,0.00274572961109498,1,2.67233175335698,2.67233175335698,2.67233175335698,2.67233175335698,0,-0.510000000000005,2.064,1.619,-0.510000000000005,2.064,1.619
"8:HA-8:HB2"," HA  ASN     8 "," HB2 ASN     8 ",137,140,0.00142247140297022,0.00142247140297022,1,2.98189771789711,2.98189771789711,2.98189771789711,2.98189771789711,0,-2.212,-0.411000000000001,1.957,-2.212,-0.411000000000001,1.957
"8:H-8:HD21"," H   ASN     8 ","HD21 ASN     8 ",135,144,6.6152651750016e-05,6.6152651750016e-05,1,4.97250761688707,4.97250761688707,4.97250761688707,4.97250761688707,0,0.879999999999995,4.894,0.0139999999999993,0.879999999999995,4.894,0.0139999999999993
"8:HA-8:HD21"," HA  ASN     8 ","HD21 ASN     8 ",137,144,0.0033986775969447,0.0033986775969447,1,2.57898216356763,2.57898216356763,2.57898216356763,2.57898216356763,0,-0.822000000000003,2.419,0.352,-0.822000000000003,2.419,0.352
"8:HB1-8:HD21"," HB1 ASN     8 ","HD21 ASN     8 ",139,144,0.00737925606474265,0.00737925606474265,1,2.26637221126628,2.26637221126628,2.26637221126628,2.26637221126628,0,0.174999999999997,1.547,-1.647,0.174999999999997,1.547,-1.647
"8:HB2-8:HD21"," HB2 ASN     8 ","HD21 ASN     8 ",140,144,0.00050991365378551,0.00050991365378551,1,3.53794078525913,3.53794078525913,3.53794078525913,3.53794078525913,0,1.39,2.83,-1.605,1.39,2.83,-1.605
"8:HA-8:HD22"," HA  ASN     8 ","HD22 ASN     8 ",137,145,0.000424691207326678,0.000424691207326678,1,3.64743690829601,3.64743690829601,3.64743690829601,3.64743690829601,0,-2.172,2.854,-0.663999999999998,-2.172,2.854,-0.663999999999998
"8:HB1-8:HD22"," HB1 ASN     8 ","HD22 ASN     8 ",139,145,0.000524421536647567,0.000524421536647567,1,3.52143692262122,3.52143692262122,3.52143692262122,3.52143692262122,0,-1.175,1.982,-2.663,-1.175,1.982,-2.663
"8:HB2-8:HD22"," HB2 ASN     8 ","HD22 ASN     8 ",140,145,0.00018558603729976,0.00018558603729976,1,4.18705934994956,4.18705934994956,4.18705934994956,4.18705934994956,0,0.0400000000000063,3.265,-2.621,0.0400000000000063,3.265,-2.621
"7:HA-9:H"," HA  ILE     7 "," H   GLY     9 ",118,149,0.00022521303787175,0.00022521303787175,1,4.05416181226157,4.05416181226157,4.05416181226157,4.05416181226157,1.25607396694702e-15,3.634,0.984000000000002,1.504,3.634,0.984000000000009,1.504
"7:HB-9:H"," HB  ILE     7 "," H   GLY     9 ",120,149,0.000108396770059246,0.000108396770059246,1,4.57963229965027,4.57963229965027,4.57963229965027,4.57963229965027,1.25607396694702e-15,1.914,0.994,4.04,1.914,0.994000000000007,4.04
"8:H-9:H"," H   ASN     8 "," H   GLY     9 ",135,149,0.00239630490689185,0.00239630490689185,1,2.7336504897298,2.7336504897298,2.7336504897298,2.7336504897298,0,2.73,0.00800000000000267,-0.141000000000002,2.73,0.00800000000000267,-0.141000000000005
"8:HA-9:H"," HA  ASN     8 "," H   GLY     9 ",137,149,0.00269973717746187,0.00269973717746187,1,2.67986604142819,2.67986604142819,2.67986604142819,2.67986604142819,4.44089209850063e-16,1.028,-2.467,0.196999999999999,1.028,-2.467,0.196999999999996
"8:HB1-9:H"," HB1 ASN     8 "," H   GLY     9 ",139,149,0.000158020604860983,0.000158020604860983,1,4.30078481210116,4.30078481210116,4.30078481210116,4.30078481210116,8.88178419700125e-16,2.025,-3.339,-1.802,2.025,-3.339,-1.80200000000001
"8:HB2-9:H"," HB2 ASN     8 "," H   GLY     9 ",140,149,0.000176646940061987,0.000176646940061987,1,4.22165086192594,4.22165086192594,4.22165086192594,4.22165086192594,1.25607396694702e-15,3.24,-2.056,-1.76,3.24,-2.056,-1.76000000000001
"8:H-9:HA1"," H   ASN     8 "," HA1 GLY     9 ",135,151,0.000114828246519044,0.000114828246519044,1,4.53584854244495,4.53584854244495,4.53584854244495,4.53584854244495,1.25607396694702e-15,4.147,-1.523,1.028,4.147,-1.523,1.028
"8:HA-9:HA1"," HA  ASN     8 "," HA1 GLY     9 ",137,151,7.39159300669868e-05,7.39159300669868e-05,1,4.88139170729004,4.88139170729004,4.88139170729004,4.88139170729005,3.76822190084106e-15,2.445,-3.998,1.366,2.445,-3.998,1.366
"9:H-9:HA1"," H   GLY     9 "," HA1 GLY     9 ",149,151,0.00534778453852282,0.00534778453852282,1,2.39131992840774,2.39131992840774,2.39131992840774,2.39131992840775,3.14018491736755e-15,1.417,-1.531,1.169,1.417,-1.53100000000001,1.169
"8:H-9:HA2"," H   ASN     8 "," HA2 GLY     9 ",135,152,0.000151861828070333,0.000151861828070333,1,4.32937524361194,4.32937524361194,4.32937524361194,4.32937524361194,0,3.428,-0.835000000000001,2.509,3.428,-0.835000000000001,2.509
"8:HA-9:HA2"," HA  ASN     8 "," HA2 GLY     9 ",137,152,9.33965099858092e-05,9.33965099858092e-05,1,4.69474014190349,4.69474014190349,4.69474014190349,4.69474014190349,0,1.726,-3.31,2.847,1.726,-3.31,2.847
"8:HB2-9:HA2"," HB2 ASN     8 "," HA2 GLY     9 ",140,152,6.63270247992193e-05,6.63270247992193e-05,1,4.97032644803136,4.97032644803136,4.97032644803136,4.97032644803136,0,3.938,-2.899,0.890000000000001,3.938,-2.899,0.890000000000001
"9:H-9:HA2"," H   GLY     9 "," HA2 GLY     9 ",149,152,0.00180023249855944,0.00180023249855944,1,2.86711579814978,2.86711579814978,2.86711579814977,2.86711579814978,2.22044604925031e-15,0.698,-0.843000000000004,2.65,0.698,-0.843000000000004,2.65000000000001
"9:H-10:H"," H   GLY     9 "," H   LYS    10 ",149,156,9.34897032387423e-05,9.34897032387423e-05,1,4.69395984218016,4.69395984218016,4.69395984218016,4.69395984218016,0,2.991,-1.397,3.337,2.991,-1.397,3.337
"9:HA1-10:H"," HA1 GLY     9 "," H   LYS    10 ",151,156,0.00268403899355082,0.00268403899355082,1,2.68247199426201,2.68247199426201,2.68247199426201,2.68247199426201,4.44089209850063e-16,1.574,0.134,2.168,1.574,0.134000000000007,2.168
"9:HA2-10:H"," HA2 GLY     9 "," H   LYS    10 ",152,156,0.00454562788822224,0.00454562788822224,1,2.45697659736514,2.45697659736514,2.45697659736514,2.45697659736514,6.2803698347351e-16,2.293,-0.553999999999995,0.687000000000001,2.293,-0.553999999999995,0.686999999999998
"9:HA1-10:HA"," HA1 GLY     9 "," HA  LYS    10 ",151,158,8.42899071289659e-05,8.42899071289659e-05,1,4.77570403186798,4.77570403186798,4.77570403186797,4.77570403186798,6.2803698347351e-15,3.543,2.384,2.138,3.54300000000001,2.38400000000001,2.138
"9:HA2-10:HA"," HA2 GLY     9 "," HA  LYS    10 ",152,158,0.000101004211904038,0.000101004211904038,1,4.63386544906086,4.63386544906086,4.63386544906086,4.63386544906087,4.44089209850063e-15,4.262,1.69600000000001,0.657,4.26200000000001,1.69600000000001,0.656999999999996
"10:H-10:HA"," H   LYS    10 "," HA  LYS    10 ",156,158,0.00139937732934723,0.00139937732934723,1,2.99004364516641,2.99004364516641,2.99004364516641,2.99004364516641,3.46844760730509e-15,1.969,2.25,-0.0300000000000011,1.96900000000001,2.25,-0.0300000000000011
"9:HA1-10:HB1"," HA1 GLY     9 "," HB1 LYS    10 ",151,160,7.58544111477935e-05,7.58544111477935e-05,1,4.86037591138792,4.86037591138793,4.86037591138793,4.86037591138793,0,3.357,-0.234000000000002,3.507,3.357,-0.233999999999995,3.507
"9:HA2-10:HB1"," HA2 GLY     9 "," HB1 LYS    10 ",152,160,9.96639273741766e-05,9.96639273741766e-05,1,4.64419379440609,4.64419379440609,4.64419379440608,4.64419379440609,1.25607396694702e-15,4.076,-0.921999999999997,2.026,4.076,-0.921999999999997,2.026
"10:H-10:HB1"," H   LYS    10 "," HB1 LYS    10 ",156,160,0.00750570878719093,0.00750570878719093,1,2.25996327403788,2.25996327403788,2.25996327403788,2.25996327403788,0,1.783,-0.368000000000002,1.339,1.783,-0.368000000000002,1.339
"10:HA-10:HB1"," HA  LYS    10 "," HB1 LYS    10 ",158,160,0.00148624016834148,0.00148624016834149,1,2.96018259571939,2.96018259571939,2.96018259571939,2.96018259571939,6.2803698347351e-16,-0.186,-2.618,1.369,-0.186000000000007,-2.618,1.369
"9:HA2-10:HB2"," HA2 GLY     9 "," HB2 LYS    10 ",152,161,7.72618390635203e-05,7.72618390635203e-05,1,4.84550626869887,4.84550626869887,4.84550626869887,4.84550626869887,3.20237283398938e-15,3.959,0.728999999999999,2.697,3.95900000000001,0.728999999999999,2.697
"10:H-10:HB2"," H   LYS    10 "," HB2 LYS    10 ",156,161,0.00165051775171704,0.00165051775171705,1,2.90890787066211,2.90890787066211,2.90890787066211,2.90890787066212,2.84355838317334e-15,1.666,1.28299999999999,2.01,1.66600000000001,1.28299999999999,2.01
"10:HA-10:HB2"," HA  LYS    10 "," HB2 LYS    10 ",158,161,0.00715937381538579,0.00715937381538579,1,2.27782747371262,2.27782747371262,2.27782747371262,2.27782747371262,0,-0.302999999999997,-0.967000000000006,2.04,-0.302999999999997,-0.967000000000006,2.04
"10:H-10:HD1"," H   LYS    10 "," HD1 LYS    10 ",156,166,7.12336506079742e-05,7.12336506079742e-05,1,4.91155637247502,4.91155637247502,4.91155637247502,4.91155637247503,3.20237283398938e-15,2.891,1.148,3.801,2.89100000000001,1.148,3.801
"10:HA-10:HD1"," HA  LYS    10 "," HD1 LYS    10 ",158,166,0.000213133637662605,0.000213133637662605,1,4.09158270110724,4.09158270110724,4.09158270110724,4.09158270110724,0,0.921999999999997,-1.102,3.831,0.921999999999997,-1.102,3.831
"10:HB1-10:HD1"," HB1 LYS    10 "," HD1 LYS    10 ",160,166,0.00113475564228617,0.00113475564228617,1,3.09634687979238,3.09634687979238,3.09634687979238,3.09634687979238,1.60118641699469e-15,1.108,1.516,2.462,1.108,1.516,2.462
"10:HB2-10:HD1"," HB2 LYS    10 "," HD1 LYS    10 ",161,166,0.00947049039681237,0.00947049039681237,1,2.17405864686305,2.17405864686305,2.17405864686305,2.17405864686305,0,1.22499999999999,-0.134999999999998,1.791,1.22499999999999,-0.134999999999998,1.791
"10:H-10:HE2"," H   LYS    10 "," HE2 LYS    10 ",156,170,0.000205641924040014,0.000205641924040014,1,4.1160570938703,4.1160570938703,4.1160570938703,4.1160570938703,3.76822190084106e-15,2.194,-1.353,3.209,2.194,-1.353,3.209
"10:HA-10:HE2"," HA  LYS    10 "," HE2 LYS    10 ",158,170,7.68249368269269e-05,7.68249368269269e-05,1,4.85008814352894,4.85008814352894,4.85008814352894,4.85008814352894,3.20237283398938e-15,0.225000000000001,-3.603,3.239,0.224999999999994,-3.603,3.239
"10:HB1-10:HE2"," HB1 LYS    10 "," HE2 LYS    10 ",160,170,0.01003591075178,0.01003591075178,1,2.15314792803467,2.15314792803467,2.15314792803467,2.15314792803468,4.39625888431457e-15,0.411000000000001,-0.984999999999999,1.87,0.411000000000001,-0.984999999999999,1.87
"10:HB2-10:HE2"," HB2 LYS    10 "," HE2 LYS    10 ",161,170,0.0015371356392209,0.0015371356392209,1,2.94361699274888,2.94361699274888,2.94361699274888,2.94361699274888,1.25607396694702e-15,0.527999999999999,-2.636,1.199,0.527999999999992,-2.636,1.19900000000001
"10:HD1-10:HE2"," HD1 LYS    10 "," HE2 LYS    10 ",166,170,0.00280431762003818,0.00280431762003818,1,2.66294461076456,2.66294461076456,2.66294461076456,2.66294461076456,4.44089209850063e-16,-0.696999999999996,-2.501,-0.592000000000006,-0.697000000000003,-2.501,-0.591999999999999
"9:HA1-11:H"," HA1 GLY     9 "," H   THR    11 ",151,178,0.000330138486667799,0.000330138486667799,1,3.80379678742175,3.80379678742175,3.80379678742175,3.80379678742175,4.44089209850063e-16,3.694,-0.747,0.515000000000001,3.694,-0.747,0.515000000000004
"9:HA2-11:H"," HA2 GLY     9 "," H   THR    11 ",152,178,8.81795023747424e-05,8.81795023747424e-05,1,4.73993143410324,4.73993143410324,4.73993143410324,4.73993143410325,1.98602732259782e-15,4.413,-1.435,-0.966000000000001,4.413,-1.435,-0.966000000000001
"10:H-11:H"," H   LYS    10 "," H   THR    11 ",156,178,0.00195095132118744,0.00195095132118744,1,2.82895210281122,2.82895210281122,2.82895210281122,2.82895210281122,0,2.12,-0.881,-1.653,2.12,-0.881000000000007,-1.653
"10:HA-11:H"," HA  LYS    10 "," H   THR    11 ",158,178,0.000516935499663488,0.000516935499663488,1,3.52988540890494,3.52988540890494,3.52988540890494,3.52988540890495,2.84355838317334e-15,0.151000000000003,-3.131,-1.623,0.150999999999996,-3.13100000000001,-1.623
"10:HB1-11:H"," HB1 LYS    10 "," H   THR    11 ",160,178,0.00123174944041459,0.00123174944041459,1,3.05430875976873,3.05430875976873,3.05430875976873,3.05430875976873,1.60118641699469e-15,0.337000000000003,-0.512999999999998,-2.992,0.337000000000003,-0.513000000000005,-2.992
"10:HB2-11:H"," HB2 LYS    10 "," H   THR    11 ",161,178,0.000162996498650415,0.000162996498650415,1,4.27861905291882,4.27861905291882,4.27861905291882,4.27861905291882,0,0.454000000000001,-2.16399999999999,-3.663,0.453999999999994,-2.164,-3.663
"10:HE2-11:H"," HE2 LYS    10 "," H   THR    11 ",170,178,7.35512242028029e-05,7.35512242028029e-05,1,4.88541748471919,4.88541748471919,4.88541748471919,4.88541748471919,1.98602732259782e-15,-0.0739999999999981,0.472000000000001,-4.862,-0.0739999999999981,0.471999999999994,-4.862
"9:H-12:H"," H   GLY     9 "," H   LEU    12 ",149,192,9.76816036822877e-05,9.76816036822877e-05,1,4.65977059521175,4.65977059521175,4.65977059521174,4.65977059521175,6.2803698347351e-15,4.109,-2.134,-0.524999999999999,4.10900000000001,-2.13400000000001,-0.524999999999999
"9:HA1-12:H"," HA1 GLY     9 "," H   LEU    12 ",151,192,0.000868765570119204,0.000868765570119205,1,3.23729964631018,3.23729964631018,3.23729964631018,3.23729964631018,4.09430021321672e-15,2.692,-0.603000000000002,-1.694,2.69200000000001,-0.603000000000002,-1.694
"9:HA2-12:H"," HA2 GLY     9 "," H   LEU    12 ",152,192,7.82244255825494e-05,7.82244255825494e-05,1,4.83551724223997,4.83551724223997,4.83551724223997,4.83551724223998,6.2803698347351e-15,3.411,-1.291,-3.175,3.41100000000001,-1.291,-3.175
"10:H-12:H"," H   LYS    10 "," H   LEU    12 ",156,192,0.000214395624134051,0.000214395624134051,1,4.08755880691643,4.08755880691643,4.08755880691642,4.08755880691643,2.51214793389404e-15,1.118,-0.737000000000002,-3.862,1.11800000000001,-0.737000000000009,-3.862
"10:HA-12:H"," HA  LYS    10 "," H   LEU    12 ",158,192,6.94291525979189e-05,6.94291525979189e-05,1,4.9326051940126,4.9326051940126,4.93260519401259,4.9326051940126,3.20237283398938e-15,-0.850999999999999,-2.987,-3.832,-0.850999999999999,-2.98700000000001,-3.832
"11:H-12:H"," H   THR    11 "," H   LEU    12 ",178,192,0.00485811791174741,0.00485811791174741,1,2.42990143833037,2.42990143833037,2.42990143833037,2.42990143833037,4.44089209850063e-16,-1.002,0.143999999999998,-2.209,-1.002,0.143999999999998,-2.209
"12:H-12:HA"," H   LEU    12 "," HA  LEU    12 ",192,194,0.00143011228577814,0.00143011228577814,1,2.9792364793685,2.9792364793685,2.97923647936849,2.9792364793685,3.14018491736755e-15,0.585000000000001,1.24,-2.645,0.584999999999994,1.24,-2.645
"9:HA1-12:HB1"," HA1 GLY     9 "," HB1 LEU    12 ",151,196,0.000115350740916528,0.000115350740916528,1,4.53241778745076,4.53241778745076,4.53241778745076,4.53241778745076,0,1.541,-1.82700000000001,-3.851,1.541,-1.82700000000001,-3.851
"11:H-12:HB1"," H   THR    11 "," HB1 LEU    12 ",178,196,6.50577924699664e-05,6.50577924699664e-05,1,4.98635788928152,4.98635788928152,4.98635788928152,4.98635788928152,2.51214793389404e-15,-2.15300000000001,-1.08000000000001,-4.366,-2.15300000000001,-1.08000000000001,-4.366
"12:H-12:HB1"," H   LEU    12 "," HB1 LEU    12 ",192,196,0.0023936315608177,0.0023936315608177,1,2.73415910290532,2.73415910290532,2.73415910290532,2.73415910290532,2.22044604925031e-15,-1.151,-1.224,-2.157,-1.15100000000001,-1.224,-2.157
"12:HA-12:HB1"," HA  LEU    12 "," HB1 LEU    12 ",194,196,0.00123399653880408,0.00123399653880408,1,3.05338107677375,3.05338107677375,3.05338107677375,3.05338107677375,6.2803698347351e-16,-1.736,-2.46400000000001,0.488,-1.736,-2.46400000000001,0.487999999999996
"12:H-12:HB2"," H   LEU    12 "," HB2 LEU    12 ",192,197,0.00142398570100491,0.00142398570100491,1,2.98136898085427,2.98136898085427,2.98136898085427,2.98136898085427,0,0.543999999999997,-1.223,-2.664,0.543999999999997,-1.223,-2.664
"12:HA-12:HB2"," HA  LEU    12 "," HB2 LEU    12 ",194,197,0.00447481452663081,0.00447481452663081,1,2.46341450024148,2.46341450024148,2.46341450024148,2.46341450024148,0,-0.0410000000000039,-2.463,-0.0190000000000019,-0.0409999999999968,-2.463,-0.0190000000000055
"12:H-12:HG"," H   LEU    12 "," HG  LEU    12 ",192,199,9.14429564976408e-05,9.14429564976408e-05,1,4.71130937213849,4.71130937213849,4.71130937213849,4.71130937213849,2.51214793389404e-15,-0.328000000000003,0.385999999999996,-4.684,-0.328000000000003,0.385999999999996,-4.684
"12:HA-12:HG"," HA  LEU    12 "," HG  LEU    12 ",194,199,0.00534219134645739,0.00534219134645739,1,2.3917370256782,2.3917370256782,2.3917370256782,2.3917370256782,1.88411095042053e-15,-0.913000000000004,-0.854000000000006,-2.039,-0.912999999999997,-0.854000000000006,-2.039
"12:HB1-12:HG"," HB1 LEU    12 "," HG  LEU    12 ",196,199,0.0011110199174656,0.0011110199174656,1,3.10727501196788,3.10727501196788,3.10727501196788,3.10727501196788,6.2803698347351e-16,0.823,1.61,-2.527,0.823000000000008,1.61,-2.527
"12:HB2-12:HG"," HB2 LEU    12 "," HG  LEU    12 ",197,199,0.0024383289991707,0.0024383289991707,1,2.72574118360492,2.72574118360492,2.72574118360492,2.72574118360493,1.88411095042053e-15,-0.872,1.60899999999999,-2.02,-0.872,1.60899999999999,-2.02
"12:H-13:H"," H   LEU    12 "," H   LYS    13 ",192,211,0.000122099652213333,0.000122099652213333,1,4.48966836191717,4.48966836191717,4.48966836191717,4.48966836191717,1.98602732259782e-15,-0.832999999999998,2.567,-3.588,-0.832999999999998,2.567,-3.588
"12:HA-13:H"," HA  LEU    12 "," H   LYS    13 ",194,211,0.0098762047571175,0.0098762047571175,1,2.15891222609906,2.15891222609906,2.15891222609905,2.15891222609906,3.46844760730509e-15,-1.418,1.327,-0.943000000000001,-1.41799999999999,1.327,-0.943000000000001
"12:HB1-13:H"," HB1 LEU    12 "," H   LYS    13 ",196,211,0.00022178145741383,0.00022178145741383,1,4.06454991358207,4.06454991358207,4.06454991358207,4.06454991358207,0,0.318000000000005,3.791,-1.431,0.318000000000012,3.791,-1.431
"12:HB2-13:H"," HB2 LEU    12 "," H   LYS    13 ",197,211,0.000199500981377128,0.000199500981377128,1,4.1369076615269,4.1369076615269,4.1369076615269,4.1369076615269,0,-1.377,3.79,-0.923999999999999,-1.377,3.79,-0.923999999999996
"12:HG-13:H"," HG  LEU    12 "," H   LYS    13 ",199,211,0.00416961080791818,0.00416961080791818,1,2.49258941665089,2.49258941665089,2.49258941665089,2.49258941665089,0,-0.504999999999995,2.181,1.096,-0.504999999999995,2.181,1.096
"7:H-13:HA"," H   ILE     7 "," HA  LYS    13 ",116,213,8.19462930902729e-05,8.19462930902729e-05,1,4.79820112125367,4.79820112125367,4.79820112125367,4.79820112125367,0,4.686,0.0970000000000013,1.027,4.686,0.0969999999999942,1.027
"7:HA-13:HA"," HA  ILE     7 "," HA  LYS    13 ",118,213,6.9048612419018e-05,6.9048612419018e-05,1,4.93712558074027,4.93712558074027,4.93712558074027,4.93712558074027,8.88178419700125e-16,4.354,1.842,-1.423,4.354,1.842,-1.423
"7:HB-13:HA"," HB  ILE     7 "," HA  LYS    13 ",120,213,0.00063956058636876,0.00063956058636876,1,3.40685030490041,3.40685030490041,3.40685030490041,3.40685030490041,6.2803698347351e-16,2.634,1.852,1.113,2.634,1.852,1.113
"8:H-13:HA"," H   ASN     8 "," HA  LYS    13 ",135,213,9.30858097165335e-05,9.30858097165335e-05,1,4.69734818807377,4.69734818807377,4.69734818807377,4.69734818807378,8.88178419700125e-16,3.45,0.866,-3.068,3.45,0.865999999999993,-3.068
"8:HA-13:HA"," HA  ASN     8 "," HA  LYS    13 ",137,213,0.000445098536284502,0.000445098536284502,1,3.61901713176382,3.61901713176382,3.61901713176382,3.61901713176382,2.22044604925031e-15,1.748,-1.609,-2.73,1.748,-1.60900000000001,-2.73
"9:H-13:HA"," H   GLY     9 "," HA  LYS    13 ",149,213,0.00105539347348405,0.00105539347348405,1,3.13398994893091,3.13398994893091,3.13398994893091,3.13398994893091,3.76822190084106e-15,0.719999999999999,0.857999999999997,-2.927,0.719999999999999,0.85799999999999,-2.927
"9:HA1-13:HA"," HA1 GLY     9 "," HA  LYS    13 ",151,213,8.25082525151143e-05,8.25082525151143e-05,1,4.79273888293531,4.79273888293531,4.7927388829353,4.79273888293531,2.51214793389404e-15,-0.697000000000003,2.389,-4.096,-0.697000000000003,2.389,-4.096
"12:HA-13:HA"," HA  LEU    12 "," HA  LYS    13 ",194,213,0.000147622302289147,0.000147622302289147,1,4.34985390559269,4.34985390559269,4.34985390559269,4.34985390559269,0,-3.974,1.752,0.242999999999999,-3.974,1.752,0.242999999999999
"12:HB1-13:HA"," HB1 LEU    12 "," HA  LYS    13 ",196,213,8.38922889471097e-05,8.38922889471097e-05,1,4.77946911277811,4.77946911277811,4.77946911277811,4.77946911277811,8.88178419700125e-16,-2.238,4.216,-0.245000000000001,-2.238,4.216,-0.244999999999997
"12:HG-13:HA"," HG  LEU    12 "," HA  LYS    13 ",199,213,0.000102489422733934,0.000102489422733934,1,4.62260543416805,4.62260543416805,4.62260543416805,4.62260543416806,3.20237283398938e-15,-3.061,2.606,2.282,-3.06100000000001,2.606,2.282
"13:H-13:HA"," H   LYS    13 "," HA  LYS    13 ",211,213,0.0018675602928077,0.0018675602928077,1,2.84962401028628,2.84962401028628,2.84962401028627,2.84962401028628,4.72073305456828e-15,-2.556,0.424999999999997,1.186,-2.55600000000001,0.424999999999997,1.186
"8:HA-13:HB1"," HA  ASN     8 "," HB1 LYS    13 ",137,215,0.000431509055179122,0.000431509055179122,1,3.63776813444727,3.63776813444727,3.63776813444727,3.63776813444727,0,1.861,0.805999999999997,-3.02,1.861,0.805999999999997,-3.02
"8:HD21-13:HB1","HD21 ASN     8 "," HB1 LYS    13 ",144,215,0.000105389638635046,0.000105389638635046,1,4.60115659372728,4.60115659372728,4.60115659372728,4.60115659372728,0,2.683,-1.613,-3.372,2.683,-1.613,-3.372
"9:H-13:HB1"," H   GLY     9 "," HB1 LYS    13 ",149,215,9.71163549593743e-05,9.71163549593743e-05,1,4.66427990154964,4.66427990154964,4.66427990154964,4.66427990154965,1.98602732259782e-15,0.832999999999998,3.273,-3.217,0.832999999999998,3.273,-3.217
"13:H-13:HB1"," H   LYS    13 "," HB1 LYS    13 ",211,215,0.000306190088057553,0.000306190088057553,1,3.85183917109737,3.85183917109737,3.85183917109736,3.85183917109737,6.90840681820861e-15,-2.443,2.84,0.896000000000001,-2.44300000000001,2.84,0.896000000000001
"13:HA-13:HB1"," HA  LYS    13 "," HB1 LYS    13 ",213,215,0.00479772104250188,0.00479772104250188,1,2.43497310046744,2.43497310046744,2.43497310046744,2.43497310046744,5.02429586778808e-15,0.113,2.415,-0.289999999999999,0.113,2.41500000000001,-0.289999999999999
"12:HA-13:HB2"," HA  LEU    12 "," HB2 LYS    13 ",194,216,0.000112465603048833,0.000112465603048833,1,4.55159257842791,4.55159257842791,4.5515925784279,4.55159257842791,4.44089209850063e-15,-2.099,4.01499999999999,-0.437000000000001,-2.099,4.015,-0.437000000000001
"13:H-13:HB2"," H   LYS    13 "," HB2 LYS    13 ",211,216,0.00199386235278323,0.00199386235278323,1,2.81871264941994,2.81871264941994,2.81871264941994,2.81871264941995,5.97460927268477e-15,-0.681000000000004,2.688,0.506,-0.681000000000012,2.688,0.506
"13:HA-13:HB2"," HA  LYS    13 "," HB2 LYS    13 ",213,216,0.00132736764201655,0.00132736764201655,1,3.01648702964226,3.01648702964226,3.01648702964226,3.01648702964227,4.09430021321672e-15,1.875,2.263,-0.68,1.875,2.26300000000001,-0.68
"8:HA-13:HG1"," HA  ASN     8 "," HG1 LYS    13 ",137,218,0.000235659550467586,0.000235659550467586,1,4.0236403914863,4.0236403914863,4.0236403914863,4.0236403914863,5.02429586778808e-15,3.893,-0.167999999999999,-1.003,3.89300000000001,-0.167999999999999,-1.003
"9:H-13:HG1"," H   GLY     9 "," HG1 LYS    13 ",149,218,0.000300264637748155,0.000300264637748155,1,3.86440499947922,3.86440499947922,3.86440499947922,3.86440499947923,3.14018491736755e-15,2.865,2.299,-1.2,2.86500000000001,2.299,-1.2
"9:HA1-13:HG1"," HA1 GLY     9 "," HG1 LYS    13 ",151,218,8.92380093066724e-05,8.92380093066723e-05,1,4.73051424265904,4.73051424265904,4.73051424265904,4.73051424265904,4.44089209850063e-15,1.448,3.83,-2.369,1.44800000000001,3.83000000000001,-2.369
"12:H-13:HG1"," H   LEU    12 "," HG1 LYS    13 ",192,218,9.84796494243648e-05,9.84796494243648e-05,1,4.65345570517224,4.65345570517224,4.65345570517223,4.65345570517224,5.02429586778808e-15,-1.244,4.433,-0.675000000000001,-1.244,4.43300000000001,-0.674999999999997
"12:HA-13:HG1"," HA  LEU    12 "," HG1 LYS    13 ",194,218,0.000189126153875889,0.000189126153875889,1,4.17389386544507,4.17389386544507,4.17389386544507,4.17389386544507,1.25607396694702e-15,-1.829,3.193,1.97,-1.82899999999999,3.193,1.97
"13:H-13:HG1"," H   LYS    13 "," HG1 LYS    13 ",211,218,0.000559403805381305,0.000559403805381305,1,3.48374023141795,3.48374023141795,3.48374023141795,3.48374023141796,2.51214793389404e-15,-0.411000000000001,1.866,2.913,-0.411000000000001,1.86600000000001,2.913
"13:HA-13:HG1"," HA  LYS    13 "," HG1 LYS    13 ",213,218,0.00110933802634738,0.00110933802634738,1,3.10805968411162,3.10805968411162,3.10805968411162,3.10805968411163,5.97460927268477e-15,2.145,1.441,1.727,2.14500000000001,1.44100000000001,1.727
"13:HB1-13:HG1"," HB1 LYS    13 "," HG1 LYS    13 ",215,218,0.00130709747547217,0.00130709747547217,1,3.02423362192804,3.02423362192804,3.02423362192804,3.02423362192805,3.14018491736755e-15,2.032,-0.973999999999997,2.017,2.03200000000001,-0.973999999999997,2.017
"13:HB2-13:HG1"," HB2 LYS    13 "," HG1 LYS    13 ",216,218,0.00357126418115737,0.00357126418115737,1,2.55777891929697,2.55777891929697,2.55777891929697,2.55777891929697,4.44089209850063e-16,0.270000000000003,-0.821999999999996,2.407,0.27000000000001,-0.821999999999996,2.407
"8:H-13:HG2"," H   ASN     8 "," HG2 LYS    13 ",135,219,8.67916706756928e-05,8.67916706756928e-05,1,4.75248029980135,4.75248029980135,4.75248029980135,4.75248029980135,0,3.834,2.528,-1.223,3.834,2.528,-1.223
"8:HA-13:HG2"," HA  ASN     8 "," HG2 LYS    13 ",137,219,0.00659875528966003,0.00659875528966003,1,2.30899501948358,2.30899501948358,2.30899501948358,2.30899501948358,0,2.132,0.0529999999999973,-0.884999999999998,2.132,0.0529999999999973,-0.884999999999998
"8:HB1-13:HG2"," HB1 ASN     8 "," HG2 LYS    13 ",139,219,0.000151005395850514,0.000151005395850514,1,4.33345797256648,4.33345797256648,4.33345797256648,4.33345797256648,0,3.129,-0.819000000000003,-2.884,3.129,-0.819000000000003,-2.884
"8:HD21-13:HG2","HD21 ASN     8 "," HG2 LYS    13 ",144,219,0.000250936382651015,0.000250936382651015,1,3.98173843942567,3.98173843942567,3.98173843942567,3.98173843942567,0,2.954,-2.366,-1.237,2.954,-2.366,-1.237
"9:H-13:HG2"," H   GLY     9 "," HG2 LYS    13 ",149,219,0.00149787180652738,0.00149787180652738,1,2.9563389521501,2.9563389521501,2.9563389521501,2.9563389521501,6.2803698347351e-16,1.104,2.52,-1.082,1.104,2.52,-1.08199999999999
"9:HA1-13:HG2"," HA1 GLY     9 "," HG2 LYS    13 ",151,219,9.95664689375928e-05,9.95664689375928e-05,1,4.64495112999049,4.64495112999049,4.64495112999049,4.6449511299905,3.20237283398938e-15,-0.313000000000002,4.05099999999999,-2.251,-0.313000000000002,4.051,-2.25099999999999
"13:H-13:HG2"," H   LYS    13 "," HG2 LYS    13 ",211,219,0.000164244012489415,0.000164244012489415,1,4.27318546286024,4.27318546286024,4.27318546286023,4.27318546286024,5.02429586778808e-15,-2.172,2.087,3.031,-2.17200000000001,2.087,3.031
"13:HA-13:HG2"," HA  LYS    13 "," HG2 LYS    13 ",213,219,0.00397322367272226,0.00397322367272226,1,2.51271267756582,2.51271267756582,2.51271267756582,2.51271267756583,3.46844760730509e-15,0.384,1.662,1.845,0.384,1.66200000000001,1.845
"13:HB1-13:HG2"," HB1 LYS    13 "," HG2 LYS    13 ",215,219,0.00711741019575119,0.00711741019575119,1,2.28006030621999,2.28006030621999,2.28006030621999,2.28006030621999,0,0.271000000000001,-0.753,2.135,0.271000000000001,-0.753,2.135
"13:HB2-13:HG2"," HB2 LYS    13 "," HG2 LYS    13 ",216,219,0.00139023908587207,0.00139023908587207,1,2.99331037481916,2.99331037481916,2.99331037481916,2.99331037481916,0,-1.491,-0.600999999999999,2.525,-1.491,-0.600999999999999,2.525
"8:HA-13:HD1"," HA  ASN     8 "," HD1 LYS    13 ",137,221,0.000434991391730916,0.000434991391730916,1,3.63289815436656,3.63289815436656,3.63289815436656,3.63289815436656,0,2.418,2.443,-1.176,2.418,2.443,-1.176
"8:HB1-13:HD1"," HB1 ASN     8 "," HD1 LYS    13 ",139,221,7.04640632149645e-05,7.04640632149645e-05,1,4.92045638127196,4.92045638127196,4.92045638127196,4.92045638127196,0,3.415,1.571,-3.175,3.415,1.571,-3.175
"8:HD21-13:HD1","HD21 ASN     8 "," HD1 LYS    13 ",144,221,0.000473172480425126,0.000473172480425126,1,3.58231210253937,3.58231210253936,3.58231210253937,3.58231210253937,0,3.24,0.0240000000000009,-1.528,3.24,0.0240000000000009,-1.528
"8:HD22-13:HD1","HD22 ASN     8 "," HD1 LYS    13 ",145,221,0.000100631795507663,0.000100631795507663,1,4.63671920650798,4.63671920650798,4.63671920650798,4.63671920650798,0,4.59,-0.411000000000001,-0.512,4.59,-0.411000000000001,-0.512
"13:HA-13:HD1"," HA  LYS    13 "," HD1 LYS    13 ",213,221,0.000139478936894558,0.000139478936894558,1,4.3911866277807,4.3911866277807,4.3911866277807,4.3911866277807,5.02429586778808e-15,0.670000000000002,4.052,1.554,0.670000000000002,4.05200000000001,1.554
"13:HB1-13:HD1"," HB1 LYS    13 "," HD1 LYS    13 ",215,221,0.00383199778175358,0.00383199778175358,1,2.52791495110101,2.52791495110101,2.52791495110101,2.52791495110101,0,0.557000000000002,1.637,1.844,0.557000000000002,1.637,1.844
"13:HB2-13:HD1"," HB2 LYS    13 "," HD1 LYS    13 ",216,221,0.0011151228025961,0.0011151228025961,1,3.10536664501956,3.10536664501955,3.10536664501956,3.10536664501956,0,-1.205,1.789,2.234,-1.205,1.789,2.234
"13:HG1-13:HD1"," HG1 LYS    13 "," HD1 LYS    13 ",218,221,0.00136133552379562,0.00136133552379562,1,3.0038100805477,3.0038100805477,3.0038100805477,3.00381008054771,2.51214793389404e-15,-1.475,2.611,-0.172999999999998,-1.47500000000001,2.611,-0.172999999999998
"13:HG2-13:HD1"," HG2 LYS    13 "," HD1 LYS    13 ",219,221,0.00492247327086146,0.00492247327086146,1,2.42457769518735,2.42457769518735,2.42457769518735,2.42457769518735,0,0.286000000000001,2.39,-0.291,0.286000000000001,2.39,-0.291
"8:HA-13:HD2"," HA  ASN     8 "," HD2 LYS    13 ",137,222,6.70343621113196e-05,6.70343621113195e-05,1,4.96154673463831,4.96154673463831,4.96154673463831,4.96154673463831,4.44089209850063e-15,4.197,2.149,-1.544,4.19700000000001,2.149,-1.544
"13:H-13:HD2"," H   LYS    13 "," HD2 LYS    13 ",211,222,8.0755731366678e-05,8.0755731366678e-05,1,4.80991912613923,4.80991912613923,4.80991912613923,4.80991912613924,4.44089209850063e-15,-0.106999999999999,4.183,2.372,-0.106999999999999,4.18300000000001,2.372
"13:HA-13:HD2"," HA  LYS    13 "," HD2 LYS    13 ",213,222,0.000100245279873493,0.000100245279873493,1,4.63969406318995,4.63969406318995,4.63969406318995,4.63969406318996,6.2803698347351e-15,2.44900000000001,3.758,1.186,2.44900000000001,3.75800000000001,1.186
"13:HB1-13:HD2"," HB1 LYS    13 "," HD2 LYS    13 ",215,222,0.00118906429932464,0.00118906429932464,1,3.07231525075147,3.07231525075147,3.07231525075146,3.07231525075147,4.09430021321672e-15,2.33600000000001,1.343,1.476,2.33600000000001,1.343,1.476
"13:HB2-13:HD2"," HB2 LYS    13 "," HD2 LYS    13 ",216,222,0.00452373435277846,0.00452373435277846,1,2.45895445260786,2.45895445260786,2.45895445260786,2.45895445260786,1.25607396694702e-15,0.574000000000005,1.495,1.866,0.574000000000012,1.495,1.866
"13:HG1-13:HD2"," HG1 LYS    13 "," HD2 LYS    13 ",218,222,0.00525030064775652,0.00525030064775652,1,2.39866337780023,2.39866337780023,2.39866337780023,2.39866337780023,0,0.304000000000002,2.317,-0.541,0.304000000000002,2.317,-0.541
"13:HG2-13:HD2"," HG2 LYS    13 "," HD2 LYS    13 ",219,222,0.00133064300978601,0.00133064300978601,1,3.01524824848636,3.01524824848636,3.01524824848636,3.01524824848636,3.46844760730509e-15,2.065,2.096,-0.659000000000002,2.06500000000001,2.096,-0.659000000000002
"8:HA-13:HE1"," HA  ASN     8 "," HE1 LYS    13 ",137,224,0.000787392485010836,0.000787392485010836,1,3.29079975082046,3.29079975082046,3.29079975082046,3.29079975082046,0,2.769,1.421,1.069,2.769,1.421,1.069
"8:HB1-13:HE1"," HB1 ASN     8 "," HE1 LYS    13 ",139,224,0.000276538054614243,0.000276538054614243,1,3.91778725813436,3.91778725813436,3.91778725813437,3.91778725813437,0,3.766,0.548999999999999,-0.93,3.766,0.548999999999999,-0.93
"8:HD21-13:HE1","HD21 ASN     8 "," HE1 LYS    13 ",144,224,0.000334523310169028,0.000334523310169028,1,3.79544121282362,3.79544121282362,3.79544121282362,3.79544121282362,0,3.591,-0.997999999999998,0.717000000000002,3.591,-0.997999999999998,0.717000000000002
"9:H-13:HE1"," H   GLY     9 "," HE1 LYS    13 ",149,224,0.000147932160134085,0.000147932160134085,1,4.34833404880536,4.34833404880536,4.34833404880536,4.34833404880536,0,1.741,3.888,0.872000000000003,1.741,3.888,0.872000000000007
"13:HA-13:HE1"," HA  LYS    13 "," HE1 LYS    13 ",213,224,6.67184225108528e-05,6.67184225108528e-05,1,4.96545486335341,4.96545486335341,4.96545486335341,4.96545486335341,2.51214793389404e-15,1.021,3.03,3.799,1.021,3.03000000000001,3.799
"13:HB1-13:HE1"," HB1 LYS    13 "," HE1 LYS    13 ",215,224,0.00017369856731601,0.00017369856731601,1,4.23351036375252,4.23351036375252,4.23351036375252,4.23351036375252,0,0.908000000000001,0.615000000000002,4.089,0.908000000000001,0.615000000000002,4.089
"13:HB2-13:HE1"," HB2 LYS    13 "," HE1 LYS    13 ",216,224,0.000102337554533767,0.000102337554533767,1,4.62374804676899,4.62374804676899,4.62374804676899,4.62374804676899,0,-0.853999999999999,0.767000000000003,4.479,-0.853999999999999,0.767000000000003,4.479
"13:HG1-13:HE1"," HG1 LYS    13 "," HE1 LYS    13 ",218,224,0.00189464187315756,0.00189464187315756,1,2.8427945757652,2.8427945757652,2.84279457576519,2.8427945757652,1.88411095042053e-15,-1.124,1.589,2.072,-1.12400000000001,1.589,2.072
"13:HG2-13:HE1"," HG2 LYS    13 "," HE1 LYS    13 ",219,224,0.00441583481459115,0.00441583481459115,1,2.46886795920722,2.46886795920722,2.46886795920722,2.46886795920722,0,0.637,1.368,1.954,0.637,1.368,1.954
"13:HD1-13:HE1"," HD1 LYS    13 "," HE1 LYS    13 ",221,224,0.00418028353411968,0.00418028353411968,1,2.49152764383621,2.49152764383621,2.49152764383621,2.49152764383621,0,0.350999999999999,-1.022,2.245,0.350999999999999,-1.022,2.245
"13:HD2-13:HE1"," HD2 LYS    13 "," HE1 LYS    13 ",222,224,0.00120514985914866,0.00120514985914866,1,3.06544238243031,3.06544238243031,3.06544238243031,3.06544238243032,2.22044604925031e-15,-1.428,-0.728000000000002,2.613,-1.42800000000001,-0.728000000000002,2.613
"8:HA-13:HE2"," HA  ASN     8 "," HE2 LYS    13 ",137,225,9.59714505404462e-05,9.59714505404462e-05,1,4.67350799721152,4.67350799721152,4.67350799721152,4.67350799721152,3.76822190084106e-15,3.536,2.941,0.830000000000002,3.53600000000001,2.941,0.830000000000002
"8:HD21-13:HE2","HD21 ASN     8 "," HE2 LYS    13 ",144,225,0.000135006640046185,0.000135006640046185,1,4.41510271681193,4.41510271681193,4.41510271681193,4.41510271681193,5.02429586778808e-15,4.358,0.522000000000006,0.478000000000002,4.35800000000001,0.522000000000006,0.478000000000002
"13:HB1-13:HE2"," HB1 LYS    13 "," HE2 LYS    13 ",215,225,9.15677241589744e-05,9.15677241589744e-05,1,4.71023884744713,4.71023884744713,4.71023884744713,4.71023884744713,1.25607396694702e-15,1.675,2.13500000000001,3.85,1.67500000000001,2.13500000000001,3.85
"13:HB2-13:HE2"," HB2 LYS    13 "," HE2 LYS    13 ",216,225,7.9921521371541e-05,7.9921521371541e-05,1,4.8182505123748,4.8182505123748,4.8182505123748,4.8182505123748,0,-0.0869999999999962,2.28700000000001,4.24,-0.0869999999999891,2.28700000000001,4.24
"13:HG1-13:HE2"," HG1 LYS    13 "," HE2 LYS    13 ",218,225,0.000439444311061226,0.000439444311061226,1,3.62673668743679,3.62673668743679,3.6267366874368,3.6267366874368,0,-0.356999999999999,3.109,1.833,-0.356999999999999,3.109,1.833
"13:HG2-13:HE2"," HG2 LYS    13 "," HE2 LYS    13 ",219,225,0.000429594666348719,0.000429594666348719,1,3.64046494283355,3.64046494283355,3.64046494283354,3.64046494283355,2.22044604925031e-15,1.404,2.88800000000001,1.715,1.40400000000001,2.88800000000001,1.715
"13:HD1-13:HE2"," HD1 LYS    13 "," HE2 LYS    13 ",221,225,0.00593908152889112,0.00593908152889112,1,2.34988595467951,2.34988595467951,2.34988595467951,2.34988595467951,2.51214793389404e-15,1.118,0.498000000000005,2.006,1.11800000000001,0.498000000000005,2.006
"13:HD2-13:HE2"," HD2 LYS    13 "," HE2 LYS    13 ",222,225,0.00332478625051785,0.00332478625051785,1,2.58844760426013,2.58844760426013,2.58844760426013,2.58844760426013,0,-0.661000000000001,0.792000000000002,2.374,-0.661000000000001,0.792000000000002,2.374
"7:H-14:H"," H   ILE     7 "," H   GLY    14 ",116,233,0.000660531755337614,0.000660531755337614,1,3.3885797910039,3.3885797910039,3.3885797910039,3.3885797910039,1.88411095042053e-15,3.136,1.189,-0.484000000000002,3.136,1.18899999999999,-0.484000000000002
"7:HB-14:H"," HB  ILE     7 "," H   GLY    14 ",120,233,0.000999821221310851,0.000999821221310851,1,3.16237189463858,3.16237189463858,3.16237189463858,3.16237189463858,0,1.084,2.944,-0.398,1.084,2.944,-0.397999999999996
"8:HA-14:H"," HA  ASN     8 "," H   GLY    14 ",137,233,0.000163371214742298,0.000163371214742298,1,4.27698187978392,4.27698187978392,4.27698187978392,4.27698187978392,8.88178419700125e-16,0.198,-0.517000000000003,-4.241,0.198,-0.51700000000001,-4.241
"9:H-14:H"," H   GLY     9 "," H   GLY    14 ",149,233,7.06709358888328e-05,7.06709358888328e-05,1,4.91805286673496,4.91805286673496,4.91805286673496,4.91805286673496,4.44089209850063e-15,-0.829999999999998,1.95,-4.438,-0.829999999999998,1.94999999999999,-4.438
"13:H-14:H"," H   LYS    13 "," H   GLY    14 ",211,233,0.000139834775106355,0.000139834775106355,1,4.38932227114848,4.38932227114848,4.38932227114847,4.38932227114848,4.44089209850063e-15,-4.106,1.517,-0.324999999999999,-4.10600000000001,1.517,-0.324999999999999
"13:HA-14:H"," HA  LYS    13 "," H   GLY    14 ",213,233,0.00492370941812687,0.00492370941812687,1,2.42447623209632,2.42447623209632,2.42447623209632,2.42447623209632,0,-1.55,1.092,-1.511,-1.55,1.092,-1.511
"13:HB1-14:H"," HB1 LYS    13 "," H   GLY    14 ",215,233,0.00461406506886675,0.00461406506886675,1,2.45086494935971,2.45086494935971,2.45086494935971,2.45086494935972,2.84355838317334e-15,-1.663,-1.323,-1.221,-1.663,-1.32300000000001,-1.221
"13:HB2-14:H"," HB2 LYS    13 "," H   GLY    14 ",216,233,0.000381134197571626,0.000381134197571626,1,3.71381569278821,3.71381569278821,3.71381569278821,3.71381569278821,1.60118641699469e-15,-3.425,-1.171,-0.831,-3.425,-1.17100000000001,-0.831
"13:HG1-14:H"," HG1 LYS    13 "," H   GLY    14 ",218,233,7.00416025824463e-05,7.00416025824463e-05,1,4.9253903398614,4.9253903398614,4.9253903398614,4.92539033986141,4.44089209850063e-15,-3.695,-0.349000000000004,-3.238,-3.69500000000001,-0.349000000000011,-3.238
"13:HG2-14:H"," HG2 LYS    13 "," H   GLY    14 ",219,233,0.000277679746891364,0.000277679746891364,1,3.91509795535182,3.91509795535182,3.91509795535182,3.91509795535182,6.2803698347351e-16,-1.934,-0.57,-3.356,-1.934,-0.570000000000007,-3.356
"13:HD1-14:H"," HD1 LYS    13 "," H   GLY    14 ",221,233,8.12931784010989e-05,8.12931784010989e-05,1,4.8046045622923,4.8046045622923,4.8046045622923,4.80460456229231,3.20237283398938e-15,-2.22,-2.96,-3.065,-2.22,-2.96000000000001,-3.065
"7:H-14:HA1"," H   ILE     7 "," HA1 GLY    14 ",116,235,9.63570085613043e-05,9.63570085613043e-05,1,4.67038606541258,4.67038606541258,4.67038606541258,4.67038606541258,0,3.459,-0.140000000000001,-3.135,3.459,-0.140000000000008,-3.135
"7:HB-14:HA1"," HB  ILE     7 "," HA1 GLY    14 ",120,235,0.000373620226236524,0.000373620226236524,1,3.72616089292988,3.72616089292988,3.72616089292988,3.72616089292988,2.22044604925031e-15,1.407,1.61499999999999,-3.049,1.407,1.61499999999999,-3.049
"13:H-14:HA1"," H   LYS    13 "," HA1 GLY    14 ",211,235,8.00510577002292e-05,8.00510577002292e-05,1,4.81695017620071,4.81695017620071,4.8169501762007,4.81695017620071,3.76822190084106e-15,-3.783,0.187999999999995,-2.976,-3.78300000000001,0.187999999999995,-2.976
"13:HA-14:HA1"," HA  LYS    13 "," HA1 GLY    14 ",213,235,0.000148498486173931,0.000148498486173931,1,4.34556578594778,4.34556578594778,4.34556578594778,4.34556578594778,0,-1.227,-0.237000000000002,-4.162,-1.227,-0.237000000000002,-4.162
"13:HB1-14:HA1"," HB1 LYS    13 "," HA1 GLY    14 ",215,235,7.39801520438547e-05,7.39801520438547e-05,1,4.88068519779754,4.88068519779754,4.88068519779754,4.88068519779754,2.51214793389404e-15,-1.34,-2.652,-3.872,-1.34,-2.65200000000001,-3.872
"14:H-14:HA1"," H   GLY    14 "," HA1 GLY    14 ",233,235,0.00141928127647168,0.00141928127647168,1,2.9830137445208,2.9830137445208,2.9830137445208,2.9830137445208,0,0.323,-1.329,-2.651,0.323,-1.329,-2.651
"7:HB-14:HA2"," HB  ILE     7 "," HA2 GLY    14 ",120,236,7.65230009804997e-05,7.65230009804997e-05,1,4.85327240117429,4.85327240117429,4.85327240117429,4.85327240117429,0,1.498,3.332,-3.195,1.498,3.332,-3.195
"13:HA-14:HA2"," HA  LYS    13 "," HA2 GLY    14 ",213,236,9.34069985308318e-05,9.34069985308318e-05,1,4.69465227679325,4.69465227679325,4.69465227679324,4.69465227679325,2.51214793389404e-15,-1.136,1.48,-4.308,-1.136,1.48,-4.308
"13:HB1-14:HA2"," HB1 LYS    13 "," HA2 GLY    14 ",215,236,0.000155942521846889,0.000155942521846889,1,4.31028421336691,4.31028421336691,4.31028421336691,4.31028421336691,3.76822190084106e-15,-1.249,-0.934999999999995,-4.018,-1.249,-0.935000000000002,-4.018
"13:HB2-14:HA2"," HB2 LYS    13 "," HA2 GLY    14 ",216,236,8.39113631707528e-05,8.39113631707528e-05,1,4.77928802228951,4.77928802228951,4.77928802228951,4.77928802228951,2.51214793389404e-15,-3.011,-0.782999999999994,-3.628,-3.011,-0.783000000000001,-3.628
"14:H-14:HA2"," H   GLY    14 "," HA2 GLY    14 ",233,236,0.00185055884717494,0.00185055884717494,1,2.85397074266714,2.85397074266714,2.85397074266714,2.85397074266714,2.22044604925031e-15,0.414000000000001,0.388000000000005,-2.797,0.414000000000001,0.388000000000005,-2.797
"14:H-15:H"," H   GLY    14 "," H   GLU    15 ",233,240,0.000129235748075178,0.000129235748075178,1,4.44736618685712,4.44736618685712,4.44736618685712,4.44736618685712,0,-1.339,-0.00799999999999557,-4.241,-1.339,-0.00799999999999557,-4.241
"14:HA1-15:H"," HA1 GLY    14 "," H   GLU    15 ",235,240,0.0028716823211956,0.0028716823211956,1,2.65243001792696,2.65243001792696,2.65243001792696,2.65243001792696,0,-1.662,1.32100000000001,-1.59,-1.662,1.32100000000001,-1.59
"14:HA2-15:H"," HA2 GLY    14 "," H   GLU    15 ",236,240,0.00666039143501499,0.00666039143501499,1,2.30541991836628,2.30541991836628,2.30541991836628,2.30541991836628,1.60118641699469e-15,-1.753,-0.396000000000001,-1.444,-1.753,-0.396000000000001,-1.444
"4:HG1-15:HA"," HG1 LYS     4 "," HA  GLU    15 ",66,242,0.000139201259831224,0.000139201259831224,1,4.3926453305497,4.3926453305497,4.3926453305497,4.3926453305497,0,4.07400000000001,-0.643999999999998,1.511,4.07400000000001,-0.643999999999998,1.511
"4:HG2-15:HA"," HG2 LYS     4 "," HA  GLU    15 ",67,242,8.81299382728706e-05,8.81299382728706e-05,1,4.7403756180286,4.7403756180286,4.7403756180286,4.7403756180286,0,4.631,-1.01,-0.0700000000000003,4.631,-1.01,-0.0700000000000003
"4:HE1-15:HA"," HE1 LYS     4 "," HA  GLU    15 ",72,242,0.000140478405926222,0.000140478405926222,1,4.38596409014028,4.38596409014028,4.38596409014028,4.38596409014028,0,2.96100000000001,-2.838,1.554,2.96100000000001,-2.838,1.554
"4:HE2-15:HA"," HE2 LYS     4 "," HA  GLU    15 ",73,242,9.74765899046425e-05,9.74765899046425e-05,1,4.66140257862373,4.66140257862373,4.66140257862373,4.66140257862373,0,3.464,-3.117,-0.117000000000001,3.464,-3.117,-0.117000000000001
"5:H-15:HA"," H   LEU     5 "," HA  GLU    15 ",81,242,0.000133392534580733,0.000133392534580733,1,4.42396225119519,4.42396225119519,4.42396225119519,4.42396225119519,8.88178419700125e-16,3.983,1.687,0.928000000000001,3.983,1.687,0.927999999999997
"5:HB1-15:HA"," HB1 LEU     5 "," HA  GLU    15 ",85,242,0.00021379652194193,0.00021379652194193,1,4.08946561301107,4.08946561301107,4.08946561301107,4.08946561301107,0,2.20200000000001,3.446,-0.00300000000000011,2.20200000000001,3.446,-0.00300000000000011
"5:HG-15:HA"," HG  LEU     5 "," HA  GLU    15 ",88,242,0.000162902911972551,0.000162902911972551,1,4.27902862808839,4.27902862808839,4.27902862808839,4.27902862808839,0,1.267,3.461,-2.174,1.267,3.461,-2.174
"6:H-15:HA"," H   VAL     6 "," HA  GLU    15 ",100,242,7.70645073868379e-05,7.70645073868379e-05,1,4.84757196955342,4.84757196955342,4.84757196955342,4.84757196955342,0,2.953,1.848,-3.371,2.953,1.848,-3.371
"6:HA-15:HA"," HA  VAL     6 "," HA  GLU    15 ",102,242,0.00186384223806108,0.00186384223806107,1,2.85057064462539,2.85057064462539,2.85057064462539,2.85057064462539,2.22044604925031e-15,0.875,-0.0720000000000027,-2.712,0.875,-0.0720000000000027,-2.712
"7:H-15:HA"," H   ILE     7 "," HA  GLU    15 ",116,242,0.000307966813848489,0.000307966813848489,1,3.84812655717039,3.84812655717039,3.84812655717039,3.84812655717039,1.88411095042053e-15,-0.888999999999996,0.194000000000003,-3.739,-0.888999999999996,0.193999999999996,-3.739
"7:HG11-15:HA","HG11 ILE     7 "," HA  GLU    15 ",126,242,8.30770476090046e-05,8.30770476090046e-05,1,4.78725422345628,4.78725422345628,4.78725422345628,4.78725422345628,0,-0.713000000000001,3.135,-3.547,-0.713000000000001,3.135,-3.547
"14:HA1-15:HA"," HA1 GLY    14 "," HA  GLU    15 ",235,242,0.000137353413432104,0.000137353413432104,1,4.40243977812303,4.40243977812303,4.40243977812303,4.40243977812303,0,-4.348,0.334000000000003,-0.603999999999999,-4.348,0.334000000000003,-0.604000000000003
"14:HA2-15:HA"," HA2 GLY    14 "," HA  GLU    15 ",236,242,9.61628815033104e-05,9.61628815033104e-05,1,4.67195612136929,4.67195612136929,4.67195612136929,4.67195612136929,0,-4.439,-1.383,-0.457999999999998,-4.439,-1.383,-0.457999999999998
"15:H-15:HA"," H   GLU    15 "," HA  GLU    15 ",240,242,0.00130069927206871,0.00130069927206871,1,3.02670794758926,3.02670794758926,3.02670794758926,3.02670794758926,9.93013661298909e-16,-2.686,-0.987000000000002,0.986000000000001,-2.686,-0.987000000000002,0.985999999999997
"4:HG1-15:HB1"," HG1 LYS     4 "," HB1 GLU    15 ",66,244,0.000691882367668965,0.000691882367668965,1,3.3624922304743,3.3624922304743,3.3624922304743,3.3624922304743,0,3.152,1.171,0.00300000000000011,3.152,1.171,0.00300000000000011
"4:HG2-15:HB1"," HG2 LYS     4 "," HB1 GLU    15 ",67,244,0.000207367936580539,0.000207367936580539,1,4.11032723758097,4.11032723758097,4.11032723758097,4.11032723758097,0,3.709,0.805,-1.578,3.709,0.805,-1.578
"4:HD2-15:HB1"," HD2 LYS     4 "," HB1 GLU    15 ",70,244,0.000103133941562126,0.000103133941562126,1,4.6177781453855,4.6177781453855,4.6177781453855,4.6177781453855,0,4.455,-0.957000000000001,0.749000000000002,4.455,-0.957000000000001,0.749000000000002
"4:HE1-15:HB1"," HE1 LYS     4 "," HB1 GLU    15 ",72,244,0.00708673128098551,0.00708673128098551,1,2.28170243458695,2.28170243458695,2.28170243458695,2.28170243458695,0,2.039,-1.023,0.0460000000000029,2.039,-1.023,0.0460000000000029
"4:HE2-15:HB1"," HE2 LYS     4 "," HB1 GLU    15 ",73,244,0.000794363242748401,0.000794363242748401,1,3.28596911123644,3.28596911123644,3.28596911123644,3.28596911123644,0,2.54199999999999,-1.302,-1.625,2.54199999999999,-1.302,-1.625
"5:H-15:HB1"," H   LEU     5 "," HB1 GLU    15 ",81,244,9.42979858163027e-05,9.42979858163027e-05,1,4.68722999222355,4.68722999222355,4.68722999222355,4.68722999222355,0,3.061,3.502,-0.579999999999998,3.061,3.502,-0.580000000000002
"6:HA-15:HB1"," HA  VAL     6 "," HB1 GLU    15 ",102,244,0.000110348309480383,0.000110348309480383,1,4.56603307040148,4.56603307040148,4.56603307040148,4.56603307040148,1.98602732259782e-15,-0.0470000000000041,1.74299999999999,-4.22,-0.0470000000000041,1.74299999999999,-4.22
"15:H-15:HB1"," H   GLU    15 "," HB1 GLU    15 ",240,244,0.000366333223973519,0.000366333223973519,1,3.73841303229058,3.73841303229058,3.73841303229058,3.73841303229058,4.44089209850063e-16,-3.608,0.827999999999996,-0.521999999999998,-3.608,0.827999999999996,-0.522000000000002
"15:HA-15:HB1"," HA  GLU    15 "," HB1 GLU    15 ",242,244,0.00378203151314739,0.00378203151314739,1,2.53345080867973,2.53345080867973,2.53345080867973,2.53345080867973,0,-0.922000000000004,1.815,-1.508,-0.922000000000004,1.815,-1.508
"4:HE1-15:HB2"," HE1 LYS     4 "," HB2 GLU    15 ",72,245,0.000428946113509756,0.000428946113509756,1,3.64138174323979,3.64138174323979,3.64138174323979,3.64138174323979,0,3.62200000000001,-0.371000000000002,-0.0559999999999974,3.62200000000001,-0.371000000000002,-0.0559999999999974
"4:HE2-15:HB2"," HE2 LYS     4 "," HB2 GLU    15 ",73,245,0.000117433244359057,0.000117433244359057,1,4.51892177405186,4.51892177405186,4.51892177405186,4.51892177405186,0,4.125,-0.649999999999999,-1.727,4.125,-0.649999999999999,-1.727
"14:HA2-15:HB2"," HA2 GLY    14 "," HB2 GLU    15 ",236,245,0.000130302078161869,0.000130302078161869,1,4.44127954535627,4.44127954535627,4.44127954535627,4.44127954535627,0,-3.778,1.084,-2.068,-3.778,1.084,-2.068
"15:H-15:HB2"," H   GLU    15 "," HB2 GLU    15 ",240,245,0.00335422663247354,0.00335422663247354,1,2.58464717127889,2.58464717127889,2.58464717127889,2.58464717127889,6.2803698347351e-16,-2.025,1.48,-0.623999999999999,-2.025,1.48,-0.624000000000002
"15:HA-15:HB2"," HA  GLU    15 "," HB2 GLU    15 ",242,245,0.00132042657959282,0.00132042657959282,1,3.01912404514952,3.01912404514952,3.01912404514952,3.01912404514952,0,0.661000000000001,2.467,-1.61,0.661000000000001,2.467,-1.61
"4:HE1-15:HG1"," HE1 LYS     4 "," HG1 GLU    15 ",72,247,0.00010815776875118,0.00010815776875118,1,4.58131738695324,4.58131738695324,4.58131738695324,4.58131738695324,0,3.93600000000001,0.0820000000000007,2.343,3.93600000000001,0.0820000000000078,2.343
"4:HE2-15:HG1"," HE2 LYS     4 "," HG1 GLU    15 ",73,247,0.000121411848909321,0.000121411848909321,1,4.4938974176098,4.4938974176098,4.4938974176098,4.4938974176098,8.88178419700125e-16,4.439,-0.196999999999996,0.671999999999997,4.439,-0.196999999999989,0.671999999999997
"6:HA-15:HG1"," HA  VAL     6 "," HG1 GLU    15 ",102,247,0.000282988738239075,0.000282988738239075,1,3.90275966464757,3.90275966464757,3.90275966464757,3.90275966464758,5.02429586778808e-15,1.85,2.848,-1.923,1.85,2.84800000000001,-1.92300000000001
"7:H-15:HG1"," H   ILE     7 "," HG1 GLU    15 ",116,247,0.000160346176134924,0.000160346176134924,1,4.29032539558482,4.29032539558482,4.29032539558482,4.29032539558482,1.98602732259782e-15,0.0860000000000056,3.114,-2.95,0.0860000000000056,3.114,-2.95000000000001
"14:H-15:HG1"," H   GLY    14 "," HG1 GLU    15 ",233,247,0.000143757756714396,0.000143757756714396,1,4.36912817390381,4.36912817390381,4.36912817390381,4.36912817390381,3.76822190084106e-15,-3.05,1.925,-2.466,-3.05,1.92500000000001,-2.466
"14:HA1-15:HG1"," HA1 GLY    14 "," HG1 GLU    15 ",235,247,9.391601497767e-05,9.391601497767e-05,1,4.6904019017564,4.6904019017564,4.6904019017564,4.6904019017564,3.20237283398938e-15,-3.373,3.254,0.184999999999999,-3.373,3.25400000000001,0.184999999999995
"14:HA2-15:HG1"," HA2 GLY    14 "," HG1 GLU    15 ",236,247,0.000329977267504325,0.000329977267504325,1,3.80410646538711,3.80410646538711,3.80410646538711,3.80410646538711,2.22044604925031e-15,-3.464,1.537,0.331,-3.464,1.53700000000001,0.331
"15:H-15:HG1"," H   GLU    15 "," HG1 GLU    15 ",240,247,0.00105773662080166,0.00105773662080166,1,3.13283178610024,3.13283178610024,3.13283178610024,3.13283178610024,1.88411095042053e-15,-1.711,1.933,1.775,-1.711,1.93300000000001,1.775
"15:HA-15:HG1"," HA  GLU    15 "," HG1 GLU    15 ",242,247,0.000970721045218176,0.000970721045218176,1,3.17797828815743,3.17797828815743,3.17797828815743,3.17797828815743,4.72073305456828e-15,0.975000000000001,2.92,0.788999999999998,0.975000000000001,2.92000000000001,0.788999999999998
"15:HB1-15:HG1"," HB1 GLU    15 "," HG1 GLU    15 ",244,247,0.000971789573709063,0.000971789573709063,1,3.17739563164552,3.17739563164552,3.17739563164552,3.17739563164552,1.88411095042053e-15,1.89700000000001,1.105,2.297,1.89700000000001,1.10500000000001,2.297
"15:HB2-15:HG1"," HB2 GLU    15 "," HG1 GLU    15 ",245,247,0.00449568477723191,0.00449568477723191,1,2.4615048242894,2.4615048242894,2.4615048242894,2.4615048242894,9.93013661298909e-16,0.314,0.453000000000003,2.399,0.314,0.45300000000001,2.399
"4:HG1-15:HG2"," HG1 LYS     4 "," HG2 GLU    15 ",66,248,9.94863394188067e-05,9.94863394188067e-05,1,4.64557445317584,4.64557445317584,4.64557445317584,4.64557445317584,1.98602732259782e-15,3.529,1.425,2.664,3.529,1.42500000000001,2.664
"4:HG2-15:HG2"," HG2 LYS     4 "," HG2 GLU    15 ",67,248,0.000146029689028236,0.000146029689028236,1,4.35772486511023,4.35772486511023,4.35772486511023,4.35772486511023,1.25607396694702e-15,4.086,1.059,1.083,4.086,1.05900000000001,1.083
"4:HE1-15:HG2"," HE1 LYS     4 "," HG2 GLU    15 ",72,248,0.00038414775981726,0.00038414775981726,1,3.70894405457942,3.70894405457942,3.70894405457942,3.70894405457942,9.93013661298909e-16,2.416,-0.768999999999998,2.707,2.416,-0.768999999999991,2.707
"4:HE2-15:HG2"," HE2 LYS     4 "," HG2 GLU    15 ",73,248,0.00081809460955104,0.00081809460955104,1,3.26988700110569,3.26988700110569,3.26988700110569,3.26988700110569,1.25607396694702e-15,2.919,-1.04799999999999,1.036,2.919,-1.04799999999999,1.036
"6:HA-15:HG2"," HA  VAL     6 "," HG2 GLU    15 ",102,248,0.0035956823195448,0.0035956823195448,1,2.55487573083311,2.55487573083311,2.55487573083311,2.55487573083311,5.34754222183067e-15,0.329999999999998,1.997,-1.559,0.329999999999998,1.99700000000001,-1.559
"6:HB-15:HG2"," HB  VAL     6 "," HG2 GLU    15 ",104,248,7.67745301172955e-05,7.67745301172955e-05,1,4.85061872342076,4.85061872342076,4.85061872342076,4.85061872342076,0,2.258,1.75700000000001,-3.917,2.258,1.75700000000001,-3.917
"7:H-15:HG2"," H   ILE     7 "," HG2 GLU    15 ",116,248,0.000375187017208409,0.000375187017208409,1,3.72356294427797,3.72356294427797,3.72356294427797,3.72356294427797,1.60118641699469e-15,-1.434,2.26300000000001,-2.586,-1.434,2.26300000000001,-2.58600000000001
"15:H-15:HG2"," H   GLU    15 "," HG2 GLU    15 ",240,248,0.000235846375526945,0.000235846375526945,1,4.02310899678346,4.02310899678346,4.02310899678346,4.02310899678346,0,-3.231,1.082,2.139,-3.231,1.08200000000001,2.139
"15:HA-15:HG2"," HA  GLU    15 "," HG2 GLU    15 ",242,248,0.0048512770549985,0.0048512770549985,1,2.43047217634764,2.43047217634764,2.43047217634764,2.43047217634764,4.09430021321672e-15,-0.545000000000002,2.069,1.153,-0.545000000000002,2.06900000000001,1.153
"15:HB1-15:HG2"," HB1 GLU    15 "," HG2 GLU    15 ",244,248,0.0025837619427665,0.0025837619427665,1,2.69954922162942,2.69954922162942,2.69954922162942,2.69954922162942,6.2803698347351e-16,0.377000000000002,0.254000000000005,2.661,0.377000000000002,0.254000000000012,2.661
"15:HB2-15:HG2"," HB2 GLU    15 "," HG2 GLU    15 ",245,248,0.00126472516199729,0.00126472516199729,1,3.04088950802228,3.04088950802228,3.04088950802228,3.04088950802228,6.2803698347351e-16,-1.206,-0.397999999999996,2.763,-1.206,-0.397999999999989,2.763
"4:HA-16:H"," HA  LYS     4 "," H   THR    16 ",61,255,0.000134622134795971,0.000134622134795971,1,4.41720194240652,4.41720194240652,4.41720194240652,4.41720194240652,8.88178419700125e-16,4.346,0.566000000000003,0.551000000000002,4.346,0.566000000000003,0.550999999999998
"4:HG1-16:H"," HG1 LYS     4 "," H   THR    16 ",66,255,0.00126969143161673,0.00126969143161673,1,3.03890391424277,3.03890391424277,3.03890391424277,3.03890391424277,0,2.697,-1.398,-0.0820000000000007,2.697,-1.398,-0.0820000000000007
"4:HG2-16:H"," HG2 LYS     4 "," H   THR    16 ",67,255,0.000224002567087572,0.000224002567087572,1,4.05780494849124,4.05780494849124,4.05780494849124,4.05780494849124,0,3.254,-1.764,-1.663,3.254,-1.764,-1.663
"4:HE1-16:H"," HE1 LYS     4 "," H   THR    16 ",72,255,0.000273108362921165,0.000273108362921165,1,3.925944599711,3.925944599711,3.925944599711,3.925944599711,0,1.584,-3.592,-0.0389999999999979,1.584,-3.592,-0.0389999999999979
"4:HE2-16:H"," HE2 LYS     4 "," H   THR    16 ",73,255,9.06091964632745e-05,9.06091964632745e-05,1,4.71850717918283,4.71850717918283,4.71850717918283,4.71850717918283,0,2.087,-3.871,-1.71,2.087,-3.871,-1.71
"5:H-16:H"," H   LEU     5 "," H   THR    16 ",81,255,0.001878926282915,0.001878926282915,1,2.84674375383525,2.84674375383525,2.84674375383525,2.84674375383525,6.2803698347351e-16,2.606,0.933,-0.664999999999999,2.606,0.933,-0.665000000000003
"5:HA-16:H"," HA  LEU     5 "," H   THR    16 ",83,255,7.05736757970992e-05,7.05736757970992e-05,1,4.91918184254252,4.91918184254252,4.91918184254252,4.91918184254252,0,2.985,1.739,-3.502,2.985,1.739,-3.502
"5:HB1-16:H"," HB1 LEU     5 "," H   THR    16 ",85,255,0.000870110877214969,0.000870110877214969,1,3.23646489244052,3.23646489244052,3.23646489244052,3.23646489244052,0,0.825000000000003,2.692,-1.596,0.825000000000003,2.692,-1.596
"5:HB2-16:H"," HB2 LEU     5 "," H   THR    16 ",86,255,9.19488447823089e-05,9.19488447823089e-05,1,4.70697928612396,4.70697928612396,4.70697928612396,4.70697928612396,0,2.233,3.64100000000001,-1.978,2.233,3.64100000000001,-1.978
"5:HG-16:H"," HG  LEU     5 "," H   THR    16 ",88,255,0.000100196720742096,0.000100196720742096,1,4.64006874949068,4.64006874949068,4.64006874949068,4.64006874949068,0,-0.109999999999999,2.707,-3.767,-0.109999999999999,2.707,-3.767
"6:HA-16:H"," HA  VAL     6 "," H   THR    16 ",102,255,0.000135544687472159,0.000135544687472159,1,4.41217690035203,4.41217690035203,4.41217690035202,4.41217690035203,2.51214793389404e-15,-0.502000000000002,-0.826000000000001,-4.305,-0.502000000000002,-0.826000000000001,-4.305
"15:H-16:H"," H   GLU    15 "," H   THR    16 ",240,255,0.000126750561597738,0.000126750561597738,1,4.46178204308548,4.46178204308548,4.46178204308548,4.46178204308548,0,-4.063,-1.741,-0.606999999999999,-4.063,-1.741,-0.607000000000003
"15:HA-16:H"," HA  GLU    15 "," H   THR    16 ",242,255,0.00798899889615633,0.00798899889615633,1,2.2365808726715,2.2365808726715,2.2365808726715,2.2365808726715,0,-1.377,-0.753999999999998,-1.593,-1.377,-0.753999999999998,-1.593
"15:HB1-16:H"," HB1 GLU    15 "," H   THR    16 ",244,255,0.00316075991557122,0.00316075991557122,1,2.61036606628265,2.61036606628265,2.61036606628265,2.61036606628265,0,-0.454999999999998,-2.569,-0.0850000000000009,-0.454999999999998,-2.569,-0.0850000000000009
"15:HB2-16:H"," HB2 GLU    15 "," H   THR    16 ",245,255,0.00032608515698258,0.00032608515698258,1,3.81163665634593,3.81163665634593,3.81163665634593,3.81163665634593,0,-2.038,-3.221,0.0169999999999995,-2.038,-3.221,0.0169999999999995
"15:HG1-16:H"," HG1 GLU    15 "," H   THR    16 ",247,255,6.63273550373687e-05,6.63273550373687e-05,1,4.97032232355207,4.97032232355207,4.97032232355207,4.97032232355207,3.76822190084106e-15,-2.352,-3.674,-2.382,-2.352,-3.67400000000001,-2.382
"15:HG2-16:H"," HG2 GLU    15 "," H   THR    16 ",248,255,0.000235119455804915,0.000235119455804915,1,4.02517937488505,4.02517937488505,4.02517937488505,4.02517937488505,3.76822190084106e-15,-0.832000000000001,-2.823,-2.746,-0.832000000000001,-2.82300000000001,-2.746
"4:HG1-16:HA"," HG1 LYS     4 "," HA  THR    16 ",66,257,8.04918333586877e-05,8.04918333586877e-05,1,4.81254381798233,4.81254381798233,4.81254381798233,4.81254381798233,0,3.515,-1.773,-2.768,3.515,-1.773,-2.768
"5:H-16:HA"," H   LEU     5 "," HA  THR    16 ",81,257,7.94196072697698e-05,7.94196072697698e-05,1,4.82331224367654,4.82331224367654,4.82331224367654,4.82331224367654,1.98602732259782e-15,3.424,0.558,-3.351,3.424,0.558,-3.351
"15:HA-16:HA"," HA  GLU    15 "," HA  THR    16 ",242,257,0.000126952022171921,0.000126952022171921,1,4.4606011926645,4.4606011926645,4.4606011926645,4.4606011926645,0,-0.559000000000005,-1.129,-4.279,-0.559000000000005,-1.129,-4.279
"15:HB1-16:HA"," HB1 GLU    15 "," HA  THR    16 ",244,257,0.000223531234170946,0.000223531234170946,1,4.05922972988718,4.05922972988718,4.05922972988718,4.05922972988718,0,0.363,-2.944,-2.771,0.363,-2.944,-2.771
"15:HB2-16:HA"," HB2 GLU    15 "," HA  THR    16 ",245,257,0.000100016292358151,0.000100016292358151,1,4.64146280821036,4.64146280821036,4.64146280821036,4.64146280821036,0,-1.22000000000001,-3.596,-2.669,-1.22000000000001,-3.596,-2.669
"16:H-16:HA"," H   THR    16 "," HA  THR    16 ",255,257,0.0019354021643117,0.0019354021643117,1,2.83272748424553,2.83272748424553,2.83272748424553,2.83272748424553,0,0.817999999999998,-0.375,-2.686,0.817999999999998,-0.375,-2.686
"5:HB1-16:HB"," HB1 LEU     5 "," HB  THR    16 ",85,259,9.96051046206441e-05,9.96051046206441e-05,1,4.64465079419325,4.64465079419325,4.64465079419325,4.64465079419325,0,3.01600000000001,0.537999999999997,-3.491,3.01600000000001,0.537999999999997,-3.491
"15:H-16:HB"," H   GLU    15 "," HB  THR    16 ",240,259,6.44986021961652e-05,6.44986021961652e-05,1,4.99353712312225,4.99353712312225,4.99353712312225,4.99353712312225,1.25607396694702e-15,-1.872,-3.895,-2.502,-1.872,-3.895,-2.502
"15:HA-16:HB"," HA  GLU    15 "," HB  THR    16 ",242,259,0.000103697085281135,0.000103697085281135,1,4.61358905842295,4.61358905842295,4.61358905842295,4.61358905842295,0,0.814,-2.908,-3.488,0.814,-2.908,-3.488
"16:H-16:HB"," H   THR    16 "," HB  THR    16 ",255,259,0.000451902318524044,0.000451902318524044,1,3.60987839130351,3.60987839130351,3.60987839130351,3.60987839130351,0,2.191,-2.154,-1.895,2.191,-2.154,-1.895
"16:HA-16:HB"," HA  THR    16 "," HB  THR    16 ",257,259,0.00546956707327362,0.00546956707327362,1,2.38236248291481,2.38236248291481,2.38236248291481,2.38236248291481,0,1.373,-1.779,0.791,1.373,-1.779,0.791
"4:HA-17:H"," HA  LYS     4 "," H   THR    17 ",61,269,7.31864248050771e-05,7.31864248050771e-05,1,4.88946766018551,4.88946766018551,4.88946766018551,4.88946766018551,8.88178419700125e-16,3.38699999999999,-1.462,-3.209,3.38699999999999,-1.462,-3.209
"5:H-17:H"," H   LEU     5 "," H   THR    17 ",81,269,7.7130413427972e-05,7.7130413427972e-05,1,4.84688136846777,4.84688136846777,4.84688136846777,4.84688136846777,8.88178419700125e-16,1.647,-1.09500000000001,-4.425,1.647,-1.09500000000001,-4.425
"16:H-17:H"," H   THR    16 "," H   THR    17 ",255,269,0.000141947988830578,0.000141947988830578,1,4.37836327866933,4.37836327866933,4.37836327866933,4.37836327866933,8.88178419700125e-16,-0.959000000000003,-2.02800000000001,-3.76,-0.959000000000003,-2.02800000000001,-3.76
"16:HA-17:H"," HA  THR    16 "," H   THR    17 ",257,269,0.00286162918232216,0.00286162918232216,1,2.65398078365312,2.65398078365312,2.65398078365312,2.65398078365312,6.2803698347351e-16,-1.777,-1.65300000000001,-1.074,-1.777,-1.65300000000001,-1.074
"16:HB-17:H"," HB  THR    16 "," H   THR    17 ",259,269,0.000414068780144323,0.000414068780144323,1,3.66286786548464,3.66286786548464,3.66286786548464,3.66286786548464,6.2803698347351e-16,-3.15000000000001,0.125999999999998,-1.865,-3.15000000000001,0.125999999999998,-1.865
"2:HB2-17:HA"," HB2 GLN     2 "," HA  THR    17 ",26,271,0.000107992565848302,0.000107992565848302,1,4.58248469719212,4.58248469719212,4.58248469719212,4.58248469719212,8.88178419700125e-16,3.611,-0.337999999999994,2.801,3.611,-0.337999999999994,2.801
"2:HG1-17:HA"," HG1 GLN     2 "," HA  THR    17 ",28,271,0.000182203958020246,0.000182203958020246,1,4.19991368958934,4.19991368958934,4.19991368958934,4.19991368958935,8.88178419700125e-16,2.949,-2.315,1.893,2.949,-2.315,1.893
"3:H-17:HA"," H   TYR     3 "," HA  THR    17 ",38,271,8.10206264831466e-05,8.10206264831466e-05,1,4.80729456139313,4.80729456139313,4.80729456139313,4.80729456139313,0,4.666,0.738,0.891,4.666,0.738,0.891000000000002
"3:HB2-17:HA"," HB2 TYR     3 "," HA  THR    17 ",43,271,7.72606840435056e-05,7.72606840435056e-05,1,4.84551834172568,4.84551834172568,4.84551834172568,4.84551834172568,8.88178419700125e-16,4.022,2.40000000000001,-1.242,4.022,2.40000000000001,-1.24199999999999
"4:H-17:HA"," H   LYS     4 "," HA  THR    17 ",59,271,7.76609435770611e-05,7.76609435770611e-05,1,4.84134712657541,4.84134712657541,4.84134712657541,4.84134712657541,1.25607396694702e-15,3.399,-0.678999999999995,-3.38,3.399,-0.678999999999995,-3.38
"4:HA-17:HA"," HA  LYS     4 "," HA  THR    17 ",61,271,0.00659385641643352,0.00659385641643352,1,2.30928084043496,2.30928084043496,2.30928084043496,2.30928084043496,1.25607396694702e-15,0.724999999999994,-0.671999999999997,-2.087,0.724999999999994,-0.671999999999997,-2.087
"4:HB2-17:HA"," HB2 LYS     4 "," HA  THR    17 ",64,271,0.000308122096454482,0.000308122096454482,1,3.8478032693993,3.8478032693993,3.8478032693993,3.8478032693993,9.93013661298909e-16,1.651,-2.758,-2.115,1.651,-2.758,-2.115
"4:HG1-17:HA"," HG1 LYS     4 "," HA  THR    17 ",66,271,0.000284715844416215,0.000284715844416215,1,3.89880391915264,3.89880391915264,3.89880391915264,3.89880391915264,9.93013661298909e-16,-0.923999999999999,-2.636,-2.72,-0.923999999999999,-2.636,-2.72
"5:H-17:HA"," H   LEU     5 "," HA  THR    17 ",81,271,0.000573947094426812,0.000573947094426812,1,3.4688699889157,3.4688699889157,3.4688699889157,3.4688699889157,1.25607396694702e-15,-1.015,-0.305,-3.303,-1.015,-0.305,-3.303
"16:H-17:HA"," H   THR    16 "," HA  THR    17 ",255,271,9.91831646212409e-05,9.91831646212409e-05,1,4.64793814502732,4.64793814502732,4.64793814502732,4.64793814502732,1.25607396694702e-15,-3.621,-1.238,-2.638,-3.621,-1.238,-2.638
"16:HA-17:HA"," HA  THR    16 "," HA  THR    17 ",257,271,0.000116897647420391,0.000116897647420391,1,4.5223659736912,4.5223659736912,4.5223659736912,4.5223659736912,0,-4.439,-0.863,0.048,-4.439,-0.863,0.0480000000000018
"17:H-17:HA"," H   THR    17 "," HA  THR    17 ",269,271,0.00138590929632777,0.00138590929632777,1,2.99486694195251,2.99486694195251,2.99486694195251,2.99486694195251,0,-2.662,0.790000000000006,1.122,-2.662,0.790000000000006,1.122
"2:HB1-17:HB"," HB1 GLN     2 "," HB  THR    17 ",25,273,0.000132398400131305,0.000132398400131305,1,4.42948134661384,4.42948134661384,4.42948134661384,4.42948134661384,0,4.055,-0.152000000000001,1.776,4.055,-0.152000000000001,1.776
"2:HB2-17:HB"," HB2 GLN     2 "," HB  THR    17 ",26,273,0.000874882802797745,0.000874882802797745,1,3.23351604294767,3.23351604294767,3.23351604294767,3.23351604294767,0,3.151,0.603000000000002,0.404,3.151,0.603000000000002,0.404
"2:HG1-17:HB"," HG1 GLN     2 "," HB  THR    17 ",28,273,0.00172571297297652,0.00172571297297652,1,2.88738861257019,2.88738861257019,2.88738861257019,2.88738861257019,0,2.489,-1.374,-0.504,2.489,-1.374,-0.504
"2:HG2-17:HB"," HG2 GLN     2 "," HB  THR    17 ",29,273,0.000147661513982231,0.000147661513982231,1,4.34966136612955,4.34966136612955,4.34966136612955,4.34966136612955,0,3.63999999999999,-2.32700000000001,0.505000000000001,3.63999999999999,-2.32700000000001,0.505000000000001
"2:HE21-17:HB","HE21 GLN     2 "," HB  THR    17 ",33,273,0.000199102801596578,0.000199102801596578,1,4.13828539373495,4.13828539373495,4.13828539373495,4.13828539373495,8.88178419700125e-16,1.64599999999999,-3.669,0.977,1.64599999999999,-3.669,0.976999999999999
"2:HE22-17:HB","HE22 GLN     2 "," HB  THR    17 ",34,273,0.000340055970692336,0.000340055970692336,1,3.78507886311501,3.78507886311501,3.785078863115,3.78507886311501,4.72073305456828e-15,0.629999999999995,-2.971,2.259,0.629999999999995,-2.971,2.259
"3:H-17:HB"," H   TYR     3 "," HB  THR    17 ",38,273,8.46215723082978e-05,8.46215723082978e-05,1,4.77257928168825,4.77257928168825,4.77257928168825,4.77257928168825,0,4.206,1.67899999999999,-1.506,4.206,1.67899999999999,-1.506
"4:HA-17:HB"," HA  LYS     4 "," HB  THR    17 ",61,273,0.00012044795341611,0.00012044795341611,1,4.49987133149382,4.49987133149382,4.49987133149382,4.49987133149383,2.51214793389404e-15,0.264999999999993,0.268999999999998,-4.484,0.264999999999993,0.268999999999998,-4.484
"17:H-17:HB"," H   THR    17 "," HB  THR    17 ",269,273,0.000337079354224512,0.000337079354224512,1,3.79062923536449,3.79062923536449,3.79062923536449,3.79062923536449,4.44089209850063e-16,-3.122,1.731,-1.275,-3.122,1.731,-1.275
"17:HA-17:HB"," HA  THR    17 "," HB  THR    17 ",271,273,0.00312118423234215,0.00312118423234215,1,2.61585358917505,2.61585358917505,2.61585358917505,2.61585358917505,9.93013661298909e-16,-0.460000000000001,0.940999999999995,-2.397,-0.460000000000001,0.940999999999995,-2.397
"2:HA-18:H"," HA  GLN     2 "," H   THR    18 ",23,283,7.9163836674306e-05,7.9163836674306e-05,1,4.82590602892348,4.82590602892348,4.82590602892348,4.82590602892348,0,4.28,-1.565,1.588,4.28,-1.565,1.588
"2:HB2-18:H"," HB2 GLN     2 "," H   THR    18 ",26,283,0.000853279749760684,0.000853279749760684,1,3.24701847854304,3.24701847854304,3.24701847854304,3.24701847854304,0,1.827,-1.88399999999999,1.912,1.827,-1.88399999999999,1.912
"2:HG1-18:H"," HG1 GLN     2 "," H   THR    18 ",28,283,0.000194057181431177,0.000194057181431177,1,4.15602718951645,4.15602718951645,4.15602718951645,4.15602718951645,0,1.165,-3.861,1.004,1.165,-3.861,1.004
"3:H-18:H"," H   TYR     3 "," H   THR    18 ",38,283,0.0013907582327105,0.0013907582327105,1,2.99312412037991,2.99312412037991,2.99312412037991,2.99312412037991,0,2.882,-0.808,0.00199999999999889,2.882,-0.808,0.00199999999999889
"3:HA-18:H"," HA  TYR     3 "," H   THR    18 ",40,283,8.70056956386958e-05,8.70056956386958e-05,1,4.75052986518346,4.75052986518346,4.75052986518346,4.75052986518346,1.25607396694702e-15,3.513,-1.866,-2.597,3.513,-1.866,-2.597
"3:HB1-18:H"," HB1 TYR     3 "," H   THR    18 ",42,283,0.000105289209516417,0.000105289209516417,1,4.60188776482,4.60188776482,4.60188776482,4.60188776482,1.98602732259782e-15,2.785,0.135000000000005,-3.661,2.785,0.135000000000005,-3.661
"3:HB2-18:H"," HB2 TYR     3 "," H   THR    18 ",43,283,0.000920729514493616,0.000920729514493616,1,3.20610682916212,3.20610682916212,3.20610682916212,3.20610682916212,1.60118641699469e-15,2.238,0.854000000000006,-2.131,2.238,0.854000000000006,-2.131
"4:HA-18:H"," HA  LYS     4 "," H   THR    18 ",61,283,0.000302449404499841,0.000302449404499841,1,3.85973846264225,3.85973846264225,3.85973846264225,3.85973846264226,2.22044604925031e-15,-1.059,-2.218,-2.976,-1.059,-2.218,-2.976
"17:H-18:H"," H   THR    17 "," H   THR    18 ",269,283,0.000117916122493771,0.000117916122493771,1,4.51583225994943,4.51583225994943,4.51583225994943,4.51583225994943,0,-4.446,-0.755999999999993,0.232999999999999,-4.446,-0.755999999999993,0.232999999999997
"17:HA-18:H"," HA  THR    17 "," H   THR    18 ",271,283,0.00388146065128025,0.00388146065128025,1,2.52251719518421,2.52251719518421,2.52251719518421,2.52251719518421,4.44089209850063e-16,-1.784,-1.546,-0.889000000000001,-1.784,-1.546,-0.889000000000003
"17:HB-18:H"," HB  THR    17 "," H   THR    18 ",273,283,0.000938946650250929,0.000938946650250929,1,3.19565470600313,3.19565470600313,3.19565470600313,3.19565470600313,0,-1.324,-2.48699999999999,1.508,-1.324,-2.48699999999999,1.508
"2:HB2-18:HA"," HB2 GLN     2 "," HA  THR    18 ",26,285,0.000154884216264927,0.000154884216264927,1,4.31517890706747,4.31517890706747,4.31517890706747,4.31517890706747,0,2.446,-3.538,-0.347000000000001,2.446,-3.538,-0.347000000000001
"3:H-18:HA"," H   TYR     3 "," HA  THR    18 ",38,285,7.79214387390362e-05,7.79214387390362e-05,1,4.83864588495583,4.83864588495583,4.83864588495583,4.83864588495583,0,3.501,-2.462,-2.257,3.501,-2.462,-2.257
"17:H-18:HA"," H   THR    17 "," HA  THR    18 ",269,285,6.75124102366579e-05,6.75124102366579e-05,1,4.95567402075641,4.95567402075641,4.95567402075641,4.95567402075641,8.88178419700125e-16,-3.827,-2.41,-2.026,-3.827,-2.41,-2.026
"17:HA-18:HA"," HA  THR    17 "," HA  THR    18 ",271,285,0.000100520046298002,0.000100520046298002,1,4.63757792387363,4.63757792387363,4.63757792387363,4.63757792387363,8.88178419700125e-16,-1.165,-3.2,-3.148,-1.165,-3.2,-3.148
"17:HB-18:HA"," HB  THR    17 "," HA  THR    18 ",273,285,0.000165633571532059,0.000165633571532059,1,4.26718959035101,4.26718959035101,4.26718959035101,4.26718959035101,0,-0.704999999999998,-4.141,-0.751000000000001,-0.704999999999998,-4.141,-0.751000000000001
"18:H-18:HA"," H   THR    18 "," HA  THR    18 ",283,285,0.0017991784397214,0.0017991784397214,1,2.86739568249658,2.86739568249658,2.86739568249658,2.86739568249658,0,0.619,-1.654,-2.259,0.619,-1.654,-2.259
"3:HB2-18:HB"," HB2 TYR     3 "," HB  THR    18 ",43,287,6.53254458116961e-05,6.53254458116961e-05,1,4.9829470195859,4.9829470195859,4.9829470195859,4.9829470195859,1.25607396694702e-15,3.778,-2.086,-2.491,3.778,-2.086,-2.491
"17:H-18:HB"," H   THR    17 "," HB  THR    18 ",269,287,9.23768805908464e-05,9.23768805908464e-05,1,4.70333721946449,4.70333721946449,4.70333721946449,4.70333721946449,0,-2.906,-3.696,-0.127000000000001,-2.906,-3.696,-0.127000000000002
"17:HA-18:HB"," HA  THR    17 "," HB  THR    18 ",271,287,9.72742028192531e-05,9.72742028192531e-05,1,4.66301758521239,4.66301758521239,4.66301758521239,4.6630175852124,8.88178419700125e-16,-0.244,-4.486,-1.249,-0.244,-4.486,-1.249
"18:H-18:HB"," H   THR    18 "," HB  THR    18 ",283,287,0.000722409024011218,0.000722409024011218,1,3.33838284203595,3.33838284203595,3.33838284203595,3.33838284203595,0,1.54,-2.94,-0.359999999999999,1.54,-2.94,-0.359999999999999
"18:HA-18:HB"," HA  THR    18 "," HB  THR    18 ",285,287,0.00438785379823853,0.00438785379823853,1,2.47148497871219,2.47148497871219,2.47148497871219,2.47148497871219,0,0.920999999999999,-1.286,1.899,0.920999999999999,-1.286,1.899
"2:HB2-19:H"," HB2 GLN     2 "," H   LYS    19 ",26,297,8.92645134719197e-05,8.92645134719197e-05,1,4.73028011855535,4.73028011855535,4.73028011855535,4.73028011855535,0,0.774999999999999,-4.546,-1.053,0.774999999999999,-4.546,-1.053
"3:H-19:H"," H   TYR     3 "," H   LYS    19 ",38,297,7.08296090350341e-05,7.08296090350341e-05,1,4.91621490579898,4.91621490579898,4.91621490579898,4.91621490579898,0,1.83,-3.47000000000001,-2.963,1.83,-3.47000000000001,-2.963
"18:H-19:H"," H   THR    18 "," H   LYS    19 ",283,297,0.000204111176195161,0.000204111176195161,1,4.12118587302248,4.12118587302248,4.12118587302248,4.12118587302248,0,-1.052,-2.66200000000001,-2.965,-1.052,-2.66200000000001,-2.965
"18:HA-19:H"," HA  THR    18 "," H   LYS    19 ",285,297,0.0125185415614458,0.0125185415614458,1,2.07526889823946,2.07526889823946,2.07526889823946,2.07526889823946,0,-1.671,-1.008,-0.706,-1.671,-1.008,-0.706
"18:HB-19:H"," HB  THR    18 "," H   LYS    19 ",287,297,0.000399144911711225,0.000399144911711225,1,3.68534570969943,3.68534570969943,3.68534570969943,3.68534570969943,0,-2.592,0.277999999999999,-2.605,-2.592,0.277999999999999,-2.605
"1:HG2-19:HA"," HG2 MET     1 "," HA  LYS    19 ",12,299,7.94761562421118e-05,7.94761562421118e-05,1,4.82274009252002,4.82274009252002,4.82274009252002,4.82274009252002,0,3.142,-3.233,1.713,3.142,-3.233,1.713
"2:HA-19:HA"," HA  GLN     2 "," HA  LYS    19 ",23,299,0.000750235990490204,0.000750235990490204,1,3.31741917761383,3.31741917761383,3.31741917761383,3.31741917761383,0,0.510000000000005,-3.137,-0.951000000000001,0.510000000000005,-3.137,-0.951000000000001
"2:HB1-19:HA"," HB1 GLN     2 "," HA  LYS    19 ",25,299,0.000137660212312682,0.000137660212312682,1,4.40080299490899,4.40080299490899,4.40080299490899,4.40080299490899,0,-1.03899999999999,-4.211,0.744999999999999,-1.03899999999999,-4.211,0.744999999999999
"2:HB2-19:HA"," HB2 GLN     2 "," HA  LYS    19 ",26,299,0.000239070642809357,0.000239070642809357,1,4.01401469852814,4.01401469852814,4.01401469852814,4.01401469852814,0,-1.943,-3.456,-0.627000000000001,-1.943,-3.456,-0.627000000000001
"3:H-19:HA"," H   TYR     3 "," HA  LYS    19 ",38,299,0.000466993343005313,0.000466993343005313,1,3.59016893752927,3.59016893752926,3.59016893752927,3.59016893752927,0,-0.887999999999998,-2.38,-2.537,-0.887999999999998,-2.38,-2.537
"3:HB2-19:HA"," HB2 TYR     3 "," HA  LYS    19 ",43,299,6.65910834995282e-05,6.65910834995282e-05,1,4.96703613838272,4.96703613838272,4.96703613838272,4.96703613838273,2.51214793389404e-15,-1.532,-0.717999999999996,-4.67,-1.532,-0.717999999999996,-4.67
"18:H-19:HA"," H   THR    18 "," HA  LYS    19 ",283,299,8.0805146737145e-05,8.0805146737145e-05,1,4.80942876025833,4.80942876025833,4.80942876025833,4.80942876025833,0,-3.77,-1.572,-2.539,-3.77,-1.572,-2.539
"18:HA-19:HA"," HA  THR    18 "," HA  LYS    19 ",285,299,0.000138058070103182,0.000138058070103182,1,4.39868673583377,4.39868673583377,4.39868673583377,4.39868673583377,0,-4.389,0.0820000000000007,-0.279999999999999,-4.389,0.0820000000000007,-0.279999999999999
"19:H-19:HA"," H   LYS    19 "," HA  LYS    19 ",297,299,0.00148908357328621,0.00148908357328621,1,2.95923976723752,2.95923976723752,2.95923976723752,2.95923976723752,0,-2.718,1.09,0.426,-2.718,1.09,0.426
"1:HG2-19:HB1"," HG2 MET     1 "," HB1 LYS    19 ",12,301,0.000149534070073273,0.000149534070073273,1,4.34053545084014,4.34053545084014,4.34053545084014,4.34053545084014,0,2.75,-3.302,-0.612,2.75,-3.302,-0.612
"2:HA-19:HB1"," HA  GLN     2 "," HB1 LYS    19 ",23,301,0.000107602098251305,0.000107602098251305,1,4.58525201052243,4.58525201052243,4.58525201052243,4.58525201052243,0,0.118000000000002,-3.206,-3.276,0.118000000000002,-3.206,-3.276
"2:HB1-19:HB1"," HB1 GLN     2 "," HB1 LYS    19 ",25,301,8.36807122983555e-05,8.36807122983555e-05,1,4.78148104670509,4.78148104670509,4.78148104670509,4.78148104670509,0,-1.431,-4.28,-1.58,-1.431,-4.28,-1.58
"19:H-19:HB1"," H   LYS    19 "," HB1 LYS    19 ",297,301,0.000340489276079491,0.000340489276079491,1,3.78427562421132,3.78427562421132,3.78427562421132,3.78427562421132,0,-3.11,1.021,-1.899,-3.11,1.021,-1.899
"19:HA-19:HB1"," HA  LYS    19 "," HB1 LYS    19 ",299,301,0.00580533021374109,0.00580533021374109,1,2.35882385946895,2.35882385946895,2.35882385946895,2.35882385946895,0,-0.392000000000003,-0.0690000000000026,-2.325,-0.392000000000003,-0.0690000000000026,-2.325
"18:HA-19:HB2"," HA  THR    18 "," HB2 LYS    19 ",285,302,0.000120355206215069,0.000120355206215069,1,4.50044908870215,4.50044908870215,4.50044908870215,4.50044908870215,0,-3.324,-0.575000000000003,-2.979,-3.324,-0.575000000000003,-2.979
"19:H-19:HB2"," H   LYS    19 "," HB2 LYS    19 ",297,302,0.00189116747034552,0.00189116747034552,1,2.84366436134787,2.84366436134787,2.84366436134787,2.84366436134787,0,-1.653,0.433,-2.273,-1.653,0.433,-2.273
"19:HA-19:HB2"," HA  LYS    19 "," HB2 LYS    19 ",299,302,0.00144244831599842,0.00144244831599842,1,2.97497478980915,2.97497478980915,2.97497478980915,2.97497478980915,0,1.065,-0.657000000000004,-2.699,1.065,-0.657000000000004,-2.699
"2:HA-19:HG1"," HA  GLN     2 "," HG1 LYS    19 ",23,304,0.000244368504124398,0.000244368504124398,1,3.99937807665142,3.99937807665142,3.99937807665142,3.99937807665142,0,2.591,-1.588,-2.6,2.591,-1.588,-2.6
"2:HB1-19:HG1"," HB1 GLN     2 "," HG1 LYS    19 ",25,304,0.00137668123297477,0.00137668123297477,1,2.99820346207525,2.99820346207525,2.99820346207525,2.99820346207525,0,1.042,-2.662,-0.904,1.042,-2.662,-0.904
"2:HB2-19:HG1"," HB2 GLN     2 "," HG1 LYS    19 ",26,304,0.00144961339939697,0.00144961339939697,1,2.97251896545674,2.97251896545674,2.97251896545674,2.97251896545674,0,0.137999999999998,-1.907,-2.276,0.137999999999998,-1.907,-2.276
"3:H-19:HG1"," H   TYR     3 "," HG1 LYS    19 ",38,304,0.000132072984292183,0.000132072984292183,1,4.4312984553063,4.4312984553063,4.4312984553063,4.4312984553063,0,1.193,-0.831000000000003,-4.186,1.193,-0.831000000000003,-4.186
"17:HB-19:HG1"," HB  THR    17 "," HG1 LYS    19 ",273,304,8.70851448611445e-05,8.70851448611445e-05,1,4.74980725924747,4.74980725924747,4.74980725924747,4.74980725924747,0,-3.013,-2.51,-2.68,-3.013,-2.51,-2.68
"18:H-19:HG1"," H   THR    18 "," HG1 LYS    19 ",283,304,0.000117918672507019,0.000117918672507019,1,4.51581598385054,4.51581598385054,4.51581598385054,4.51581598385054,0,-1.689,-0.0230000000000032,-4.188,-1.689,-0.0230000000000032,-4.188
"18:HA-19:HG1"," HA  THR    18 "," HG1 LYS    19 ",285,304,0.000623081008487652,0.000623081008487652,1,3.42170513048684,3.42170513048684,3.42170513048684,3.42170513048684,0,-2.308,1.631,-1.929,-2.308,1.631,-1.929
"19:H-19:HG1"," H   LYS    19 "," HG1 LYS    19 ",297,304,0.0014349719698929,0.0014349719698929,1,2.97755251842852,2.97755251842852,2.97755251842852,2.97755251842852,0,-0.637,2.639,-1.223,-0.637,2.639,-1.223
"19:HA-19:HG1"," HA  LYS    19 "," HG1 LYS    19 ",299,304,0.00118527732947635,0.00118527732947635,1,3.07394908871308,3.07394908871308,3.07394908871308,3.07394908871308,0,2.081,1.549,-1.649,2.081,1.549,-1.649
"19:HB1-19:HG1"," HB1 LYS    19 "," HG1 LYS    19 ",301,304,0.00128814364234469,0.00128814364234469,1,3.03160502044709,3.03160502044709,3.03160502044709,3.03160502044709,0,2.473,1.618,0.676,2.473,1.618,0.676
"19:HB2-19:HG1"," HB2 LYS    19 "," HG1 LYS    19 ",302,304,0.00291396302271464,0.00291396302271464,1,2.64597656830139,2.64597656830139,2.64597656830139,2.64597656830139,0,1.016,2.206,1.05,1.016,2.206,1.05
"1:HB1-19:HG2"," HB1 MET     1 "," HG2 LYS    19 ",8,305,0.000225827712547797,0.000225827712547797,1,4.05232056974766,4.05232056974766,4.05232056974766,4.05232056974766,0,2.193,-3.257,1.002,2.193,-3.257,1.002
"1:HG2-19:HG2"," HG2 MET     1 "," HG2 LYS    19 ",12,305,0.000364365506715432,0.000364365506715432,1,3.74177030294485,3.74177030294485,3.74177030294485,3.74177030294485,0,3.525,-1.212,0.325999999999999,3.525,-1.212,0.325999999999999
"2:H-19:HG2"," H   GLN     2 "," HG2 LYS    19 ",21,305,0.000142179532551081,0.000142179532551081,1,4.37717408838168,4.37717408838168,4.37717408838168,4.37717408838168,0,0.925999999999995,-3.964,-1.609,0.925999999999995,-3.964,-1.609
"2:HA-19:HG2"," HA  GLN     2 "," HG2 LYS    19 ",23,305,0.0023617168837422,0.0023617168837422,1,2.74028264965496,2.74028264965496,2.74028264965496,2.74028264965496,0,0.893000000000001,-1.116,-2.338,0.893000000000001,-1.116,-2.338
"2:HB1-19:HG2"," HB1 GLN     2 "," HG2 LYS    19 ",25,305,0.00557809798701091,0.00557809798701091,1,2.37457364594152,2.37457364594152,2.37457364594152,2.37457364594152,0,-0.655999999999999,-2.19,-0.642000000000001,-0.655999999999999,-2.19,-0.642000000000001
"2:HB2-19:HG2"," HB2 GLN     2 "," HG2 LYS    19 ",26,305,0.00160048219957512,0.00160048219957512,1,2.92387089318253,2.92387089318253,2.92387089318253,2.92387089318253,0,-1.56,-1.435,-2.014,-1.56,-1.435,-2.014
"2:HG2-19:HG2"," HG2 GLN     2 "," HG2 LYS    19 ",29,305,7.36203184877484e-05,7.36203184877484e-05,1,4.88465300712344,4.88465300712344,4.88465300712344,4.88465300712344,0,-1.07100000000001,-4.365,-1.913,-1.07100000000001,-4.365,-1.913
"3:H-19:HG2"," H   TYR     3 "," HG2 LYS    19 ",38,305,0.000254413490025299,0.000254413490025299,1,3.97261651811498,3.97261651811498,3.97261651811498,3.97261651811498,0,-0.505000000000003,-0.359000000000002,-3.924,-0.505000000000003,-0.359000000000002,-3.924
"18:HA-19:HG2"," HA  THR    18 "," HG2 LYS    19 ",285,305,7.95714445356118e-05,7.95714445356118e-05,1,4.82177705830537,4.82177705830537,4.82177705830537,4.82177705830537,0,-4.006,2.103,-1.667,-4.006,2.103,-1.667
"19:H-19:HG2"," H   LYS    19 "," HG2 LYS    19 ",297,305,0.000241682267341138,0.000241682267341138,1,4.00675267517226,4.00675267517226,4.00675267517226,4.00675267517226,0,-2.335,3.111,-0.961,-2.335,3.111,-0.961
"19:HA-19:HG2"," HA  LYS    19 "," HG2 LYS    19 ",299,305,0.00428881396099012,0.00428881396099012,1,2.48090689063496,2.48090689063496,2.48090689063496,2.48090689063496,0,0.382999999999996,2.021,-1.387,0.382999999999996,2.021,-1.387
"19:HB1-19:HG2"," HB1 LYS    19 "," HG2 LYS    19 ",301,305,0.00499863178093777,0.00499863178093777,1,2.41838148355465,2.41838148355465,2.41838148355465,2.41838148355465,0,0.774999999999999,2.09,0.937999999999999,0.774999999999999,2.09,0.937999999999999
"19:HB2-19:HG2"," HB2 LYS    19 "," HG2 LYS    19 ",302,305,0.00122019633202259,0.00122019633202259,1,3.05910967439875,3.05910967439875,3.05910967439875,3.05910967439875,0,-0.682000000000002,2.678,1.312,-0.682000000000002,2.678,1.312
"1:HB1-19:HD1"," HB1 MET     1 "," HD1 LYS    19 ",8,307,0.000321661467713011,0.000321661467713011,1,3.82032367738651,3.82032367738651,3.82032367738651,3.82032367738651,0,1.572,-3.283,-1.16,1.572,-3.283,-1.16
"1:HG1-19:HD1"," HG1 MET     1 "," HD1 LYS    19 ",11,307,6.6781766724481e-05,6.6781766724481e-05,1,4.96466957611481,4.96466957611481,4.96466957611481,4.96466957611481,0,4.358,-1.962,-1.344,4.358,-1.962,-1.344
"1:HG2-19:HD1"," HG2 MET     1 "," HD1 LYS    19 ",12,307,0.000421550280787606,0.000421550280787606,1,3.65195235456324,3.65195235456324,3.65195235456324,3.65195235456324,0,2.904,-1.238,-1.836,2.904,-1.238,-1.836
"2:HA-19:HD1"," HA  GLN     2 "," HD1 LYS    19 ",23,307,9.88421086168219e-05,9.88421086168219e-05,1,4.65060727217425,4.65060727217425,4.65060727217425,4.65060727217425,0,0.272000000000006,-1.142,-4.5,0.272000000000006,-1.142,-4.5
"2:HB1-19:HD1"," HB1 GLN     2 "," HD1 LYS    19 ",25,307,0.000334632919285628,0.000334632919285628,1,3.79523398488156,3.79523398488156,3.79523398488156,3.79523398488156,0,-1.27699999999999,-2.216,-2.804,-1.27699999999999,-2.216,-2.804
"2:HB2-19:HD1"," HB2 GLN     2 "," HD1 LYS    19 ",26,307,6.94320290800473e-05,6.94320290800473e-05,1,4.93257113481397,4.93257113481397,4.93257113481397,4.93257113481397,0,-2.181,-1.461,-4.176,-2.181,-1.461,-4.176
"19:HA-19:HD1"," HA  LYS    19 "," HD1 LYS    19 ",299,307,0.000217350722174023,0.000217350722174023,1,4.07824349444709,4.07824349444709,4.07824349444709,4.07824349444709,0,-0.238,1.995,-3.549,-0.238,1.995,-3.549
"19:HB1-19:HD1"," HB1 LYS    19 "," HD1 LYS    19 ",301,307,0.00517330926879368,0.00517330926879368,1,2.40457646998385,2.40457646998385,2.40457646998385,2.40457646998385,0,0.154000000000003,2.064,-1.224,0.154000000000003,2.064,-1.224
"19:HB2-19:HD1"," HB2 LYS    19 "," HD1 LYS    19 ",302,307,0.00118367944171961,0.00118367944171961,1,3.07464030416567,3.07464030416567,3.07464030416568,3.07464030416568,0,-1.303,2.652,-0.85,-1.303,2.652,-0.85
"19:HG1-19:HD1"," HG1 LYS    19 "," HD1 LYS    19 ",304,307,0.00128980679017272,0.00128980679017272,1,3.03095315041325,3.03095315041325,3.03095315041325,3.03095315041325,0,-2.319,0.445999999999998,-1.9,-2.319,0.445999999999998,-1.9
"19:HG2-19:HD1"," HG2 LYS    19 "," HD1 LYS    19 ",305,307,0.00771620944426149,0.00771620944426149,0.999999999999999,2.24956906984426,2.24956906984426,2.24956906984426,2.24956906984426,0,-0.620999999999995,-0.0260000000000034,-2.162,-0.620999999999995,-0.0260000000000034,-2.162
"2:HB1-19:HD2"," HB1 GLN     2 "," HD2 LYS    19 ",25,308,0.000104700556967407,0.000104700556967407,1,4.60618985713789,4.60618985713789,4.60618985713789,4.60618985713789,8.88178419700125e-16,0.174000000000007,-3.015,-3.478,0.174000000000007,-3.015,-3.478
"19:H-19:HD2"," H   LYS    19 "," HD2 LYS    19 ",297,308,9.51020807691998e-05,9.51020807691998e-05,1,4.68060145707792,4.68060145707792,4.68060145707792,4.68060145707793,8.88178419700125e-16,-1.505,2.286,-3.797,-1.505,2.286,-3.797
"19:HA-19:HD2"," HA  LYS    19 "," HD2 LYS    19 ",299,308,0.000112164541169076,0.000112164541169076,1,4.55362646689427,4.55362646689427,4.55362646689427,4.55362646689427,8.88178419700125e-16,1.213,1.196,-4.223,1.213,1.196,-4.223
"19:HB1-19:HD2"," HB1 LYS    19 "," HD2 LYS    19 ",301,308,0.0021246462808494,0.0021246462808494,1,2.78902384356965,2.78902384356965,2.78902384356965,2.78902384356965,6.2803698347351e-16,1.605,1.265,-1.898,1.605,1.265,-1.898
"19:HB2-19:HD2"," HB2 LYS    19 "," HD2 LYS    19 ",302,308,0.00518378903827504,0.00518378903827504,1,2.40376558757297,2.40376558757297,2.40376558757297,2.40376558757297,4.44089209850063e-16,0.148000000000003,1.853,-1.524,0.148000000000003,1.853,-1.524
"19:HG1-19:HD2"," HG1 LYS    19 "," HD2 LYS    19 ",304,308,0.00236704642932592,0.00236704642932592,1,2.73925336542643,2.73925336542643,2.73925336542642,2.73925336542643,6.2803698347351e-16,-0.867999999999995,-0.353000000000002,-2.574,-0.867999999999995,-0.353000000000002,-2.574
"19:HG2-19:HD2"," HG2 LYS    19 "," HD2 LYS    19 ",305,308,0.0011992120054748,0.0011992120054748,1,3.06796691637964,3.06796691637964,3.06796691637964,3.06796691637964,6.2803698347351e-16,0.830000000000005,-0.825000000000003,-2.836,0.830000000000005,-0.825000000000003,-2.836
"1:HB1-19:HE1"," HB1 MET     1 "," HE1 LYS    19 ",8,310,0.000865257326632605,0.000865257326632605,1,3.23948360082282,3.23948360082282,3.23948360082282,3.23948360082282,0,2.923,-1.29,-0.535,2.923,-1.29,-0.535
"1:HB2-19:HE1"," HB2 MET     1 "," HE1 LYS    19 ",9,310,7.41666833312619e-05,7.41666833312619e-05,1,4.87863720725368,4.87863720725368,4.87863720725368,4.87863720725368,0,4.398,-2.109,-0.103999999999999,4.398,-2.109,-0.103999999999999
"1:HG2-19:HE1"," HG2 MET     1 "," HE1 LYS    19 ",12,310,0.000122382684467601,0.000122382684467601,1,4.4879361626476,4.4879361626476,4.4879361626476,4.4879361626476,0,4.255,0.755000000000003,-1.211,4.255,0.755000000000003,-1.211
"2:H-19:HE1"," H   GLN     2 "," HE1 LYS    19 ",21,310,0.000217523666545402,0.000217523666545402,1,4.07770290727512,4.07770290727512,4.07770290727512,4.07770290727512,0,1.656,-1.997,-3.146,1.656,-1.997,-3.146
"2:HA-19:HE1"," HA  GLN     2 "," HE1 LYS    19 ",23,310,0.00016121002851421,0.00016121002851421,1,4.28648515686221,4.28648515686221,4.28648515686221,4.28648515686221,0,1.623,0.850999999999999,-3.875,1.623,0.850999999999999,-3.875
"2:HB1-19:HE1"," HB1 GLN     2 "," HE1 LYS    19 ",25,310,0.00902392569801542,0.00902392569801542,1,2.19163089958141,2.19163089958141,2.19163089958141,2.19163089958141,0,0.0740000000000052,-0.222999999999999,-2.179,0.0740000000000052,-0.222999999999999,-2.179
"2:HB2-19:HE1"," HB2 GLN     2 "," HE1 LYS    19 ",26,310,0.000399166777388085,0.000399166777388085,1,3.68531206277026,3.68531206277026,3.68531206277026,3.68531206277026,0,-0.829999999999998,0.532000000000004,-3.551,-0.829999999999998,0.532000000000004,-3.551
"2:HG1-19:HE1"," HG1 GLN     2 "," HE1 LYS    19 ",28,310,7.05875016534917e-05,7.05875016534917e-05,1,4.91902124410944,4.91902124410944,4.91902124410944,4.91902124410944,0,-1.492,-1.445,-4.459,-1.492,-1.445,-4.459
"2:HG2-19:HE1"," HG2 GLN     2 "," HE1 LYS    19 ",29,310,0.000178236839712909,0.000178236839712909,1,4.2153511123037,4.2153511123037,4.2153511123037,4.2153511123037,0,-0.341000000000001,-2.398,-3.45,-0.341000000000001,-2.398,-3.45
"2:HE22-19:HE1","HE22 GLN     2 "," HE1 LYS    19 ",34,310,7.84541658700457e-05,7.84541658700458e-05,1,4.83315435300798,4.83315435300798,4.83315435300798,4.83315435300798,2.51214793389404e-15,-3.351,-3.042,-1.696,-3.351,-3.04199999999999,-1.696
"19:HB1-19:HE1"," HB1 LYS    19 "," HE1 LYS    19 ",301,310,0.000143898056557403,0.000143898056557403,1,4.36841790583273,4.36841790583273,4.36841790583273,4.36841790583273,0,1.505,4.057,-0.599,1.505,4.057,-0.599
"19:HB2-19:HE1"," HB2 LYS    19 "," HE1 LYS    19 ",302,310,9.88310590157899e-05,9.88310590157899e-05,1,4.65069392671675,4.65069392671675,4.65069392671675,4.65069392671675,0,0.0480000000000018,4.645,-0.225,0.0480000000000018,4.645,-0.225
"19:HG1-19:HE1"," HG1 LYS    19 "," HE1 LYS    19 ",304,310,0.00162181603213495,0.00162181603213495,1,2.91742523468897,2.91742523468897,2.91742523468897,2.91742523468897,0,-0.967999999999996,2.439,-1.275,-0.967999999999996,2.439,-1.275
"19:HG2-19:HE1"," HG2 LYS    19 "," HE1 LYS    19 ",305,310,0.00323087567818599,0.00323087567818599,1,2.60083794189488,2.60083794189488,2.60083794189488,2.60083794189488,0,0.730000000000004,1.967,-1.537,0.730000000000004,1.967,-1.537
"19:HD1-19:HE1"," HD1 LYS    19 "," HE1 LYS    19 ",307,310,0.0042206117526537,0.0042206117526537,1,2.48754396946064,2.48754396946064,2.48754396946064,2.48754396946064,0,1.351,1.993,0.625,1.351,1.993,0.625
"19:HD2-19:HE1"," HD2 LYS    19 "," HE1 LYS    19 ",308,310,0.00116905659399552,0.00116905659399552,1,3.08101687759091,3.08101687759091,3.08101687759091,3.08101687759091,4.44089209850063e-16,-0.100000000000001,2.792,1.299,-0.100000000000001,2.792,1.299
"1:HB1-19:HE2"," HB1 MET     1 "," HE2 LYS    19 ",8,311,0.000239974888804524,0.000239974888804524,1,4.01148987285273,4.01148987285273,4.01148987285273,4.01148987285273,0,2.939,-1.571,-2.233,2.939,-1.571,-2.233
"2:HB1-19:HE2"," HB1 GLN     2 "," HE2 LYS    19 ",25,311,0.000279576756332729,0.000279576756332729,1,3.91065787304387,3.91065787304387,3.91065787304387,3.91065787304387,0,0.0900000000000034,-0.503999999999998,-3.877,0.0900000000000034,-0.503999999999998,-3.877
"19:HB1-19:HE2"," HB1 LYS    19 "," HE2 LYS    19 ",301,311,9.589044078114e-05,9.589044078114e-05,1,4.67416580792766,4.67416580792766,4.67416580792766,4.67416580792766,0,1.521,3.776,-2.297,1.521,3.776,-2.297
"19:HB2-19:HE2"," HB2 LYS    19 "," HE2 LYS    19 ",302,311,8.4967932965942e-05,8.4967932965942e-05,1,4.76933129484627,4.76933129484627,4.76933129484627,4.76933129484627,0,0.0640000000000001,4.364,-1.923,0.0640000000000001,4.364,-1.923
"19:HG1-19:HE2"," HG1 LYS    19 "," HE2 LYS    19 ",304,311,0.000334758683804216,0.000334758683804216,1,3.79499631093365,3.79499631093365,3.79499631093365,3.79499631093365,0,-0.951999999999998,2.158,-2.973,-0.951999999999998,2.158,-2.973
"19:HG2-19:HE2"," HG2 LYS    19 "," HE2 LYS    19 ",305,311,0.000375234430607466,0.000375234430607466,1,3.72348452393722,3.72348452393722,3.72348452393722,3.72348452393722,0,0.746000000000002,1.686,-3.235,0.746000000000002,1.686,-3.235
"19:HD1-19:HE2"," HD1 LYS    19 "," HE2 LYS    19 ",307,311,0.00474502460496501,0.00474502460496501,1,2.43945936633509,2.43945936633509,2.43945936633509,2.43945936633509,0,1.367,1.712,-1.073,1.367,1.712,-1.073
"19:HD2-19:HE2"," HD2 LYS    19 "," HE2 LYS    19 ",308,311,0.00368985835996106,0.00368985835996106,1,2.54389032782469,2.54389032782469,2.54389032782469,2.54389032782469,0,-0.0840000000000032,2.511,-0.399,-0.0840000000000032,2.511,-0.398999999999999
"2:HA-20:H"," HA  GLN     2 "," H   ALA    20 ",23,319,0.000117021486837713,0.000117021486837713,1,4.52156798024756,4.52156798024756,4.52156798024756,4.52156798024756,0,-0.757999999999996,-4.453,-0.202,-0.757999999999996,-4.453,-0.202
"3:H-20:H"," H   TYR     3 "," H   ALA    20 ",38,319,0.000100540141647363,0.000100540141647363,1,4.63742342254835,4.63742342254835,4.63742342254835,4.63742342254835,0,-2.156,-3.69600000000001,-1.788,-2.156,-3.69600000000001,-1.788
"19:H-20:H"," H   LYS    19 "," H   ALA    20 ",297,319,0.000192470460356856,0.000192470460356856,1,4.16171803465828,4.16171803465828,4.16171803465828,4.16171803465828,0,-3.986,-0.225999999999999,1.175,-3.986,-0.225999999999999,1.175
"19:HB1-20:H"," HB1 LYS    19 "," H   ALA    20 ",301,319,0.000613005856728816,0.000613005856728816,1,3.43101457297983,3.43101457297983,3.43101457297983,3.43101457297983,0,-0.875999999999998,-1.247,3.074,-0.875999999999998,-1.247,3.074
"19:HB2-20:H"," HB2 LYS    19 "," H   ALA    20 ",302,319,0.000178336511505086,0.000178336511505086,1,4.21495836278367,4.21495836278367,4.21495836278367,4.21495836278367,0,-2.333,-0.658999999999999,3.448,-2.333,-0.658999999999999,3.448
"19:HG2-20:H"," HG2 LYS    19 "," H   ALA    20 ",305,319,0.000159903401111506,0.000159903401111506,1,4.29230311138438,4.29230311138438,4.29230311138438,4.29230311138438,0,-1.651,-3.337,2.136,-1.651,-3.337,2.136
"19:HA-20:HA"," HA  LYS    19 "," HA  ALA    20 ",299,321,0.00013164888998372,0.00013164888998372,1,4.4336744354993,4.4336744354993,4.4336744354993,4.43367443549931,4.44089209850063e-15,-1.125,-4.288,0.0700000000000003,-1.125,-4.28800000000001,0.0699999999999985
"19:HB1-20:HA"," HB1 LYS    19 "," HA  ALA    20 ",301,321,7.16794177612968e-05,7.16794177612968e-05,1,4.90645238436083,4.90645238436083,4.90645238436082,4.90645238436083,3.76822190084106e-15,-0.732999999999997,-4.219,2.395,-0.732999999999997,-4.21900000000001,2.395
"20:H-20:HA"," H   ALA    20 "," HA  ALA    20 ",319,321,0.00123752212285907,0.00123752212285907,1,3.05192955357754,3.05192955357754,3.05192955357754,3.05192955357755,5.02429586778808e-15,0.143000000000001,-2.972,-0.679,0.143000000000001,-2.97200000000001,-0.679000000000002
"20:H-21:H"," H   ALA    20 "," H   VAL    21 ",319,329,0.000104952796525646,0.000104952796525646,1,4.60434294986809,4.60434294986809,4.60434294986809,4.6043429498681,5.02429586778808e-15,-2.177,-4.034,-0.433,-2.177,-4.03400000000001,-0.433000000000002
"20:HA-21:H"," HA  ALA    20 "," H   VAL    21 ",321,329,0.00352495182533576,0.00352495182533576,1,2.56334937142794,2.56334937142794,2.56334937142794,2.56334937142794,0,-2.32,-1.062,0.246,-2.32,-1.062,0.246
"20:HA-21:HA"," HA  ALA    20 "," HA  VAL    21 ",321,331,9.05265787811757e-05,9.05265787811757e-05,1,4.71922461851521,4.71922461851521,4.71922461851521,4.71922461851521,1.25607396694702e-15,-4.64,0.859000000000002,-0.0600000000000005,-4.64,0.859000000000009,-0.0600000000000005
"21:H-21:HA"," H   VAL    21 "," HA  VAL    21 ",329,331,0.00129843755511932,0.00129843755511932,1,3.02758600208153,3.02758600208153,3.02758600208153,3.02758600208153,3.14018491736755e-15,-2.32,1.921,-0.306000000000001,-2.32,1.92100000000001,-0.306000000000001
"21:H-21:HB"," H   VAL    21 "," HB  VAL    21 ",329,333,0.000422839386226622,0.000422839386226622,1,3.65009438234137,3.65009438234137,3.65009438234137,3.65009438234138,5.02429586778808e-15,-3.638,0.0230000000000032,-0.296000000000001,-3.63800000000001,0.0230000000000032,-0.296000000000001
"21:HA-21:HB"," HA  VAL    21 "," HB  VAL    21 ",331,333,0.00656851195587742,0.00656851195587742,1,2.31076351018446,2.31076351018446,2.31076351018446,2.31076351018447,6.90840681820861e-15,-1.318,-1.898,0.00999999999999979,-1.31800000000001,-1.898,0.00999999999999979
"20:H-22:H"," H   ALA    20 "," H   ASP    22 ",319,345,7.29602508448383e-05,7.29602508448383e-05,1,4.89199059688385,4.89199059688385,4.89199059688385,4.89199059688385,0,-3,-3.254,2.084,-3,-3.254,2.084
"20:HA-22:H"," HA  ALA    20 "," H   ASP    22 ",321,345,0.000183672371858368,0.000183672371858368,1,4.19429874949317,4.19429874949317,4.19429874949317,4.19429874949317,8.88178419700125e-16,-3.143,-0.281999999999996,2.763,-3.143,-0.281999999999989,2.763
"21:H-22:H"," H   VAL    21 "," H   ASP    22 ",329,345,0.0022592330770481,0.0022592330770481,1,2.76061913345539,2.76061913345539,2.76061913345539,2.7606191334554,2.84355838317334e-15,-0.823,0.780000000000001,2.517,-0.823,0.780000000000008,2.517
"21:HA-22:H"," HA  VAL    21 "," H   ASP    22 ",331,345,0.000655424802512377,0.000655424802512377,1,3.39296610652096,3.39296610652096,3.39296610652096,3.39296610652096,9.93013661298909e-16,1.497,-1.141,2.823,1.497,-1.141,2.823
"21:HB-22:H"," HB  VAL    21 "," H   ASP    22 ",333,345,0.00022628458184995,0.00022628458184995,1,4.05095581313843,4.05095581313843,4.05095581313843,4.05095581313843,5.68711676634668e-15,2.815,0.756999999999998,2.813,2.81500000000001,0.757000000000005,2.813
"21:HA-22:HA"," HA  VAL    21 "," HA  ASP    22 ",331,347,0.000139275932317862,0.000139275932317862,1,4.39225272496927,4.39225272496927,4.39225272496927,4.39225272496927,1.25607396694702e-15,-0.202000000000005,0.542000000000002,4.354,-0.202000000000005,0.542000000000002,4.354
"22:H-22:HA"," H   ASP    22 "," HA  ASP    22 ",345,347,0.00190766354116195,0.00190766354116195,1,2.83955119693236,2.83955119693236,2.83955119693236,2.83955119693236,0,-1.69900000000001,1.683,1.531,-1.69900000000001,1.683,1.531
"21:HA-22:HB1"," HA  VAL    21 "," HB1 ASP    22 ",331,349,7.94811077281967e-05,7.94811077281967e-05,1,4.82269001699259,4.82269001699259,4.82269001699259,4.8226900169926,3.20237283398938e-15,-1.683,-1.201,4.357,-1.68300000000001,-1.201,4.357
"21:HB-22:HB1"," HB  VAL    21 "," HB1 ASP    22 ",333,349,0.000134544130815653,0.000134544130815653,1,4.41762866252925,4.41762866252925,4.41762866252925,4.41762866252926,1.98602732259782e-15,-0.365000000000002,0.696999999999996,4.347,-0.365000000000002,0.697000000000003,4.347
"22:H-22:HB1"," H   ASP    22 "," HB1 ASP    22 ",345,349,0.000515808892275956,0.000515808892275956,1,3.53116921146524,3.53116921146524,3.53116921146524,3.53116921146524,4.72073305456828e-15,-3.18,-0.0600000000000023,1.534,-3.18000000000001,-0.0600000000000023,1.534
"22:HA-22:HB1"," HA  ASP    22 "," HB1 ASP    22 ",347,349,0.00698459910400033,0.00698459910400033,1,2.28722954685358,2.28722954685358,2.28722954685357,2.28722954685358,3.14018491736755e-15,-1.481,-1.743,0.00300000000000011,-1.48100000000001,-1.743,0.00300000000000011
"22:H-22:HB2"," H   ASP    22 "," HB2 ASP    22 ",345,350,0.000231533283091163,0.000231533283091163,1,4.03550380993501,4.03550380993501,4.03550380993501,4.03550380993502,3.20237283398938e-15,-2.415,-0.228999999999999,3.225,-2.41500000000001,-0.228999999999999,3.225
"22:HA-22:HB2"," HA  ASP    22 "," HB2 ASP    22 ",347,350,0.00286843853442584,0.00286843853442584,1,2.65292970129252,2.65292970129252,2.65292970129252,2.65292970129252,1.60118641699469e-15,-0.715999999999994,-1.912,1.694,-0.716000000000001,-1.912,1.694
"22:H-23:H"," H   ASP    22 "," H   ALA    23 ",345,357,0.000140057325165954,0.000140057325165954,1,4.3881590673083,4.3881590673083,4.3881590673083,4.3881590673083,0,-1.064,2.088,3.71,-1.064,2.088,3.71
"22:HA-23:H"," HA  ASP    22 "," H   ALA    23 ",347,357,0.00665915098023007,0.00665915098023007,1,2.30549148773098,2.30549148773098,2.30549148773098,2.30549148773098,0,0.635000000000005,0.405000000000001,2.179,0.635000000000005,0.405000000000001,2.179
"22:HB1-23:H"," HB1 ASP    22 "," H   ALA    23 ",349,357,0.000378336881706003,0.000378336881706003,1,3.71837814107173,3.71837814107173,3.71837814107173,3.71837814107173,2.84355838317334e-15,2.116,2.148,2.176,2.11600000000001,2.148,2.176
"22:HB2-23:H"," HB2 ASP    22 "," H   ALA    23 ",350,357,0.00243906757191519,0.00243906757191519,1,2.72560360287405,2.72560360287405,2.72560360287405,2.72560360287405,2.51214793389404e-15,1.351,2.317,0.484999999999999,1.35100000000001,2.317,0.484999999999999
"22:HA-23:HA"," HA  ASP    22 "," HA  ALA    23 ",347,359,0.000158303635351529,0.000158303635351529,1,4.29950229677809,4.29950229677809,4.29950229677809,4.29950229677809,0,3.34800000000001,0.753999999999998,2.59,3.34800000000001,0.753999999999998,2.59
"22:HB2-23:HA"," HB2 ASP    22 "," HA  ALA    23 ",350,359,6.86148279695059e-05,6.86148279695059e-05,1,4.94231403292021,4.94231403292021,4.9423140329202,4.94231403292021,3.76822190084106e-15,4.064,2.666,0.895999999999997,4.06400000000001,2.666,0.895999999999997
"23:H-23:HA"," H   ALA    23 "," HA  ALA    23 ",357,359,0.00223269756058164,0.00223269756058164,1,2.76606055609779,2.76606055609779,2.76606055609779,2.76606055609779,0,2.713,0.348999999999997,0.410999999999998,2.713,0.348999999999997,0.410999999999998
"22:HA-24:H"," HA  ASP    22 "," H   GLU    24 ",347,367,0.000169583820169126,0.000169583820169126,1,4.25045997510858,4.25045997510858,4.25045997510858,4.25045997510858,0,1.291,-1.945,3.552,1.291,-1.945,3.552
"22:HB1-24:H"," HB1 ASP    22 "," H   GLU    24 ",349,367,0.000119183674507268,0.000119183674507268,1,4.50779203158265,4.50779203158265,4.50779203158265,4.50779203158265,3.20237283398938e-15,2.772,-0.201999999999998,3.549,2.77200000000001,-0.201999999999998,3.549
"22:HB2-24:H"," HB2 ASP    22 "," H   GLU    24 ",350,367,0.00238818760965577,0.00238818760965577,1,2.73519688505233,2.73519688505233,2.73519688505233,2.73519688505234,3.76822190084106e-15,2.007,-0.0330000000000013,1.858,2.00700000000001,-0.0330000000000013,1.858
"23:H-24:H"," H   ALA    23 "," H   GLU    24 ",357,367,0.00207677783739474,0.00207677783739474,1,2.79963658355866,2.79963658355866,2.79963658355866,2.79963658355866,0,0.655999999999999,-2.35,1.373,0.655999999999999,-2.35,1.373
"23:HA-24:H"," HA  ALA    23 "," H   GLU    24 ",359,367,0.000519282086293141,0.000519282086293141,1,3.5272218529602,3.5272218529602,3.5272218529602,3.5272218529602,0,-2.057,-2.699,0.962,-2.057,-2.699,0.962
"23:HA-24:HA"," HA  ALA    23 "," HA  GLU    24 ",359,369,0.000127009655273717,0.000127009655273717,1,4.46026378143714,4.46026378143714,4.46026378143714,4.46026378143715,1.98602732259782e-15,0.138999999999996,-3.654,2.554,0.138999999999996,-3.654,2.554
"24:H-24:HA"," H   GLU    24 "," HA  GLU    24 ",367,369,0.00176870739951264,0.00176870739951264,1,2.87557037820325,2.87557037820325,2.87557037820325,2.87557037820325,1.25607396694702e-15,2.196,-0.954999999999998,1.592,2.196,-0.954999999999998,1.592
"22:HB2-24:HB1"," HB2 ASP    22 "," HB1 GLU    24 ",350,371,7.21590232351799e-05,7.21590232351799e-05,1,4.90100214241944,4.90100214241944,4.90100214241944,4.90100214241944,8.88178419700125e-16,1.77399999999999,-1.689,4.245,1.774,-1.689,4.24499999999999
"24:H-24:HB1"," H   GLU    24 "," HB1 GLU    24 ",367,371,0.00163155904902296,0.00163155904902296,1,2.91451436778068,2.91451436778068,2.91451436778067,2.91451436778068,2.22044604925031e-15,-0.233000000000004,-1.656,2.387,-0.233000000000004,-1.656,2.387
"24:HA-24:HB1"," HA  GLU    24 "," HB1 GLU    24 ",369,371,0.00288632586607431,0.00288632586607431,1,2.65018244654967,2.65018244654967,2.65018244654967,2.65018244654967,0,-2.429,-0.701000000000001,0.794999999999998,-2.429,-0.701000000000001,0.794999999999998
"24:H-24:HB2"," H   GLU    24 "," HB2 GLU    24 ",367,372,0.000362175923112261,0.000362175923112261,1,3.7455310704892,3.7455310704892,3.7455310704892,3.7455310704892,1.25607396694702e-15,0.878999999999998,-2.989,2.079,0.878999999999998,-2.989,2.079
"24:HA-24:HB2"," HA  GLU    24 "," HB2 GLU    24 ",369,372,0.00438661272321823,0.00438661272321823,1,2.47160150509745,2.47160150509745,2.47160150509745,2.47160150509745,0,-1.317,-2.034,0.486999999999998,-1.317,-2.034,0.486999999999998
"22:HB2-24:HG1"," HB2 ASP    22 "," HG1 GLU    24 ",350,374,0.000223851506795841,0.000223851506795841,1,4.05826120401337,4.05826120401337,4.05826120401336,4.05826120401337,5.02429586778808e-15,1.646,-3.338,1.618,1.64600000000001,-3.33800000000001,1.61799999999999
"24:H-24:HG1"," H   GLU    24 "," HG1 GLU    24 ",367,374,0.000729032499785885,0.000729032499785885,1,3.33330856657466,3.33330856657466,3.33330856657466,3.33330856657466,5.34754222183067e-15,-0.360999999999997,-3.305,-0.239999999999998,-0.360999999999997,-3.30500000000001,-0.240000000000002
"24:HA-24:HG1"," HA  GLU    24 "," HG1 GLU    24 ",369,374,0.000272899452606931,0.000272899452606931,1,3.92644533898028,3.92644533898028,3.92644533898028,3.92644533898029,2.84355838317334e-15,-2.557,-2.35,-1.832,-2.557,-2.35000000000001,-1.832
"24:HB1-24:HG1"," HB1 GLU    24 "," HG1 GLU    24 ",371,374,0.00111741137911123,0.00111741137911123,1,3.10430571948061,3.10430571948061,3.1043057194806,3.10430571948061,2.51214793389404e-15,-0.127999999999993,-1.649,-2.627,-0.127999999999993,-1.64900000000001,-2.627
"24:HB2-24:HG1"," HB2 GLU    24 "," HG1 GLU    24 ",372,374,0.0028965209332527,0.0028965209332527,1,2.64862549259045,2.64862549259045,2.64862549259045,2.64862549259045,6.2803698347351e-16,-1.23999999999999,-0.316000000000003,-2.319,-1.23999999999999,-0.31600000000001,-2.319
"22:HB1-24:HG2"," HB1 ASP    22 "," HG2 GLU    24 ",349,375,9.85840801082049e-05,9.85840801082049e-05,1,4.6526337702424,4.6526337702424,4.6526337702424,4.6526337702424,8.88178419700125e-16,1.411,-2.188,3.856,1.41100000000001,-2.188,3.856
"22:HB2-24:HG2"," HB2 ASP    22 "," HG2 GLU    24 ",350,375,0.00129224227654184,0.00129224227654184,1,3.03000033003298,3.03000033003298,3.03000033003298,3.03000033003298,6.2803698347351e-16,0.646000000000001,-2.019,2.165,0.646000000000008,-2.019,2.165
"23:H-24:HG2"," H   ALA    23 "," HG2 GLU    24 ",357,375,9.2390161255143e-05,9.2390161255143e-05,1,4.70322453216939,4.70322453216939,4.70322453216939,4.70322453216939,1.25607396694702e-15,-0.704999999999998,-4.336,1.68,-0.704999999999998,-4.336,1.68
"24:H-24:HG2"," H   GLU    24 "," HG2 GLU    24 ",367,375,0.00489198014210637,0.00489198014210637,1,2.42709002717245,2.42709002717245,2.42709002717245,2.42709002717245,4.44089209850063e-16,-1.361,-1.986,0.307000000000002,-1.361,-1.986,0.306999999999999
"24:HA-24:HG2"," HA  GLU    24 "," HG2 GLU    24 ",369,375,0.000275600899264412,0.000275600899264412,1,3.92000446428317,3.92000446428317,3.92000446428317,3.92000446428317,0,-3.557,-1.031,-1.285,-3.557,-1.031,-1.285
"24:HB1-24:HG2"," HB1 GLU    24 "," HG2 GLU    24 ",371,375,0.00537799306012616,0.00537799306012616,1,2.38907597200256,2.38907597200256,2.38907597200256,2.38907597200256,0,-1.12799999999999,-0.329999999999998,-2.08,-1.12799999999999,-0.329999999999998,-2.08
"24:HB2-24:HG2"," HB2 GLU    24 "," HG2 GLU    24 ",372,375,0.001299578819441,0.001299578819441,1,3.02714271219577,3.02714271219577,3.02714271219577,3.02714271219577,0,-2.23999999999999,1.003,-1.772,-2.23999999999999,1.003,-1.772
"22:H-25:H"," H   ASP    22 "," H   THR    25 ",345,382,0.000319911219659377,0.000319911219659377,1,3.82379928866566,3.82379928866566,3.82379928866566,3.82379928866566,2.22044604925031e-15,1.045,-1.51,3.354,1.045,-1.51000000000001,3.354
"22:HA-25:H"," HA  ASP    22 "," H   THR    25 ",347,382,0.000107240897050465,0.000107240897050465,1,4.58782235924627,4.58782235924627,4.58782235924627,4.58782235924628,3.20237283398938e-15,2.74400000000001,-3.193,1.823,2.74400000000001,-3.193,1.823
"22:HB1-25:H"," HB1 ASP    22 "," H   THR    25 ",349,382,7.94074827168495e-05,7.94074827168495e-05,1,4.82343497934823,4.82343497934823,4.82343497934823,4.82343497934824,5.68711676634668e-15,4.225,-1.45,1.82,4.22500000000001,-1.45,1.82
"22:HB2-25:H"," HB2 ASP    22 "," H   THR    25 ",350,382,0.000394992377776696,0.000394992377776696,1,3.69177491188182,3.69177491188182,3.69177491188182,3.69177491188183,6.60186072357339e-15,3.46,-1.281,0.128999999999998,3.46000000000001,-1.28100000000001,0.128999999999998
"23:H-25:H"," H   ALA    23 "," H   THR    25 ",357,382,0.000185943610652327,0.000185943610652327,1,4.18571630667918,4.18571630667918,4.18571630667918,4.18571630667919,4.44089209850063e-15,2.109,-3.598,-0.356000000000002,2.109,-3.59800000000001,-0.356000000000002
"23:HA-25:H"," HA  ALA    23 "," H   THR    25 ",359,382,0.000221325058575122,0.000221325058575122,1,4.06594564646405,4.06594564646405,4.06594564646405,4.06594564646406,4.44089209850063e-15,-0.603999999999999,-3.947,-0.766999999999999,-0.603999999999999,-3.947,-0.766999999999999
"24:H-25:H"," H   GLU    24 "," H   THR    25 ",367,382,0.0033879616999913,0.0033879616999913,1,2.58033990009069,2.58033990009069,2.58033990009068,2.58033990009069,2.51214793389404e-15,1.453,-1.248,-1.729,1.453,-1.248,-1.729
"24:HA-25:H"," HA  GLU    24 "," H   THR    25 ",369,382,0.000629693511763034,0.000629693511763034,1,3.4156901206052,3.4156901206052,3.4156901206052,3.41569012060521,2.22044604925031e-15,-0.742999999999995,-0.292999999999999,-3.321,-0.742999999999995,-0.293000000000006,-3.321
"24:HB1-25:H"," HB1 GLU    24 "," H   THR    25 ",371,382,0.000125932435252521,0.000125932435252521,1,4.46660004925447,4.46660004925447,4.46660004925447,4.46660004925447,2.51214793389404e-15,1.68600000000001,0.408000000000001,-4.116,1.68600000000001,0.407999999999994,-4.116
"24:HB2-25:H"," HB2 GLU    24 "," H   THR    25 ",372,382,0.000175489840318044,0.000175489840318044,1,4.22627744001739,4.22627744001739,4.22627744001739,4.2262774400174,4.44089209850063e-15,0.574000000000005,1.741,-3.808,0.574000000000005,1.74099999999999,-3.808
"24:HG1-25:H"," HG1 GLU    24 "," H   THR    25 ",374,382,0.00108258361826085,0.00108258361826085,1,3.12073164498327,3.12073164498327,3.12073164498327,3.12073164498327,1.25607396694702e-15,1.814,2.057,-1.489,1.814,2.057,-1.489
"24:HG2-25:H"," HG2 GLU    24 "," H   THR    25 ",375,382,0.000498891393246294,0.000498891393246294,1,3.55085003907515,3.55085003907515,3.55085003907515,3.55085003907515,2.51214793389404e-15,2.814,0.738,-2.036,2.814,0.737999999999992,-2.036
"24:HA-25:HA"," HA  GLU    24 "," HA  THR    25 ",369,384,8.5795674567616e-05,8.5795674567616e-05,1,4.76163133810252,4.76163133810252,4.76163133810252,4.76163133810252,2.51214793389404e-15,1.037,-2.558,-3.88,1.037,-2.55800000000001,-3.88
"24:HB2-25:HA"," HB2 GLU    24 "," HA  THR    25 ",372,384,6.48790216516746e-05,6.48790216516746e-05,1,4.98864520686729,4.98864520686729,4.98864520686729,4.98864520686729,8.88178419700125e-16,2.354,-0.524000000000001,-4.367,2.354,-0.524000000000008,-4.367
"24:HG1-25:HA"," HG1 GLU    24 "," HA  THR    25 ",374,384,0.000198094810504126,0.000198094810504126,1,4.14178753680098,4.14178753680098,4.14178753680098,4.14178753680098,0,3.59399999999999,-0.207999999999998,-2.048,3.59399999999999,-0.207999999999998,-2.048
"25:H-25:HA"," H   THR    25 "," HA  THR    25 ",382,384,0.001566113358997,0.001566113358997,1,2.93446860606822,2.93446860606822,2.93446860606822,2.93446860606822,6.2803698347351e-16,1.77999999999999,-2.265,-0.558999999999997,1.77999999999999,-2.265,-0.559000000000001
"20:HA-25:HB"," HA  ALA    20 "," HB  THR    25 ",321,386,0.000135337605619969,0.000135337605619969,1,4.413301371989,4.413301371989,4.413301371989,4.413301371989,0,-1.252,-1.89899999999999,3.782,-1.252,-1.89899999999999,3.782
"21:H-25:HB"," H   VAL    21 "," HB  THR    25 ",329,386,0.000338801055463203,0.000338801055463203,1,3.78741191316709,3.78741191316709,3.78741191316709,3.78741191316709,0,1.068,-0.836999999999996,3.536,1.068,-0.836999999999996,3.536
"22:H-25:HB"," H   ASP    22 "," HB  THR    25 ",345,386,0.00264714518792218,0.00264714518792218,1,2.68866714191251,2.68866714191251,2.68866714191251,2.68866714191251,2.51214793389404e-15,1.891,-1.617,1.019,1.891,-1.617,1.019
"22:HA-25:HB"," HA  ASP    22 "," HB  THR    25 ",347,386,7.19752838244923e-05,7.19752838244923e-05,1,4.90308515120837,4.90308515120837,4.90308515120837,4.90308515120838,3.76822190084106e-15,3.59,-3.3,-0.511999999999999,3.59,-3.3,-0.512
"24:H-25:HB"," H   GLU    24 "," HB  THR    25 ",367,386,7.57171331055678e-05,7.57171331055678e-05,1,4.8618434775299,4.8618434775299,4.86184347752989,4.8618434775299,2.51214793389404e-15,2.299,-1.355,-4.064,2.299,-1.355,-4.064
"25:H-25:HB"," H   THR    25 "," HB  THR    25 ",382,386,0.00423802176577639,0.00423802176577639,1,2.48583788691057,2.48583788691057,2.48583788691057,2.48583788691057,1.25607396694702e-15,0.845999999999997,-0.106999999999999,-2.335,0.845999999999997,-0.106999999999999,-2.335
"25:HA-25:HB"," HA  THR    25 "," HB  THR    25 ",384,386,0.00152727124228749,0.00152727124228749,1,2.94677722266207,2.94677722266207,2.94677722266207,2.94677722266207,9.93013661298909e-16,-0.933999999999997,2.158,-1.776,-0.933999999999997,2.158,-1.776
"22:H-26:H"," H   ASP    22 "," H   ALA    26 ",345,396,0.000203980142922716,0.000203980142922716,1,4.12162698457781,4.12162698457781,4.12162698457781,4.12162698457781,0,3.046,-0.142000000000003,2.773,3.046,-0.142000000000003,2.773
"23:H-26:H"," H   ALA    23 "," H   ALA    26 ",357,396,8.50077500940137e-05,8.50077500940137e-05,1,4.76895890106006,4.76895890106006,4.76895890106006,4.76895890106006,0,4.11,-2.23,-0.937000000000001,4.11,-2.23,-0.937000000000001
"23:HA-26:H"," HA  ALA    23 "," H   ALA    26 ",359,396,0.000883898902827051,0.000883898902827051,1,3.22799535315651,3.22799535315651,3.22799535315651,3.22799535315651,0,1.397,-2.579,-1.348,1.397,-2.579,-1.348
"24:H-26:H"," H   GLU    24 "," H   ALA    26 ",367,396,0.00019378597439565,0.00019378597439565,1,4.15699603078954,4.15699603078954,4.15699603078954,4.15699603078954,0,3.454,0.119999999999997,-2.31,3.454,0.119999999999997,-2.31
"24:HA-26:H"," HA  GLU    24 "," H   ALA    26 ",369,396,0.000172506662967715,0.000172506662967715,1,4.23837150330171,4.23837150330171,4.23837150330171,4.23837150330171,2.51214793389404e-15,1.258,1.075,-3.902,1.258,1.075,-3.902
"25:H-26:H"," H   THR    25 "," H   ALA    26 ",382,396,0.00416964302138761,0.00416964302138761,1,2.49258620713507,2.49258620713507,2.49258620713507,2.49258620713507,2.84355838317334e-15,2.001,1.36799999999999,-0.581,2.001,1.368,-0.581
"25:HA-26:H"," HA  THR    25 "," H   ALA    26 ",384,396,0.000430078433158043,0.000430078433158043,1,3.63978213633728,3.63978213633728,3.63978213633728,3.63978213633729,5.02429586778808e-15,0.221000000000004,3.633,-0.022000000000002,0.221000000000004,3.633,-0.0219999999999985
"25:HB-26:H"," HB  THR    25 "," H   ALA    26 ",386,396,0.00350027351691417,0.00350027351691417,1,2.56635266477544,2.56635266477544,2.56635266477544,2.56635266477544,3.76822190084106e-15,1.155,1.47499999999999,1.754,1.155,1.475,1.754
"25:HA-26:HA"," HA  THR    25 "," HA  ALA    26 ",384,398,6.79526209140542e-05,6.79526209140542e-05,1,4.95030887925188,4.95030887925188,4.95030887925188,4.95030887925189,3.76822190084106e-15,2.89400000000001,3.879,-1.041,2.89400000000001,3.879,-1.041
"25:HB-26:HA"," HB  THR    25 "," HA  ALA    26 ",386,398,0.000167095438442694,0.000167095438442694,1,4.26094473092529,4.26094473092529,4.26094473092529,4.2609447309253,2.51214793389404e-15,3.828,1.721,0.735000000000001,3.828,1.721,0.735000000000003
"26:H-26:HA"," H   ALA    26 "," HA  ALA    26 ",396,398,0.00178491159523446,0.00178491159523446,1,2.8712028838102,2.8712028838102,2.8712028838102,2.8712028838102,0,2.673,0.246000000000002,-1.019,2.673,0.246000000000002,-1.019
"23:HA-27:H"," HA  ALA    23 "," H   GLU    27 ",359,406,0.00020333357897818,0.00020333357897818,1,4.12380843396004,4.12380843396004,4.12380843396004,4.12380843396004,0,2.948,-2.724,0.946000000000002,2.948,-2.724,0.946000000000002
"24:HA-27:H"," HA  GLU    24 "," H   GLU    27 ",369,406,0.000685552594793458,0.000685552594793458,1,3.36764680452093,3.36764680452093,3.36764680452093,3.36764680452093,1.25607396694702e-15,2.809,0.93,-1.608,2.809,0.93,-1.608
"25:H-27:H"," H   THR    25 "," H   GLU    27 ",382,406,0.00020186975202964,0.00020186975202964,1,4.12877730084828,4.12877730084828,4.12877730084828,4.12877730084828,1.98602732259782e-15,3.552,1.223,1.713,3.552,1.22300000000001,1.713
"25:HA-27:H"," HA  THR    25 "," H   GLU    27 ",384,406,0.000116618283776493,0.000116618283776493,1,4.52416975808822,4.52416975808822,4.52416975808822,4.52416975808823,5.02429586778808e-15,1.77200000000001,3.488,2.272,1.77200000000001,3.48800000000001,2.272
"26:H-27:H"," H   ALA    26 "," H   GLU    27 ",396,406,0.00219978335502722,0.00219978335502722,1,2.77291579388917,2.77291579388917,2.77291579388917,2.77291579388917,0,1.551,-0.144999999999996,2.294,1.551,-0.144999999999996,2.294
"26:HA-27:H"," HA  ALA    26 "," H   GLU    27 ",398,406,0.000526046803859649,0.000526046803859649,1,3.51962128644546,3.51962128644546,3.51962128644546,3.51962128644546,0,-1.122,-0.390999999999998,3.313,-1.122,-0.390999999999998,3.313
"27:H-27:HA"," H   GLU    27 "," HA  GLU    27 ",406,408,0.00247227640160097,0.00247227640160097,1,2.71946722723404,2.71946722723404,2.71946722723404,2.71946722723404,0,2.043,0.777000000000001,1.618,2.043,0.777000000000001,1.618
"24:HA-27:HB1"," HA  GLU    24 "," HB1 GLU    27 ",369,410,0.00148761078245264,0.00148761078245264,1,2.95972785911137,2.95972785911137,2.95972785911137,2.95972785911137,0,2.897,-0.564,0.221999999999998,2.897,-0.564,0.221999999999998
"24:HB2-27:HB1"," HB2 GLU    24 "," HB1 GLU    27 ",372,410,0.000125207961608111,0.000125207961608111,1,4.47089711355562,4.47089711355562,4.47089711355562,4.47089711355562,0,4.214,1.47,-0.265000000000001,4.214,1.47,-0.265000000000001
"25:HA-27:HB1"," HA  THR    25 "," HB1 GLU    27 ",384,410,7.00193470938206e-05,7.00193470938206e-05,1,4.92565122598017,4.92565122598017,4.92565122598017,4.92565122598017,1.98602732259782e-15,1.86,1.994,4.102,1.86,1.99400000000001,4.102
"26:H-27:HB1"," H   ALA    26 "," HB1 GLU    27 ",396,410,8.92110612056145e-05,8.92110612056145e-05,1,4.73075237145213,4.73075237145213,4.73075237145213,4.73075237145213,1.98602732259782e-15,1.639,-1.639,4.124,1.639,-1.639,4.124
"27:H-27:HB1"," H   GLU    27 "," HB1 GLU    27 ",406,410,0.00572891357054798,0.00572891357054798,1,2.36403891676935,2.36403891676935,2.36403891676935,2.36403891676935,1.88411095042053e-15,0.0879999999999939,-1.494,1.83,0.0879999999999939,-1.494,1.82999999999999
"27:HA-27:HB1"," HA  GLU    27 "," HB1 GLU    27 ",408,410,0.00136064097602624,0.00136064097602624,1,3.0040655785119,3.0040655785119,3.0040655785119,3.0040655785119,0,-1.95500000000001,-2.271,0.212,-1.95500000000001,-2.271,0.211999999999996
"23:HA-27:HB2"," HA  ALA    23 "," HB2 GLU    27 ",359,411,7.74884699746542e-05,7.74884699746542e-05,1,4.84314143919006,4.84314143919006,4.84314143919006,4.84314143919006,1.98602732259782e-15,2.677,-2.537,3.139,2.677,-2.537,3.139
"24:HA-27:HB2"," HA  GLU    24 "," HB2 GLU    27 ",369,411,0.00193033659748905,0.00193033659748905,1,2.83396506682775,2.83396506682775,2.83396506682775,2.83396506682775,0,2.538,1.117,0.585000000000001,2.538,1.117,0.585000000000001
"24:HB2-27:HB2"," HB2 GLU    24 "," HB2 GLU    27 ",372,411,6.55654283948078e-05,6.55654283948078e-05,1,4.97990260948947,4.97990260948947,4.97990260948947,4.97990260948947,0,3.855,3.151,0.0980000000000025,3.855,3.151,0.0980000000000025
"26:H-27:HB2"," H   ALA    26 "," HB2 GLU    27 ",396,411,9.68780204077012e-05,9.68780204077012e-05,1,4.66619041617463,4.66619041617463,4.66619041617463,4.66619041617464,2.51214793389404e-15,1.28,0.0420000000000016,4.487,1.28,0.0420000000000016,4.487
"27:H-27:HB2"," H   GLU    27 "," HB2 GLU    27 ",406,411,0.00840862080762039,0.00840862080762039,1,2.21757953634137,2.21757953634137,2.21757953634137,2.21757953634137,2.51214793389404e-15,-0.271000000000001,0.186999999999998,2.193,-0.271000000000001,0.186999999999998,2.193
"27:HA-27:HB2"," HA  GLU    27 "," HB2 GLU    27 ",408,411,0.00455334652572303,0.00455334652572303,1,2.45628194635714,2.45628194635714,2.45628194635714,2.45628194635714,4.44089209850063e-16,-2.314,-0.590000000000003,0.575000000000003,-2.314,-0.590000000000003,0.574999999999999
"24:HA-27:HG1"," HA  GLU    24 "," HG1 GLU    27 ",369,413,8.05813246619024e-05,8.05813246619024e-05,1,4.81165262669699,4.81165262669699,4.81165262669699,4.81165262669699,0,3.832,0.991,2.736,3.832,0.991,2.736
"27:H-27:HG1"," H   GLU    27 "," HG1 GLU    27 ",406,413,0.000126500916067408,0.000126500916067408,1,4.46324836862122,4.46324836862122,4.46324836862122,4.46324836862122,1.98602732259782e-15,1.023,0.0609999999999999,4.344,1.023,0.0609999999999999,4.344
"27:HA-27:HG1"," HA  GLU    27 "," HG1 GLU    27 ",408,413,0.00137902337400653,0.00137902337400653,1,2.99735416659427,2.99735416659427,2.99735416659427,2.99735416659427,2.51214793389404e-15,-1.02,-0.716000000000001,2.726,-1.02,-0.716000000000001,2.726
"27:HB1-27:HG1"," HB1 GLU    27 "," HG1 GLU    27 ",410,413,0.00112589596001138,0.00112589596001138,1,3.10039449102852,3.10039449102852,3.10039449102852,3.10039449102852,0,0.935000000000002,1.555,2.514,0.935000000000002,1.555,2.514
"27:HB2-27:HG1"," HB2 GLU    27 "," HG1 GLU    27 ",411,413,0.00396683433148691,0.00396683433148691,1,2.51338675893703,2.51338675893703,2.51338675893703,2.51338675893703,0,1.294,-0.125999999999998,2.151,1.294,-0.125999999999998,2.151
"27:H-27:HG2"," H   GLU    27 "," HG2 GLU    27 ",406,414,0.000145297146353641,0.000145297146353641,1,4.36137891039061,4.36137891039061,4.36137891039061,4.36137891039061,1.98602732259782e-15,2.019,-1.209,3.672,2.019,-1.209,3.672
"27:HA-27:HG2"," HA  GLU    27 "," HG2 GLU    27 ",408,414,0.00183798009838745,0.00183798009838745,1,2.8572168276139,2.8572168276139,2.8572168276139,2.8572168276139,1.60118641699469e-15,-0.0240000000000009,-1.986,2.054,-0.0240000000000009,-1.986,2.054
"27:HB1-27:HG2"," HB1 GLU    27 "," HG2 GLU    27 ",410,414,0.00267589334672854,0.00267589334672854,1,2.68383121674967,2.68383121674967,2.68383121674967,2.68383121674967,0,1.931,0.284999999999997,1.842,1.931,0.284999999999997,1.842
"27:HB2-27:HG2"," HB2 GLU    27 "," HG2 GLU    27 ",411,414,0.00121155155250751,0.00121155155250751,1,3.06273684798417,3.06273684798417,3.06273684798417,3.06273684798417,0,2.29,-1.396,1.479,2.29,-1.396,1.479
"25:HA-28:H"," HA  THR    25 "," H   LYS    28 ",384,421,0.000152673060815232,0.000152673060815232,1,4.32553268395928,4.32553268395928,4.32553268395928,4.32553268395928,0,3.588,1.092,2.155,3.588,1.092,2.155
"26:H-28:H"," H   ALA    26 "," H   LYS    28 ",396,421,8.74098458159684e-05,8.74098458159684e-05,1,4.74686201611127,4.74686201611127,4.74686201611127,4.74686201611127,1.25607396694702e-15,3.367,-2.541,2.177,3.367,-2.541,2.177
"26:HA-28:H"," HA  ALA    26 "," H   LYS    28 ",398,421,0.000158877896938753,0.000158877896938753,1,4.29690830714364,4.29690830714364,4.29690830714363,4.29690830714364,1.98602732259782e-15,0.693999999999996,-2.787,3.196,0.693999999999996,-2.78700000000001,3.19599999999999
"27:H-28:H"," H   GLU    27 "," H   LYS    28 ",406,421,0.00134807608797957,0.00134807608797957,1,3.008714177186,3.008714177186,3.00871417718599,3.008714177186,4.39625888431457e-15,1.816,-2.396,-0.117000000000001,1.816,-2.39600000000001,-0.117000000000004
"27:HA-28:H"," HA  GLU    27 "," H   LYS    28 ",408,421,0.00044181176637713,0.00044181176637713,1,3.62349044430919,3.62349044430919,3.62349044430919,3.6234904443092,5.65233285126159e-15,-0.227000000000004,-3.173,-1.735,-0.227000000000004,-3.17300000000001,-1.735
"27:HB1-28:H"," HB1 GLU    27 "," H   LYS    28 ",410,421,0.00228668596346497,0.00228668596346497,1,2.7550675127844,2.7550675127844,2.7550675127844,2.7550675127844,1.60118641699469e-15,1.728,-0.902000000000001,-1.947,1.728,-0.902000000000008,-1.947
"27:HB2-28:H"," HB2 GLU    27 "," H   LYS    28 ",411,421,0.000228226872808039,0.000228226872808039,1,4.04518948876317,4.04518948876317,4.04518948876316,4.04518948876317,3.20237283398938e-15,2.087,-2.583,-2.31,2.087,-2.58300000000001,-2.31
"27:HG2-28:H"," HG2 GLU    27 "," H   LYS    28 ",414,421,0.000253207432831018,0.000253207432831018,1,3.97576395174563,3.97576395174563,3.97576395174563,3.97576395174563,1.60118641699469e-15,-0.203000000000003,-1.187,-3.789,-0.203000000000003,-1.187,-3.789
"27:HA-28:HA"," HA  GLU    27 "," HA  LYS    28 ",408,423,6.60400737639999e-05,6.60400737639999e-05,1,4.9739193801267,4.9739193801267,4.9739193801267,4.9739193801267,0,2.076,-4.493,-0.492999999999999,2.076,-4.493,-0.493000000000002
"27:HB1-28:HA"," HB1 GLU    27 "," HA  LYS    28 ",410,423,9.80902106014199e-05,9.80902106014199e-05,1,4.65652982380657,4.65652982380657,4.65652982380657,4.65652982380657,0,4.03100000000001,-2.222,-0.704999999999998,4.03100000000001,-2.222,-0.704999999999998
"27:HG2-28:HA"," HG2 GLU    27 "," HA  LYS    28 ",414,423,0.000197132982389447,0.000197132982389447,1,4.14514873074538,4.14514873074538,4.14514873074538,4.14514873074538,0,2.1,-2.507,-2.547,2.1,-2.507,-2.547
"28:H-28:HA"," H   LYS    28 "," HA  LYS    28 ",421,423,0.00157836203585179,0.00157836203585179,1,2.93066084697633,2.93066084697633,2.93066084697633,2.93066084697633,2.22044604925031e-15,2.303,-1.32,1.242,2.303,-1.31999999999999,1.242
"28:H-28:HB1"," H   LYS    28 "," HB1 LYS    28 ",421,425,0.000443705826367881,0.000443705826367881,1,3.62090789719926,3.62090789719926,3.62090789719926,3.62090789719926,4.39625888431457e-15,1.771,-3.153,-0.181999999999999,1.771,-3.15299999999999,-0.181999999999995
"28:HA-28:HB1"," HA  LYS    28 "," HB1 LYS    28 ",423,425,0.00548393767988325,0.00548393767988325,1,2.3813208519643,2.3813208519643,2.3813208519643,2.3813208519643,1.60118641699469e-15,-0.532000000000004,-1.833,-1.424,-0.532000000000004,-1.833,-1.424
"25:HA-28:HB2"," HA  THR    25 "," HB2 LYS    28 ",384,426,0.000124896369812775,0.000124896369812775,1,4.47275418506316,4.47275418506316,4.47275418506316,4.47275418506316,8.88178419700125e-16,4.277,-0.815000000000005,1.024,4.277,-0.814999999999998,1.024
"27:HB1-28:HB2"," HB1 GLU    27 "," HB2 LYS    28 ",410,426,8.0015412234078e-05,8.0015412234078e-05,1,4.81730775433748,4.81730775433748,4.81730775433748,4.81730775433748,0,2.417,-2.809,-3.078,2.417,-2.809,-3.078
"28:H-28:HB2"," H   LYS    28 "," HB2 LYS    28 ",421,426,0.00638418342337651,0.00638418342337651,1,2.32175170937807,2.32175170937807,2.32175170937807,2.32175170937808,4.09430021321672e-15,0.689,-1.907,-1.131,0.689,-1.907,-1.131
"28:HA-28:HB2"," HA  LYS    28 "," HB2 LYS    28 ",423,426,0.00158282447094822,0.00158282447094822,1,2.92928216462669,2.92928216462669,2.92928216462669,2.92928216462669,0,-1.614,-0.587000000000003,-2.373,-1.614,-0.587000000000003,-2.373
"25:HA-28:HG1"," HA  THR    25 "," HG1 LYS    28 ",384,428,0.000109632774370516,0.000109632774370516,1,4.57098643620827,4.57098643620827,4.57098643620827,4.57098643620827,0,3.094,-2.584,2.155,3.094,-2.584,2.155
"28:H-28:HG1"," H   LYS    28 "," HG1 LYS    28 ",421,428,0.000384085269789103,0.000384085269789103,1,3.70904462092329,3.70904462092329,3.70904462092329,3.70904462092329,0,-0.494,-3.676,0,-0.494,-3.676,0
"28:HA-28:HG1"," HA  LYS    28 "," HG1 LYS    28 ",423,428,0.000301299503860104,0.000301299503860104,1,3.86218966390829,3.86218966390829,3.86218966390829,3.86218966390829,3.14018491736755e-15,-2.797,-2.356,-1.242,-2.797,-2.35600000000001,-1.242
"28:HB1-28:HG1"," HB1 LYS    28 "," HG1 LYS    28 ",425,428,0.00622230415936063,0.00622230415936064,1,2.33171138865855,2.33171138865855,2.33171138865855,2.33171138865856,9.93013661298909e-16,-2.265,-0.523000000000003,0.181999999999999,-2.265,-0.52300000000001,0.181999999999995
"28:HB2-28:HG1"," HB2 LYS    28 "," HG1 LYS    28 ",426,428,0.00510408278019827,0.00510408278019827,1,2.40998153519897,2.40998153519897,2.40998153519897,2.40998153519898,3.76822190084106e-15,-1.183,-1.769,1.131,-1.183,-1.76900000000001,1.131
"25:HA-28:HG2"," HA  THR    25 "," HG2 LYS    28 ",384,429,0.000480977484470233,0.000480977484470233,1,3.57255734733538,3.57255734733538,3.57255734733538,3.57255734733538,0,2.546,-0.879000000000005,2.347,2.546,-0.879000000000005,2.347
"27:H-28:HG2"," H   GLU    27 "," HG2 LYS    28 ",406,429,0.000131289486968179,0.000131289486968179,1,4.43569498500518,4.43569498500518,4.43569498500517,4.43569498500518,5.02429586778808e-15,0.773999999999994,-4.367,0.0749999999999993,0.773999999999994,-4.36700000000001,0.0749999999999957
"27:HB1-28:HG2"," HB1 GLU    27 "," HG2 LYS    28 ",410,429,0.000607896464872036,0.000607896464872036,1,3.43580412712949,3.43580412712949,3.43580412712949,3.43580412712949,4.39625888431457e-15,0.686,-2.873,-1.755,0.686,-2.87300000000001,-1.755
"27:HG2-28:HG2"," HG2 GLU    27 "," HG2 LYS    28 ",414,429,6.83213089549127e-05,6.83213089549127e-05,1,4.94584654028004,4.94584654028004,4.94584654028004,4.94584654028004,3.20237283398938e-15,-1.245,-3.158,-3.597,-1.245,-3.15800000000001,-3.597
"28:H-28:HG2"," H   LYS    28 "," HG2 LYS    28 ",421,429,0.0079642556429755,0.0079642556429755,1,2.23773747343159,2.23773747343159,2.23773747343159,2.23773747343159,0,-1.042,-1.971,0.192,-1.042,-1.971,0.192
"28:HA-28:HG2"," HA  LYS    28 "," HG2 LYS    28 ",423,429,0.000486426808504011,0.000486426808504011,1,3.5658555775578,3.5658555775578,3.5658555775578,3.5658555775578,9.93013661298909e-16,-3.34500000000001,-0.651000000000003,-1.05,-3.34500000000001,-0.65100000000001,-1.05
"28:HB1-28:HG2"," HB1 LYS    28 "," HG2 LYS    28 ",425,429,0.00118497407386305,0.00118497407386305,1,3.07408018763337,3.07408018763337,3.07408018763336,3.07408018763337,2.51214793389404e-15,-2.813,1.182,0.373999999999999,-2.813,1.18199999999999,0.373999999999995
"28:HB2-28:HG2"," HB2 LYS    28 "," HG2 LYS    28 ",426,429,0.00932617576384951,0.00932617576384951,1,2.17962978507819,2.17962978507819,2.17962978507819,2.17962978507819,0,-1.731,-0.0640000000000001,1.323,-1.731,-0.0640000000000072,1.323
"27:HB1-28:HD1"," HB1 GLU    27 "," HD1 LYS    28 ",410,431,0.000626792796158284,0.000626792796158284,1,3.41831961641974,3.41831961641974,3.41831961641974,3.41831961641974,4.44089209850063e-16,1.868,-2.811,0.542000000000002,1.868,-2.811,0.542000000000005
"27:HG1-28:HD1"," HG1 GLU    27 "," HD1 LYS    28 ",413,431,7.39788383660809e-05,7.39788383660809e-05,1,4.8806996424693,4.8806996424693,4.8806996424693,4.88069964246931,1.25607396694702e-15,0.933,-4.366,-1.972,0.933,-4.366,-1.972
"27:HG2-28:HD1"," HG2 GLU    27 "," HD1 LYS    28 ",414,431,0.000696894184017495,0.000696894184017495,1,3.35844979119831,3.35844979119831,3.35844979119831,3.35844979119831,9.93013661298909e-16,-0.0630000000000024,-3.096,-1.3,-0.0630000000000024,-3.096,-1.3
"28:H-28:HD1"," H   LYS    28 "," HD1 LYS    28 ",421,431,0.00104352086195172,0.00104352086195172,1,3.13990477562616,3.13990477562616,3.13990477562616,3.13990477562617,9.93013661298909e-16,0.140000000000001,-1.909,2.489,0.140000000000001,-1.90899999999999,2.489
"28:HA-28:HD1"," HA  LYS    28 "," HD1 LYS    28 ",423,431,0.00350932441291061,0.00350932441291061,1,2.56524833105881,2.56524833105881,2.56524833105881,2.56524833105881,1.25607396694702e-15,-2.163,-0.588999999999999,1.247,-2.163,-0.588999999999999,1.247
"28:HB1-28:HD1"," HB1 LYS    28 "," HD1 LYS    28 ",425,431,0.000685390677949787,0.000685390677949787,1,3.36777938707392,3.36777938707392,3.36777938707392,3.36777938707392,0,-1.631,1.244,2.671,-1.631,1.244,2.671
"28:HB2-28:HD1"," HB2 LYS    28 "," HD1 LYS    28 ",426,431,0.000415069963036445,0.000415069963036445,1,3.66139386026688,3.66139386026688,3.66139386026688,3.66139386026688,2.51214793389404e-15,-0.548999999999999,-0.00199999999999534,3.62,-0.548999999999999,-0.00199999999999534,3.62
"28:HG1-28:HD1"," HG1 LYS    28 "," HD1 LYS    28 ",428,431,0.00108914622441055,0.00108914622441055,1,3.11758977416851,3.11758977416851,3.1175897741685,3.11758977416851,4.72073305456828e-15,0.634,1.767,2.489,0.634,1.76700000000001,2.489
"28:HG2-28:HD1"," HG2 LYS    28 "," HD1 LYS    28 ",429,431,0.00335908763088716,0.00335908763088716,1,2.58402341320663,2.58402341320663,2.58402341320662,2.58402341320663,2.51214793389404e-15,1.182,0.0620000000000047,2.297,1.182,0.0620000000000118,2.297
"27:HB1-28:HD2"," HB1 GLU    27 "," HD2 LYS    28 ",410,432,6.4191999102657e-05,6.4191999102657e-05,1,4.99750437718668,4.99750437718668,4.99750437718668,4.99750437718669,5.02429586778808e-15,2.5,-4.319,0.267000000000003,2.5,-4.31900000000001,0.267000000000007
"27:HG2-28:HD2"," HG2 GLU    27 "," HD2 LYS    28 ",414,432,7.23270952726263e-05,7.23270952726263e-05,1,4.89910216264164,4.89910216264164,4.89910216264164,4.89910216264165,4.44089209850063e-15,0.568999999999996,-4.604,-1.575,0.568999999999996,-4.60400000000001,-1.575
"28:H-28:HD2"," H   LYS    28 "," HD2 LYS    28 ",421,432,0.000197428904383983,0.000197428904383983,1,4.14411257086484,4.14411257086484,4.14411257086484,4.14411257086484,1.25607396694702e-15,0.771999999999998,-3.417,2.214,0.771999999999998,-3.417,2.21400000000001
"28:HA-28:HD2"," HA  LYS    28 "," HD2 LYS    28 ",423,432,0.00220228111549946,0.00220228111549946,1,2.77239138651094,2.77239138651094,2.77239138651094,2.77239138651094,4.39625888431457e-15,-1.53100000000001,-2.097,0.972000000000001,-1.53100000000001,-2.09700000000001,0.972000000000005
"28:HB1-28:HD2"," HB1 LYS    28 "," HD2 LYS    28 ",425,432,0.00316842321653031,0.00316842321653031,1,2.60931274476633,2.60931274476633,2.60931274476633,2.60931274476633,4.44089209850063e-16,-0.999000000000002,-0.264000000000003,2.396,-0.999000000000002,-0.26400000000001,2.396
"28:HB2-28:HD2"," HB2 LYS    28 "," HD2 LYS    28 ",426,432,0.000408616255370144,0.000408616255370144,1,3.67096908186381,3.67096908186381,3.67096908186381,3.67096908186381,4.39625888431457e-15,0.0829999999999984,-1.51,3.345,0.0829999999999984,-1.51000000000001,3.34500000000001
"28:HG1-28:HD2"," HG1 LYS    28 "," HD2 LYS    28 ",428,432,0.00352354720908709,0.00352354720908709,1,2.56351965079264,2.56351965079264,2.56351965079264,2.56351965079264,2.22044604925031e-15,1.266,0.259,2.214,1.266,0.259,2.21400000000001
"28:HG2-28:HD2"," HG2 LYS    28 "," HD2 LYS    28 ",429,432,0.00117747206725178,0.00117747206725178,1,3.07733586077308,3.07733586077308,3.07733586077308,3.07733586077308,1.60118641699469e-15,1.814,-1.446,2.022,1.814,-1.446,2.02200000000001
"27:HB1-28:HE1"," HB1 GLU    27 "," HE1 LYS    28 ",410,434,7.05002755242754e-05,7.05002755242754e-05,1,4.92003506085069,4.92003506085069,4.92003506085068,4.92003506085069,5.68711676634668e-15,0.518000000000001,-4.586,1.705,0.518000000000001,-4.58600000000001,1.70500000000001
"28:HA-28:HE1"," HA  LYS    28 "," HE1 LYS    28 ",423,434,7.47619330073954e-05,7.47619330073954e-05,1,4.87214172618162,4.87214172618162,4.87214172618162,4.87214172618163,3.76822190084106e-15,-3.51300000000001,-2.364,2.41,-3.51300000000001,-2.364,2.41
"28:HB1-28:HE1"," HB1 LYS    28 "," HE1 LYS    28 ",425,434,7.35459178172851e-05,7.35459178172851e-05,1,4.88547623062481,4.88547623062481,4.88547623062481,4.88547623062481,8.88178419700125e-16,-2.981,-0.530999999999999,3.834,-2.981,-0.531000000000006,3.834
"28:HG1-28:HE1"," HG1 LYS    28 "," HE1 LYS    28 ",428,434,0.000376415272867415,0.000376415272867415,1,3.7215351671051,3.7215351671051,3.7215351671051,3.72153516710511,2.51214793389404e-15,-0.716000000000001,-0.00799999999999557,3.652,-0.716000000000001,-0.00799999999999557,3.652
"28:HG2-28:HE1"," HG2 LYS    28 "," HE1 LYS    28 ",429,434,0.000300230438996498,0.000300230438996498,1,3.86447836065878,3.86447836065878,3.86447836065878,3.86447836065878,2.22044604925031e-15,-0.167999999999999,-1.71299999999999,3.46,-0.167999999999999,-1.71299999999999,3.46
"28:HD1-28:HE1"," HD1 LYS    28 "," HE1 LYS    28 ",431,434,0.00395071281939537,0.00395071281939537,1,2.51509323882834,2.51509323882834,2.51509323882833,2.51509323882834,3.46844760730509e-15,-1.35,-1.775,1.163,-1.35,-1.77500000000001,1.163
"28:HD2-28:HE1"," HD2 LYS    28 "," HE1 LYS    28 ",432,434,0.0044769256141823,0.0044769256141823,1,2.46322085895682,2.46322085895682,2.46322085895682,2.46322085895682,0,-1.982,-0.266999999999996,1.438,-1.982,-0.266999999999996,1.438
"28:HB1-28:HE2"," HB1 LYS    28 "," HE2 LYS    28 ",425,435,0.000170718780874956,0.000170718780874956,1,4.24573727401967,4.24573727401967,4.24573727401967,4.24573727401967,1.25607396694702e-15,-3.382,-1.2,2.269,-3.382,-1.20000000000001,2.269
"28:HB2-28:HE2"," HB2 LYS    28 "," HE2 LYS    28 ",426,435,9.8838105345288e-05,9.8838105345288e-05,1,4.65063866581785,4.65063866581785,4.65063866581784,4.65063866581785,4.44089209850063e-15,-2.3,-2.446,3.218,-2.3,-2.44600000000001,3.218
"28:HG1-28:HE2"," HG1 LYS    28 "," HE2 LYS    28 ",428,435,0.00448994448721626,0.00448994448721626,1,2.46202904125845,2.46202904125845,2.46202904125845,2.46202904125845,1.88411095042053e-15,-1.117,-0.677,2.087,-1.117,-0.677,2.087
"28:HG2-28:HE2"," HG2 LYS    28 "," HE2 LYS    28 ",429,435,0.00113427784077768,0.00113427784077768,1,3.09656422507268,3.09656422507268,3.09656422507268,3.09656422507268,1.60118641699469e-15,-0.568999999999996,-2.382,1.895,-0.568999999999996,-2.382,1.895
"28:HD1-28:HE2"," HD1 LYS    28 "," HE2 LYS    28 ",431,435,0.00128390113689115,0.00128390113689115,1,3.03327232539382,3.03327232539382,3.03327232539382,3.03327232539382,4.09430021321672e-15,-1.751,-2.444,-0.402000000000001,-1.751,-2.44400000000001,-0.402000000000001
"28:HD2-28:HE2"," HD2 LYS    28 "," HE2 LYS    28 ",432,435,0.00352470399229819,0.00352470399229819,1,2.56337941007569,2.56337941007569,2.56337941007569,2.56337941007569,0,-2.383,-0.936,-0.127000000000002,-2.383,-0.936,-0.127000000000002
"26:HA-29:H"," HA  ALA    26 "," H   ALA    29 ",398,443,0.00035977591310775,0.00035977591310775,1,3.74968385334017,3.74968385334017,3.74968385334017,3.74968385334017,0,2.52699999999999,-2.292,1.556,2.52699999999999,-2.292,1.556
"27:H-29:H"," H   GLU    27 "," H   ALA    29 ",406,443,0.000124699526169515,0.000124699526169515,1,4.47393015144403,4.47393015144403,4.47393015144403,4.47393015144403,0,3.64899999999999,-1.901,-1.757,3.64899999999999,-1.901,-1.757
"27:HA-29:H"," HA  GLU    27 "," H   ALA    29 ",408,443,0.000105825379451125,0.000105825379451125,1,4.59799358416255,4.59799358416255,4.59799358416255,4.59799358416255,0,1.60599999999999,-2.678,-3.375,1.60599999999999,-2.678,-3.375
"28:H-29:H"," H   LYS    28 "," H   ALA    29 ",421,443,0.00400971392279685,0.00400971392279685,1,2.50888700423116,2.50888700423116,2.50888700423116,2.50888700423116,6.2803698347351e-16,1.833,0.494999999999997,-1.64,1.833,0.495000000000005,-1.64
"28:HA-29:H"," HA  LYS    28 "," H   ALA    29 ",423,443,0.000605385406162289,0.000605385406162289,1,3.4381752427705,3.4381752427705,3.4381752427705,3.4381752427705,1.88411095042053e-15,-0.470000000000006,1.815,-2.882,-0.470000000000006,1.815,-2.882
"28:HB1-29:H"," HB1 LYS    28 "," H   ALA    29 ",425,443,0.000271811655332807,0.000271811655332807,1,3.92905993845856,3.92905993845856,3.92905993845856,3.92905993845856,0,0.0619999999999976,3.648,-1.458,0.0619999999999976,3.648,-1.458
"28:HB2-29:H"," HB2 LYS    28 "," H   ALA    29 ",426,443,0.00253145193004388,0.00253145193004388,1,2.70876743187746,2.70876743187746,2.70876743187746,2.70876743187746,4.44089209850063e-16,1.144,2.402,-0.509,1.144,2.402,-0.508999999999997
"28:HG2-29:H"," HG2 LYS    28 "," H   ALA    29 ",429,443,0.000180243255938293,0.000180243255938293,1,4.20749390968068,4.20749390968068,4.20749390968068,4.20749390968068,1.25607396694702e-15,2.875,2.466,-1.832,2.875,2.46600000000001,-1.832
"28:HA-29:HA"," HA  LYS    28 "," HA  ALA    29 ",423,445,9.30402500419823e-05,9.30402500419823e-05,1,4.69773147380733,4.69773147380733,4.69773147380733,4.69773147380733,1.98602732259782e-15,2.104,1.163,-4.036,2.104,1.163,-4.036
"28:HB1-29:HA"," HB1 LYS    28 "," HA  ALA    29 ",425,445,8.49619378901404e-05,8.49619378901404e-05,1,4.76938738204394,4.76938738204394,4.76938738204394,4.76938738204394,0,2.636,2.996,-2.612,2.636,2.996,-2.612
"28:HB2-29:HA"," HB2 LYS    28 "," HA  ALA    29 ",426,445,0.000131767017843054,0.000131767017843054,1,4.43301173018976,4.43301173018976,4.43301173018976,4.43301173018976,8.88178419700125e-16,3.718,1.75,-1.663,3.718,1.75,-1.663
"29:H-29:HA"," H   ALA    29 "," HA  ALA    29 ",443,445,0.00169789575135255,0.00169789575135255,1,2.8952195080857,2.8952195080857,2.8952195080857,2.8952195080857,0,2.57400000000001,-0.652000000000001,-1.154,2.57400000000001,-0.652000000000001,-1.154
"26:HA-30:H"," HA  ALA    26 "," H   PHE    30 ",398,453,0.0001200394223847,0.0001200394223847,1,4.50242012699837,4.50242012699837,4.50242012699837,4.50242012699837,0,3.857,-0.213000000000001,2.313,3.857,-0.213000000000001,2.313
"27:HA-30:H"," HA  GLU    27 "," H   PHE    30 ",408,453,0.000251956226007078,0.000251956226007078,1,3.97904775040461,3.97904775040461,3.97904775040461,3.97904775040461,0,2.936,-0.599000000000004,-2.618,2.936,-0.599000000000004,-2.618
"28:H-30:H"," H   LYS    28 "," H   PHE    30 ",421,453,0.000189506274103639,0.000189506274103639,1,4.17249733373193,4.17249733373193,4.17249733373192,4.17249733373193,2.51214793389404e-15,3.163,2.574,-0.882999999999999,3.163,2.57400000000001,-0.882999999999996
"28:HA-30:H"," HA  LYS    28 "," H   PHE    30 ",423,453,0.000117471086402897,0.000117471086402897,1,4.51867912115919,4.51867912115919,4.51867912115919,4.51867912115919,1.25607396694702e-15,0.859999999999999,3.894,-2.125,0.859999999999999,3.894,-2.125
"29:H-30:H"," H   ALA    29 "," H   PHE    30 ",443,453,0.00337876423397942,0.00337876423397942,1,2.58150924848237,2.58150924848237,2.58150924848237,2.58150924848237,0,1.33000000000001,2.079,0.757000000000001,1.33000000000001,2.079,0.757000000000001
"29:HA-30:H"," HA  ALA    29 "," H   PHE    30 ",445,453,0.000493086893951613,0.000493086893951613,1,3.55778273648069,3.55778273648069,3.55778273648069,3.55778273648069,0,-1.244,2.731,1.911,-1.244,2.731,1.911
"5:HB1-30:HA"," HB1 LEU     5 "," HA  PHE    30 ",85,455,7.62880977204878e-05,7.62880977204878e-05,1,4.85575987874195,4.85575987874195,4.85575987874195,4.85575987874195,0,-0.613999999999997,-4.792,-0.488,-0.613999999999997,-4.792,-0.488
"5:HB2-30:HA"," HB2 LEU     5 "," HA  PHE    30 ",86,455,0.000237137193743358,0.000237137193743358,1,4.01945083313628,4.01945083313628,4.01945083313628,4.01945083313628,0,0.793999999999997,-3.843,-0.869999999999997,0.793999999999997,-3.843,-0.869999999999997
"29:HA-30:HA"," HA  ALA    29 "," HA  PHE    30 ",445,455,6.79023416929447e-05,6.79023416929447e-05,1,4.95091961154693,4.95091961154693,4.95091961154693,4.95091961154693,0,1.184,4.282,2.185,1.184,4.282,2.185
"30:H-30:HA"," H   PHE    30 "," HA  PHE    30 ",453,455,0.00170181213278384,0.00170181213278384,1,2.89410798001733,2.89410798001733,2.89410798001733,2.89410798001733,0,2.428,1.551,0.274000000000001,2.428,1.551,0.274000000000001
"5:HA-30:HB1"," HA  LEU     5 "," HB1 PHE    30 ",83,457,7.60553052906673e-05,7.60553052906673e-05,1,4.85823383545914,4.85823383545914,4.85823383545914,4.85823383545914,0,0.0140000000000029,-4.832,-0.503999999999998,0.0140000000000029,-4.832,-0.503999999999998
"5:HB1-30:HB1"," HB1 LEU     5 "," HB1 PHE    30 ",85,457,9.89874007669254e-05,9.89874007669254e-05,1,4.64946889440074,4.64946889440074,4.64946889440074,4.64946889440074,0,-2.14599999999999,-3.879,1.402,-2.14599999999999,-3.879,1.402
"5:HB2-30:HB1"," HB2 LEU     5 "," HB1 PHE    30 ",86,457,0.000950701798381382,0.000950701798381382,1,3.18903496374687,3.18903496374687,3.18903496374687,3.18903496374687,0,-0.738,-2.93,1.02,-0.738,-2.93,1.02
"27:HA-30:HB1"," HA  GLU    27 "," HB1 PHE    30 ",408,457,0.000161351984685266,0.000161351984685266,1,4.2858563905012,4.2858563905012,4.2858563905012,4.2858563905012,0,3.832,1.86499999999999,-0.453999999999997,3.832,1.86499999999999,-0.453999999999997
"30:H-30:HB1"," H   PHE    30 "," HB1 PHE    30 ",453,457,0.000647834031502022,0.000647834031502022,1,3.39955997152573,3.39955997152573,3.39955997152573,3.39955997152573,0,0.896000000000001,2.464,2.164,0.896000000000001,2.464,2.164
"30:HA-30:HB1"," HA  PHE    30 "," HB1 PHE    30 ",455,457,0.00324764823412737,0.00324764823412737,1,2.59859442776282,2.59859442776282,2.59859442776282,2.59859442776282,0,-1.532,0.912999999999997,1.89,-1.532,0.912999999999997,1.89
"5:HB2-30:HB2"," HB2 LEU     5 "," HB2 PHE    30 ",86,458,0.000110616263009256,0.000110616263009256,1,4.56418777001999,4.56418777001999,4.56418777001999,4.56418777001999,0,-1.904,-4.125,0.437000000000001,-1.904,-4.125,0.437000000000001
"27:H-30:HB2"," H   GLU    27 "," HB2 PHE    30 ",406,458,6.71234454185853e-05,6.71234454185853e-05,1,4.96044866922337,4.96044866922337,4.96044866922337,4.96044866922337,0,4.709,1.447,0.581,4.709,1.447,0.581
"27:HA-30:HB2"," HA  GLU    27 "," HB2 PHE    30 ",408,458,0.00155486296436106,0.00155486296436106,1,2.93799676650604,2.93799676650604,2.93799676650604,2.93799676650604,0,2.666,0.669999999999995,-1.037,2.666,0.669999999999995,-1.037
"27:HG2-30:HB2"," HG2 GLU    27 "," HB2 PHE    30 ",414,458,7.37604372966978e-05,7.37604372966978e-05,1,4.88310526202333,4.88310526202333,4.88310526202333,4.88310526202334,1.98602732259782e-15,2.69,2.656,-3.091,2.69,2.656,-3.091
"28:H-30:HB2"," H   LYS    28 "," HB2 PHE    30 ",421,458,7.58346861469044e-05,7.58346861469044e-05,1,4.86058659011441,4.86058659011441,4.8605865901144,4.86058659011441,4.44089209850063e-15,2.893,3.843,0.698,2.893,3.843,0.698000000000004
"29:H-30:HB2"," H   ALA    29 "," HB2 PHE    30 ",443,458,0.000177344203137037,0.000177344203137037,1,4.21887994614684,4.21887994614684,4.21887994614684,4.21887994614684,0,1.06,3.348,2.338,1.06,3.348,2.338
"30:H-30:HB2"," H   PHE    30 "," HB2 PHE    30 ",453,458,0.0136644403547255,0.0136644403547255,1,2.04519485624231,2.04519485624231,2.04519485624231,2.04519485624231,0,-0.270000000000003,1.269,1.581,-0.270000000000003,1.269,1.581
"30:HA-30:HB2"," HA  PHE    30 "," HB2 PHE    30 ",455,458,0.00134156728077063,0.00134156728077063,1,3.01114214211153,3.01114214211153,3.01114214211153,3.01114214211153,0,-2.698,-0.282000000000004,1.307,-2.698,-0.282000000000004,1.307
"3:H-30:HZ"," H   TYR     3 "," HZ  PHE    30 ",38,465,0.000137477351719578,0.000137477351719578,1,4.40177804983396,4.40177804983396,4.40177804983396,4.40177804983396,1.25607396694702e-15,3.508,-0.919000000000004,2.495,3.508,-0.919000000000004,2.495
"3:HA-30:HZ"," HA  TYR     3 "," HZ  PHE    30 ",40,465,0.000107201898912518,0.000107201898912518,1,4.58810047841152,4.58810047841152,4.58810047841152,4.58810047841152,0,4.139,-1.977,-0.103999999999999,4.139,-1.977,-0.103999999999999
"3:HB1-30:HZ"," HB1 TYR     3 "," HZ  PHE    30 ",42,465,0.000455195442594023,0.000455195442594023,1,3.60551258491771,3.60551258491771,3.60551258491771,3.60551258491771,0,3.411,0.0240000000000009,-1.168,3.411,0.0240000000000009,-1.168
"3:HB2-30:HZ"," HB2 TYR     3 "," HZ  PHE    30 ",43,465,0.00142541503827826,0.00142541503827826,1,2.98087051043819,2.98087051043819,2.98087051043819,2.98087051043819,6.2803698347351e-16,2.864,0.743000000000002,0.362000000000002,2.864,0.743000000000002,0.362000000000009
"4:H-30:HZ"," H   LYS     4 "," HZ  PHE    30 ",59,465,0.000394649061161112,0.000394649061161112,1,3.6923099815698,3.69230998156981,3.6923099815698,3.69230998156981,1.25607396694702e-15,2.24100000000001,-2.336,-1.776,2.24100000000001,-2.336,-1.776
"4:HA-30:HZ"," HA  LYS     4 "," HZ  PHE    30 ",61,465,0.00500774514187001,0.00500774514187001,1,2.41764741019033,2.41764741019033,2.41764741019033,2.41764741019033,0,-0.433,-2.329,-0.482999999999997,-0.433,-2.329,-0.482999999999997
"4:HB1-30:HZ"," HB1 LYS     4 "," HZ  PHE    30 ",63,465,6.93308827285913e-05,6.93308827285913e-05,1,4.93376975547096,4.93376975547096,4.93376975547096,4.93376975547096,1.25607396694702e-15,0.766000000000005,-4.312,-2.272,0.766000000000005,-4.312,-2.27199999999999
"4:HB2-30:HZ"," HB2 LYS     4 "," HZ  PHE    30 ",64,465,0.00012506761812487,0.00012506761812487,1,4.4717328855825,4.4717328855825,4.4717328855825,4.4717328855825,0,0.493000000000002,-4.415,-0.510999999999999,0.493000000000002,-4.415,-0.510999999999996
"4:HG1-30:HZ"," HG1 LYS     4 "," HZ  PHE    30 ",66,465,7.2247354021113e-05,7.2247354021113e-05,1,4.90000295918278,4.90000295918278,4.90000295918278,4.90000295918278,8.88178419700125e-16,-2.08199999999999,-4.293,-1.116,-2.08199999999999,-4.293,-1.116
"5:H-30:HZ"," H   LEU     5 "," HZ  PHE    30 ",81,465,0.000664777792023831,0.000664777792023831,1,3.38496292446461,3.38496292446461,3.38496292446461,3.38496292446461,0,-2.17299999999999,-1.962,-1.699,-2.17299999999999,-1.962,-1.699
"5:HB1-30:HZ"," HB1 LEU     5 "," HZ  PHE    30 ",85,465,8.67207422098567e-05,8.67207422098567e-05,1,4.75312791748759,4.75312791748759,4.75312791748759,4.75312791748759,1.25607396694702e-15,-3.95399999999999,-0.203000000000003,-2.63,-3.95399999999999,-0.203000000000003,-2.63
"5:HB2-30:HZ"," HB2 LEU     5 "," HZ  PHE    30 ",86,465,0.000239139117304502,0.000239139117304502,1,4.01382311518582,4.01382311518582,4.01382311518582,4.01382311518582,1.98602732259782e-15,-2.546,0.746000000000002,-3.012,-2.546,0.746000000000002,-3.01199999999999
"17:H-30:HZ"," H   THR    17 "," HZ  PHE    30 ",269,465,8.46477471267718e-05,8.46477471267718e-05,1,4.77233328676864,4.77233328676864,4.77233328676864,4.77233328676864,8.88178419700125e-16,-3.81999999999999,-0.866999999999997,2.726,-3.81999999999999,-0.866999999999997,2.726
"17:HA-30:HZ"," HA  THR    17 "," HZ  PHE    30 ",271,465,0.0033860161168839,0.0033860161168839,1,2.5805869487386,2.5805869487386,2.5805869487386,2.5805869487386,6.2803698347351e-16,-1.15799999999999,-1.657,1.604,-1.15799999999999,-1.657,1.604
"17:HB-30:HZ"," HB  THR    17 "," HZ  PHE    30 ",273,465,7.96199781465582e-05,7.96199781465582e-05,1,4.82128706882301,4.82128706882301,4.82128706882301,4.82128706882302,1.98602732259782e-15,-0.697999999999993,-2.598,4.001,-0.697999999999993,-2.598,4.001
"18:H-30:HZ"," H   THR    18 "," HZ  PHE    30 ",283,465,0.00344805698776397,0.00344805698776397,1,2.57278953667027,2.57278953667027,2.57278953667027,2.57278953667027,2.51214793389404e-15,0.626000000000005,-0.111000000000004,2.493,0.626000000000005,-0.111000000000004,2.49300000000001
"18:HA-30:HZ"," HA  THR    18 "," HZ  PHE    30 ",285,465,6.42896233436405e-05,6.42896233436405e-05,1,4.99623878532642,4.99623878532642,4.99623878532642,4.99623878532642,2.51214793389404e-15,0.007000000000005,1.543,4.752,0.007000000000005,1.543,4.75200000000001
"18:HB-30:HZ"," HB  THR    18 "," HZ  PHE    30 ",287,465,0.000204325012650216,0.000204325012650216,1,4.1204667211373,4.1204667211373,4.1204667211373,4.12046672113731,1.25607396694702e-15,-0.913999999999994,2.829,2.853,-0.913999999999994,2.829,2.85300000000001
"27:HA-31:H"," HA  GLU    27 "," H   LYS    31 ",408,473,0.00016537824656797,0.00016537824656797,1,4.26828689288806,4.26828689288806,4.26828689288806,4.26828689288806,0,3.946,-1.606,-0.260999999999999,3.946,-1.606,-0.260999999999999
"27:HG2-31:H"," HG2 GLU    27 "," H   LYS    31 ",414,473,0.00010399990483753,0.00010399990483753,1,4.61134741697044,4.61134741697044,4.61134741697044,4.61134741697045,1.25607396694702e-15,3.97,0.380000000000003,-2.315,3.97,0.380000000000003,-2.315
"28:H-31:H"," H   LYS    28 "," H   LYS    31 ",421,473,9.33773295460513e-05,9.33773295460513e-05,1,4.69490085092327,4.69490085092327,4.69490085092327,4.69490085092327,2.51214793389404e-15,4.173,1.567,1.474,4.173,1.56700000000001,1.474
"28:HA-31:H"," HA  LYS    28 "," H   LYS    31 ",423,473,0.000595591372632218,0.000595591372632218,1,3.44753433630471,3.44753433630471,3.44753433630472,3.44753433630472,0,1.87,2.887,0.231999999999999,1.87,2.887,0.232000000000003
"29:H-31:H"," H   ALA    29 "," H   LYS    31 ",443,473,0.00022998390341379,0.00022998390341379,1,4.04002227716631,4.04002227716631,4.04002227716631,4.04002227716631,0,2.34,1.072,3.114,2.34,1.072,3.114
"29:HA-31:H"," HA  ALA    29 "," H   LYS    31 ",445,473,0.000104319961441292,0.000104319961441292,1,4.6089864395548,4.6089864395548,4.6089864395548,4.6089864395548,0,-0.234000000000002,1.724,4.268,-0.234000000000002,1.724,4.268
"30:H-31:H"," H   PHE    30 "," H   LYS    31 ",453,473,0.00228740823667501,0.00228740823667501,1,2.75492250344724,2.75492250344724,2.75492250344724,2.75492250344724,0,1.01,-1.007,2.357,1.01,-1.007,2.357
"30:HA-31:H"," HA  PHE    30 "," H   LYS    31 ",455,473,0.00046659531761638,0.00046659531761638,1,3.59067918366428,3.59067918366428,3.59067918366428,3.59067918366428,0,-1.418,-2.558,2.083,-1.418,-2.558,2.083
"30:HB1-31:H"," HB1 PHE    30 "," H   LYS    31 ",457,473,0.00056474188335771,0.00056474188335771,1,3.47823029714825,3.47823029714825,3.47823029714825,3.47823029714825,0,0.113999999999997,-3.471,0.192999999999998,0.113999999999997,-3.471,0.192999999999998
"30:HB2-31:H"," HB2 PHE    30 "," H   LYS    31 ",458,473,0.00244712552272803,0.00244712552272803,1,2.72410572482053,2.72410572482053,2.72410572482053,2.72410572482053,0,1.28,-2.276,0.776,1.28,-2.276,0.776
"30:HA-31:HA"," HA  PHE    30 "," HA  LYS    31 ",455,475,9.71385488319011e-05,9.71385488319011e-05,1,4.66410227160597,4.66410227160597,4.66410227160597,4.66410227160597,0,0.674999999999997,-2.343,3.976,0.674999999999997,-2.343,3.976
"30:HB1-31:HA"," HB1 PHE    30 "," HA  LYS    31 ",457,475,0.000128363197345175,0.000128363197345175,1,4.45239048152787,4.45239048152787,4.45239048152787,4.45239048152787,0,2.20699999999999,-3.256,2.086,2.20699999999999,-3.256,2.086
"30:HB2-31:HA"," HB2 PHE    30 "," HA  LYS    31 ",458,475,8.49467566229263e-05,8.49467566229263e-05,1,4.76952943171546,4.76952943171546,4.76952943171546,4.76952943171546,0,3.373,-2.061,2.669,3.373,-2.061,2.669
"31:H-31:HA"," H   LYS    31 "," HA  LYS    31 ",473,475,0.00194558367961279,0.00194558367961279,1,2.83025140226093,2.83025140226093,2.83025140226093,2.83025140226093,0,2.093,0.214999999999996,1.893,2.093,0.214999999999996,1.893
"27:HG2-31:HB1"," HG2 GLU    27 "," HB1 LYS    31 ",414,477,0.00010691080629672,0.00010691080629672,1,4.59018017075582,4.59018017075582,4.59018017075582,4.59018017075582,0,4.188,-1.611,-0.967000000000002,4.188,-1.611,-0.967000000000002
"28:HA-31:HB1"," HA  LYS    28 "," HB1 LYS    31 ",423,477,0.00222582284689759,0.00222582284689759,1,2.7674826106048,2.7674826106048,2.7674826106048,2.7674826106048,0,2.08799999999999,0.896000000000001,1.58,2.08799999999999,0.896000000000001,1.58
"28:HB1-31:HB1"," HB1 LYS    28 "," HB1 LYS    31 ",425,477,7.86916652074577e-05,7.86916652074577e-05,1,4.83072013265103,4.83072013265103,4.83072013265103,4.83072013265103,1.25607396694702e-15,2.62,2.729,3.004,2.62,2.729,3.00399999999999
"28:HD1-31:HB1"," HD1 LYS    28 "," HB1 LYS    31 ",431,477,0.000118013769344519,0.000118013769344519,1,4.51520929747448,4.51520929747448,4.51520929747448,4.51520929747448,8.88178419700125e-16,4.251,1.485,0.332999999999998,4.251,1.485,0.332999999999995
"28:HD2-31:HB1"," HD2 LYS    28 "," HB1 LYS    31 ",432,477,8.86767903401334e-05,8.86767903401334e-05,1,4.73549089324433,4.73549089324433,4.73549089324433,4.73549089324434,3.20237283398938e-15,3.619,2.993,0.607999999999997,3.619,2.99300000000001,0.607999999999993
"30:H-31:HB1"," H   PHE    30 "," HB1 LYS    31 ",453,477,7.03583284750859e-05,7.03583284750859e-05,1,4.9216880234326,4.9216880234326,4.9216880234326,4.92168802343261,1.98602732259782e-15,1.22799999999999,-2.998,3.705,1.22799999999999,-2.998,3.70499999999999
"30:HB2-31:HB1"," HB2 PHE    30 "," HB1 LYS    31 ",458,477,6.42875604457397e-05,6.42875604457397e-05,1,4.99626550535497,4.99626550535497,4.99626550535497,4.99626550535497,8.88178419700125e-16,1.498,-4.267,2.124,1.498,-4.267,2.124
"31:H-31:HB1"," H   LYS    31 "," HB1 LYS    31 ",473,477,0.00504990117571196,0.00504990117571196,1,2.4142719399438,2.4142719399438,2.4142719399438,2.4142719399438,1.60118641699469e-15,0.217999999999996,-1.991,1.348,0.217999999999996,-1.991,1.348
"31:HA-31:HB1"," HA  LYS    31 "," HB1 LYS    31 ",475,477,0.00152960052756072,0.00152960052756072,1,2.94602885254031,2.94602885254031,2.94602885254031,2.94602885254031,6.2803698347351e-16,-1.875,-2.206,-0.545000000000002,-1.875,-2.206,-0.545000000000005
"27:HA-31:HB2"," HA  GLU    27 "," HB2 LYS    31 ",408,478,7.10392208670662e-05,7.10392208670662e-05,1,4.91379425698716,4.91379425698716,4.91379425698716,4.91379425698716,1.25607396694702e-15,3.887,-2.149,2.102,3.887,-2.149,2.102
"27:HG2-31:HB2"," HG2 GLU    27 "," HB2 LYS    31 ",414,478,0.000277853622995023,0.000277853622995023,1,3.91468951514676,3.91468951514676,3.91468951514676,3.91468951514676,0,3.911,-0.162999999999997,0.0479999999999983,3.911,-0.162999999999997,0.0479999999999983
"28:HA-31:HB2"," HA  LYS    28 "," HB2 LYS    31 ",423,478,0.000268117853522965,0.000268117853522965,1,3.93803021826903,3.93803021826903,3.93803021826903,3.93803021826903,0,1.811,2.344,2.595,1.811,2.344,2.595
"30:HB1-31:HB2"," HB1 PHE    30 "," HB2 LYS    31 ",457,478,8.60775492986263e-05,8.60775492986263e-05,1,4.75902899760024,4.75902899760024,4.75902899760024,4.75902899760024,1.25607396694702e-15,0.0549999999999997,-4.014,2.556,0.0549999999999997,-4.014,2.55599999999999
"30:HB2-31:HB2"," HB2 PHE    30 "," HB2 LYS    31 ",458,478,0.000139296747937521,0.000139296747937521,1,4.39214332644097,4.39214332644097,4.39214332644097,4.39214332644097,1.98602732259782e-15,1.221,-2.819,3.139,1.221,-2.819,3.139
"31:H-31:HB2"," H   LYS    31 "," HB2 LYS    31 ",473,478,0.00491363633757063,0.00491363633757063,1,2.42530389848365,2.42530389848365,2.42530389848365,2.42530389848365,2.22044604925031e-15,-0.0589999999999975,-0.542999999999999,2.363,-0.0589999999999975,-0.542999999999999,2.363
"31:HA-31:HB2"," HA  LYS    31 "," HB2 LYS    31 ",475,478,0.00625783706862675,0.00625783706862675,1,2.32949951706369,2.32949951706369,2.32949951706369,2.32949951706369,6.2803698347351e-16,-2.15199999999999,-0.757999999999996,0.469999999999999,-2.15199999999999,-0.757999999999996,0.469999999999995
"31:H-31:HG1"," H   LYS    31 "," HG1 LYS    31 ",473,480,0.000139134015874576,0.000139134015874576,1,4.39299908946041,4.39299908946041,4.39299908946041,4.39299908946041,0,2.146,-1.311,3.602,2.146,-1.311,3.602
"31:HA-31:HG1"," HA  LYS    31 "," HG1 LYS    31 ",475,480,0.00690215436814907,0.00690215436814907,1,2.29176045868673,2.29176045868673,2.29176045868673,2.29176045868673,0,0.0530000000000044,-1.526,1.709,0.0530000000000044,-1.526,1.709
"31:HB1-31:HG1"," HB1 LYS    31 "," HG1 LYS    31 ",477,480,0.00125936891675699,0.00125936891675699,1,3.04304124191573,3.04304124191573,3.04304124191573,3.04304124191573,1.88411095042053e-15,1.928,0.68,2.254,1.928,0.68,2.254
"31:HB2-31:HG1"," HB2 LYS    31 "," HG1 LYS    31 ",478,480,0.00293179341075728,0.00293179341075728,1,2.64328772554181,2.64328772554181,2.64328772554181,2.64328772554181,9.93013661298909e-16,2.205,-0.768000000000001,1.239,2.205,-0.768000000000001,1.239
"28:HA-31:HG2"," HA  LYS    28 "," HG2 LYS    31 ",423,481,8.34057497733123e-05,8.34057497733124e-05,1,4.7841046184213,4.7841046184213,4.7841046184213,4.7841046184213,1.98602732259782e-15,3.642,-0.0330000000000013,3.102,3.642,-0.0330000000000013,3.102
"31:H-31:HG2"," H   LYS    31 "," HG2 LYS    31 ",473,481,0.00012683110610982,0.00012683110610982,1,4.46130967317894,4.46130967317894,4.46130967317894,4.46130967317894,0,1.772,-2.92,2.87,1.772,-2.92,2.87
"31:HA-31:HG2"," HA  LYS    31 "," HG2 LYS    31 ",475,481,0.000775210319890659,0.000775210319890659,1,3.29936281727245,3.29936281727245,3.29936281727245,3.29936281727245,0,-0.320999999999998,-3.135,0.977,-0.320999999999998,-3.135,0.977
"31:HB1-31:HG2"," HB1 LYS    31 "," HG2 LYS    31 ",477,481,0.00571123336128428,0.00571123336128428,1,2.36525706848115,2.36525706848115,2.36525706848114,2.36525706848115,1.60118641699469e-15,1.554,-0.929000000000002,1.522,1.554,-0.929000000000002,1.52200000000001
"31:HB2-31:HG2"," HB2 LYS    31 "," HG2 LYS    31 ",478,481,0.00125951621569387,0.00125951621569387,1,3.04298192567751,3.04298192567751,3.04298192567751,3.04298192567751,4.44089209850063e-16,1.831,-2.377,0.507000000000001,1.831,-2.377,0.507000000000005
"31:HA-31:HD1"," HA  LYS    31 "," HD1 LYS    31 ",475,483,0.000116494790966857,0.000116494790966857,1,4.52496872917371,4.52496872917371,4.52496872917371,4.52496872917371,0,-1.05,-3.02099999999999,3.201,-1.05,-3.02099999999999,3.201
"31:HB1-31:HD1"," HB1 LYS    31 "," HD1 LYS    31 ",477,483,0.000275013584290822,0.000275013584290822,1,3.92139847503413,3.92139847503413,3.92139847503413,3.92139847503414,2.22044604925031e-15,0.825000000000003,-0.814999999999998,3.746,0.825000000000003,-0.814999999999998,3.74600000000001
"31:HB2-31:HD1"," HB2 LYS    31 "," HD1 LYS    31 ",478,483,0.000381009293431662,0.000381009293431662,1,3.71401857830571,3.71401857830571,3.71401857830571,3.71401857830572,1.88411095042053e-15,1.102,-2.263,2.731,1.102,-2.263,2.73100000000001
"31:HG1-31:HD1"," HG1 LYS    31 "," HD1 LYS    31 ",480,483,0.00546365332036985,0.00546365332036985,1,2.38279205974839,2.38279205974839,2.38279205974839,2.38279205974839,0,-1.103,-1.495,1.492,-1.103,-1.495,1.492
"31:HG2-31:HD1"," HG2 LYS    31 "," HD1 LYS    31 ",481,483,0.00604139870274518,0.00604139870274518,1,2.34320571013302,2.34320571013302,2.34320571013302,2.34320571013302,0,-0.728999999999999,0.114000000000004,2.224,-0.728999999999999,0.114000000000004,2.224
"27:HG2-31:HD2"," HG2 GLU    27 "," HD2 LYS    31 ",414,484,7.25281738295411e-05,7.25281738295411e-05,1,4.89683581509529,4.89683581509529,4.89683581509529,4.8968358150953,8.88178419700125e-16,3.728,-2.736,1.611,3.728,-2.736,1.611
"28:HA-31:HD2"," HA  LYS    28 "," HD2 LYS    31 ",423,484,0.000125154082750028,0.000125154082750028,1,4.47121784304903,4.47121784304903,4.47121784304903,4.47121784304903,2.51214793389404e-15,1.628,-0.228999999999999,4.158,1.628,-0.228999999999999,4.158
"28:HD1-31:HD2"," HD1 LYS    28 "," HD2 LYS    31 ",431,484,8.24559471559692e-05,8.24559471559692e-05,1,4.79324545584722,4.79324545584722,4.79324545584722,4.79324545584722,0,3.791,0.359999999999999,2.911,3.791,0.359999999999999,2.911
"28:HD2-31:HD2"," HD2 LYS    28 "," HD2 LYS    31 ",432,484,7.58925032159261e-05,7.58925032159261e-05,1,4.85996923858578,4.85996923858578,4.85996923858578,4.85996923858578,1.98602732259782e-15,3.15900000000001,1.868,3.186,3.15900000000001,1.86800000000001,3.186
"31:HA-31:HD2"," HA  LYS    31 "," HD2 LYS    31 ",475,484,0.000113055910269319,0.000113055910269319,1,4.54762300548319,4.54762300548319,4.54762300548319,4.54762300548319,0,-2.33499999999999,-3.331,2.033,-2.33499999999999,-3.331,2.033
"31:HB1-31:HD2"," HB1 LYS    31 "," HD2 LYS    31 ",477,484,0.0018655250256046,0.0018655250256046,1,2.85014192629069,2.85014192629069,2.85014192629069,2.85014192629069,2.22044604925031e-15,-0.459999999999994,-1.125,2.578,-0.459999999999994,-1.125,2.57800000000001
"31:HB2-31:HD2"," HB2 LYS    31 "," HD2 LYS    31 ",478,484,0.00132842158096516,0.00132842158096516,1,3.01608802921931,3.01608802921931,3.01608802921931,3.01608802921931,1.25607396694702e-15,-0.183,-2.573,1.563,-0.183,-2.573,1.56300000000001
"31:HG1-31:HD2"," HG1 LYS    31 "," HD2 LYS    31 ",480,484,0.00134220312599259,0.00134220312599259,1,3.01090434919477,3.01090434919477,3.01090434919477,3.01090434919477,0,-2.388,-1.805,0.324000000000002,-2.388,-1.805,0.324000000000002
"31:HG2-31:HD2"," HG2 LYS    31 "," HD2 LYS    31 ",481,484,0.00707212372873913,0.00707212372873913,1,2.28248723983289,2.28248723983289,2.28248723983289,2.28248723983289,0,-2.014,-0.195999999999998,1.056,-2.014,-0.195999999999998,1.056
"27:HG1-31:HE1"," HG1 GLU    27 "," HE1 LYS    31 ",413,486,0.000123668127324644,0.000123668127324644,1,4.48012745354415,4.48012745354415,4.48012745354415,4.48012745354415,8.88178419700125e-16,4.078,-1.577,0.977,4.078,-1.577,0.977000000000004
"27:HG2-31:HE1"," HG2 GLU    27 "," HE1 LYS    31 ",414,486,0.000535791434706869,0.000535791434706869,1,3.50887075852047,3.50887075852047,3.50887075852047,3.50887075852047,1.25607396694702e-15,3.082,-0.306999999999995,1.649,3.082,-0.306999999999995,1.649
"28:HA-31:HE1"," HA  LYS    28 "," HE1 LYS    31 ",423,486,7.79389543464658e-05,7.79389543464658e-05,1,4.83846463250482,4.83846463250482,4.83846463250482,4.83846463250483,2.51214793389404e-15,0.981999999999999,2.2,4.196,0.981999999999999,2.2,4.19600000000001
"31:H-31:HE1"," H   LYS    31 "," HE1 LYS    31 ",473,486,0.000204485287887241,0.000204485287887241,1,4.11992827607472,4.11992827607472,4.11992827607472,4.11992827607472,0,-0.887999999999998,-0.686999999999998,3.964,-0.887999999999998,-0.686999999999998,3.964
"31:HA-31:HE1"," HA  LYS    31 "," HE1 LYS    31 ",475,486,0.000365291385580593,0.000365291385580593,1,3.74018796319115,3.74018796319115,3.74018796319115,3.74018796319115,0,-2.98099999999999,-0.901999999999994,2.071,-2.98099999999999,-0.901999999999994,2.071
"31:HB1-31:HE1"," HB1 LYS    31 "," HE1 LYS    31 ",477,486,0.00107325279980996,0.00107325279980996,1,3.1252372709924,3.1252372709924,3.1252372709924,3.1252372709924,2.22044604925031e-15,-1.10599999999999,1.304,2.616,-1.10599999999999,1.304,2.61600000000001
"31:HG1-31:HE1"," HG1 LYS    31 "," HE1 LYS    31 ",480,486,0.00108706122288594,0.00108706122288594,1,3.11858557682806,3.11858557682806,3.11858557682806,3.11858557682806,0,-3.034,0.624000000000002,0.362000000000002,-3.034,0.624000000000002,0.362000000000002
"31:HG2-31:HE1"," HG2 LYS    31 "," HE1 LYS    31 ",481,486,0.000429036964305677,0.000429036964305677,1,3.64125321833019,3.64125321833019,3.64125321833019,3.64125321833019,0,-2.66,2.233,1.094,-2.66,2.233,1.094
"31:HD1-31:HE1"," HD1 LYS    31 "," HE1 LYS    31 ",483,486,0.00116789098091375,0.00116789098091375,1,3.08152916585256,3.08152916585256,3.08152916585256,3.08152916585256,0,-1.931,2.119,-1.13,-1.931,2.119,-1.13
"31:HD2-31:HE1"," HD2 LYS    31 "," HE1 LYS    31 ",484,486,0.0039636560887751,0.0039636560887751,1,2.51372253838804,2.51372253838804,2.51372253838804,2.51372253838804,0,-0.646000000000001,2.429,0.0380000000000003,-0.646000000000001,2.429,0.0380000000000003
"31:HA-31:HE2"," HA  LYS    31 "," HE2 LYS    31 ",475,487,0.000377803303233352,0.000377803303233352,1,3.71925288196433,3.71925288196433,3.71925288196433,3.71925288196433,0,-1.821,-0.519999999999996,3.201,-1.821,-0.519999999999996,3.201
"31:HB1-31:HE2"," HB1 LYS    31 "," HE2 LYS    31 ",477,487,0.000207986377520792,0.000207986377520792,1,4.1082877211802,4.1082877211802,4.1082877211802,4.10828772118021,1.98602732259782e-15,0.054000000000002,1.686,3.746,0.054000000000002,1.686,3.74600000000001
"31:HB2-31:HE2"," HB2 LYS    31 "," HE2 LYS    31 ",478,487,0.0022560806237154,0.0022560806237154,1,2.761261668151,2.761261668151,2.76126166815099,2.761261668151,2.51214793389404e-15,0.330999999999996,0.238,2.731,0.330999999999996,0.238,2.73100000000001
"31:HG1-31:HE2"," HG1 LYS    31 "," HE2 LYS    31 ",480,487,0.00325157154252508,0.00325157154252508,1,2.59807159254706,2.59807159254706,2.59807159254706,2.59807159254706,0,-1.874,1.006,1.492,-1.874,1.006,1.492
"31:HG2-31:HE2"," HG2 LYS    31 "," HE2 LYS    31 ",481,487,0.000361758176653028,0.000361758176653028,1,3.74625159325959,3.74625159325959,3.74625159325959,3.74625159325959,0,-1.5,2.615,2.224,-1.5,2.615,2.224
"31:HD1-31:HE2"," HD1 LYS    31 "," HE2 LYS    31 ",483,487,0.00311196298409966,0.00311196298409966,1,2.61714386306905,2.61714386306905,2.61714386306905,2.61714386306905,0,-0.771000000000001,2.501,0,-0.771000000000001,2.501,0
"31:HD2-31:HE2"," HD2 LYS    31 "," HE2 LYS    31 ",484,487,0.00115531928172085,0.00115531928172085,1,3.08709264519224,3.08709264519224,3.08709264519224,3.08709264519224,0,0.513999999999996,2.811,1.168,0.513999999999996,2.811,1.168
"28:HA-32:H"," HA  LYS    28 "," H   GLN    32 ",423,495,0.000392542477022279,0.000392542477022279,1,3.69560509253897,3.69560509253897,3.69560509253897,3.69560509253897,0,3.52,0.856000000000002,-0.731000000000002,3.52,0.856000000000002,-0.731000000000002
"28:HB1-32:H"," HB1 LYS    28 "," H   GLN    32 ",425,495,7.11779763603831e-05,7.11779763603831e-05,1,4.91219645372617,4.91219645372617,4.91219645372617,4.91219645372617,8.88178419700125e-16,4.052,2.689,0.692999999999998,4.052,2.689,0.692999999999994
"29:H-32:H"," H   ALA    29 "," H   GLN    32 ",443,495,0.000101090722572996,0.000101090722572996,1,4.63320429076897,4.63320429076897,4.63320429076897,4.63320429076897,1.25607396694702e-15,3.99,-0.958999999999996,2.151,3.99,-0.958999999999996,2.151
"29:HA-32:H"," HA  ALA    29 "," H   GLN    32 ",445,495,0.000452828664236885,0.000452828664236885,1,3.6086465606928,3.6086465606928,3.6086465606928,3.6086465606928,2.51214793389404e-15,1.416,-0.306999999999995,3.305,1.416,-0.306999999999995,3.305
"30:H-32:H"," H   PHE    30 "," H   GLN    32 ",453,495,0.000164563756221066,0.000164563756221066,1,4.27180055714215,4.27180055714215,4.27180055714215,4.27180055714215,1.25607396694702e-15,2.66,-3.038,1.394,2.66,-3.038,1.39399999999999
"30:HA-32:H"," HA  PHE    30 "," H   GLN    32 ",455,495,8.93651812418956e-05,8.93651812418956e-05,1,4.72939160992193,4.72939160992193,4.72939160992193,4.72939160992193,8.88178419700125e-16,0.231999999999999,-4.589,1.12,0.231999999999999,-4.589,1.11999999999999
"31:H-32:H"," H   LYS    31 "," H   GLN    32 ",473,495,0.00212778280374003,0.00212778280374003,1,2.78833821477955,2.78833821477955,2.78833821477955,2.78833821477955,6.2803698347351e-16,1.65,-2.031,-0.963000000000001,1.65,-2.031,-0.963000000000005
"31:HA-32:H"," HA  LYS    31 "," H   GLN    32 ",475,495,0.000415842243873757,0.000415842243873757,1,3.66025969024057,3.66025969024057,3.66025969024057,3.66025969024057,1.88411095042053e-15,-0.442999999999998,-2.246,-2.856,-0.442999999999998,-2.246,-2.85600000000001
"31:HB1-32:H"," HB1 LYS    31 "," H   GLN    32 ",477,495,0.00247484254978748,0.00247484254978748,1,2.71899705774023,2.71899705774023,2.71899705774023,2.71899705774023,0,1.432,-0.0399999999999991,-2.311,1.432,-0.0399999999999991,-2.311
"31:HB2-32:H"," HB2 LYS    31 "," H   GLN    32 ",478,495,0.000235335870785543,0.000235335870785543,1,4.02456221221638,4.02456221221638,4.02456221221638,4.02456221221638,0,1.709,-1.488,-3.326,1.709,-1.488,-3.326
"31:HG1-32:H"," HG1 LYS    31 "," H   GLN    32 ",480,495,9.91788674705259e-05,9.91788674705259e-05,1,4.64797170817552,4.64797170817552,4.64797170817551,4.64797170817552,2.51214793389404e-15,-0.496000000000002,-0.719999999999999,-4.565,-0.496000000000002,-0.719999999999999,-4.565
"31:HG2-32:H"," HG2 LYS    31 "," H   GLN    32 ",481,495,0.000268688573751812,0.000268688573751812,1,3.93663485733691,3.93663485733691,3.93663485733691,3.93663485733692,2.51214793389404e-15,-0.122,0.889000000000003,-3.833,-0.122,0.889000000000003,-3.83300000000001
"31:HB1-32:HA"," HB1 LYS    31 "," HA  GLN    32 ",477,497,8.43233660737908e-05,8.43233660737908e-05,1,4.77538815176317,4.77538815176317,4.77538815176317,4.77538815176317,1.98602732259782e-15,3.98200000000001,-1.418,-2.222,3.98200000000001,-1.41800000000001,-2.222
"31:HG2-32:HA"," HG2 LYS    31 "," HA  GLN    32 ",481,497,0.0001221956698313,0.0001221956698313,1,4.48908019531842,4.48908019531842,4.48908019531841,4.48908019531842,3.20237283398938e-15,2.428,-0.488999999999997,-3.744,2.428,-0.489000000000004,-3.744
"32:H-32:HA"," H   GLN    32 "," HA  GLN    32 ",495,497,0.0016815883386076,0.0016815883386076,1,2.89988016993807,2.89988016993807,2.89988016993807,2.89988016993807,2.22044604925031e-15,2.55,-1.378,0.0890000000000022,2.55,-1.37800000000001,0.0890000000000022
"29:H-32:HB1"," H   ALA    29 "," HB1 GLN    32 ",443,499,6.79834848409223e-05,6.79834848409223e-05,1,4.94993424198746,4.94993424198746,4.94993424198746,4.94993424198746,1.25607396694702e-15,4.759,-1.358,-0.097999999999999,4.759,-1.358,-0.0980000000000025
"29:HA-32:HB1"," HA  ALA    29 "," HB1 GLN    32 ",445,499,0.00383660140696476,0.00383660140696476,1,2.5274091477242,2.5274091477242,2.5274091477242,2.5274091477242,4.44089209850063e-16,2.185,-0.705999999999996,1.056,2.185,-0.706000000000003,1.056
"30:H-32:HB1"," H   PHE    30 "," HB1 GLN    32 ",453,499,6.96742133394159e-05,6.96742133394159e-05,1,4.92970942348532,4.92970942348532,4.92970942348532,4.92970942348532,4.44089209850063e-15,3.42899999999999,-3.437,-0.855,3.42899999999999,-3.437,-0.855000000000004
"31:H-32:HB1"," H   LYS    31 "," HB1 GLN    32 ",473,499,9.29805273008323e-05,9.29805273008323e-05,1,4.69823424277675,4.69823424277675,4.69823424277675,4.69823424277675,4.44089209850063e-15,2.419,-2.43,-3.212,2.419,-2.43000000000001,-3.212
"32:H-32:HB1"," H   GLN    32 "," HB1 GLN    32 ",495,499,0.00510262776320635,0.00510262776320635,1,2.41009605617701,2.41009605617701,2.41009605617701,2.41009605617701,6.2803698347351e-16,0.768999999999998,-0.399000000000001,-2.249,0.768999999999998,-0.399000000000008,-2.249
"32:HA-32:HB1"," HA  GLN    32 "," HB1 GLN    32 ",497,499,0.00113146617499912,0.00113146617499912,1,3.09784538026029,3.09784538026029,3.09784538026029,3.09784538026029,0,-1.78100000000001,0.978999999999999,-2.338,-1.78100000000001,0.978999999999999,-2.338
"28:HA-32:HB2"," HA  LYS    28 "," HB2 GLN    32 ",423,500,8.31989994601887e-05,8.31989994601887e-05,1,4.78608399424832,4.78608399424832,4.78608399424832,4.78608399424832,1.25607396694702e-15,4.09,-0.990000000000002,-2.28,4.09,-0.990000000000009,-2.28
"28:HB1-32:HB2"," HB1 LYS    28 "," HB2 GLN    32 ",425,500,8.43018824429481e-05,8.43018824429481e-05,1,4.77559095819564,4.77559095819564,4.77559095819564,4.77559095819564,8.88178419700125e-16,4.622,0.842999999999996,-0.856000000000002,4.622,0.842999999999989,-0.856000000000005
"29:HA-32:HB2"," HA  ALA    29 "," HB2 GLN    32 ",445,500,0.000630308874684062,0.000630308874684062,1,3.41513411156868,3.41513411156868,3.41513411156868,3.41513411156868,1.88411095042053e-15,1.986,-2.153,1.756,1.986,-2.15300000000001,1.756
"31:HB1-32:HB2"," HB1 LYS    31 "," HB2 GLN    32 ",477,500,8.82071783861487e-05,8.82071783861487e-05,1,4.73968353373936,4.73968353373936,4.73968353373936,4.73968353373936,1.98602732259782e-15,2.002,-1.886,-3.86,2.002,-1.88600000000001,-3.86
"32:H-32:HB2"," H   GLN    32 "," HB2 GLN    32 ",495,500,0.00433700526549541,0.00433700526549541,1,2.47629097644037,2.47629097644037,2.47629097644037,2.47629097644038,3.76822190084106e-15,0.57,-1.846,-1.549,0.57,-1.84600000000001,-1.549
"32:HA-32:HB2"," HA  GLN    32 "," HB2 GLN    32 ",497,500,0.00314902042820704,0.00314902042820704,1,2.61198545172059,2.61198545172059,2.61198545172059,2.61198545172059,0,-1.98,-0.468000000000004,-1.638,-1.98,-0.468000000000004,-1.638
"32:H-32:HG1"," H   GLN    32 "," HG1 GLN    32 ",495,502,0.00013504450385719,0.00013504450385719,1,4.41489637477484,4.41489637477484,4.41489637477484,4.41489637477484,3.20237283398938e-15,3.018,-2.431,-2.115,3.018,-2.43100000000001,-2.115
"32:HA-32:HG1"," HA  GLN    32 "," HG1 GLN    32 ",497,502,0.00422557980940926,0.00422557980940926,1,2.48705629208508,2.48705629208508,2.48705629208508,2.48705629208508,0,0.467999999999996,-1.053,-2.204,0.467999999999996,-1.053,-2.204
"32:HB1-32:HG1"," HB1 GLN    32 "," HG1 GLN    32 ",499,502,0.00128212778166906,0.00128212778166906,1,3.03397116004751,3.03397116004751,3.03397116004751,3.03397116004751,0,2.249,-2.032,0.134,2.249,-2.032,0.134
"32:HB2-32:HG1"," HB2 GLN    32 "," HG1 GLN    32 ",500,502,0.00339234509735226,0.00339234509735226,1,2.57978390567892,2.57978390567892,2.57978390567892,2.57978390567892,0,2.448,-0.585000000000001,-0.565999999999999,2.448,-0.585000000000001,-0.565999999999999
"29:HA-32:HG2"," HA  ALA    29 "," HG2 GLN    32 ",445,503,0.000109050322575358,0.000109050322575358,1,4.57504644785165,4.57504644785165,4.57504644785165,4.57504644785165,1.98602732259782e-15,4.385,-1.293,0.176000000000002,4.385,-1.29300000000001,0.176000000000002
"32:H-32:HG2"," H   GLN    32 "," HG2 GLN    32 ",495,503,0.000133262657708304,0.000133262657708304,1,4.42468055344112,4.42468055344112,4.42468055344112,4.42468055344112,8.88178419700125e-16,2.969,-0.986000000000004,-3.129,2.969,-0.986000000000011,-3.12899999999999
"32:HA-32:HG2"," HA  GLN    32 "," HG2 GLN    32 ",497,503,0.00081979832517788,0.00081979832517788,1,3.26875343212057,3.26875343212057,3.26875343212056,3.26875343212057,2.22044604925031e-15,0.418999999999997,0.391999999999996,-3.218,0.418999999999997,0.391999999999996,-3.218
"32:HB1-32:HG2"," HB1 GLN    32 "," HG2 GLN    32 ",499,503,0.00472592278539443,0.00472592278539443,1,2.44109995698661,2.44109995698661,2.44109995698661,2.44109995698661,9.93013661298909e-16,2.2,-0.587000000000003,-0.879999999999999,2.2,-0.587000000000003,-0.879999999999995
"32:HB2-32:HG2"," HB2 GLN    32 "," HG2 GLN    32 ",500,503,0.00137577331186728,0.00137577331186728,1,2.99853314138763,2.99853314138763,2.99853314138763,2.99853314138764,1.60118641699469e-15,2.399,0.859999999999999,-1.58,2.399,0.859999999999999,-1.57999999999999
"32:HB1-32:HE21"," HB1 GLN    32 ","HE21 GLN    32 ",499,507,0.000126885280310785,0.000126885280310785,1,4.46099215421861,4.46099215421861,4.46099215421861,4.46099215421861,1.25607396694702e-15,2.719,-2.701,-2.283,2.719,-2.701,-2.283
"32:HB2-32:HE21"," HB2 GLN    32 ","HE21 GLN    32 ",500,507,0.000146127479174219,0.000146127479174219,1,4.35723868981262,4.35723868981262,4.35723868981262,4.35723868981262,1.98602732259782e-15,2.918,-1.254,-2.983,2.918,-1.254,-2.983
"32:HG1-32:HE21"," HG1 GLN    32 ","HE21 GLN    32 ",502,507,0.00362398998383232,0.00362398998383232,1,2.5515387514204,2.5515387514204,2.5515387514204,2.5515387514204,2.51214793389404e-15,0.469999999999999,-0.668999999999997,-2.417,0.469999999999999,-0.668999999999997,-2.417
"32:HG2-32:HE21"," HG2 GLN    32 ","HE21 GLN    32 ",503,507,0.00331482448396084,0.00331482448396084,1,2.58974245823788,2.58974245823788,2.58974245823788,2.58974245823788,0,0.518999999999998,-2.114,-1.403,0.518999999999998,-2.114,-1.403
"32:HB1-32:HE22"," HB1 GLN    32 ","HE22 GLN    32 ",499,508,8.54236112882362e-05,8.54236112882362e-05,1,4.76508163623668,4.76508163623668,4.76508163623667,4.76508163623668,1.98602732259782e-15,1.427,-3.143,-3.285,1.427,-3.143,-3.285
"32:HB2-32:HE22"," HB2 GLN    32 ","HE22 GLN    32 ",500,508,0.000102029839653206,0.000102029839653206,1,4.62606928179853,4.62606928179853,4.62606928179853,4.62606928179853,1.98602732259782e-15,1.626,-1.696,-3.985,1.626,-1.696,-3.985
"32:HG1-32:HE22"," HG1 GLN    32 ","HE22 GLN    32 ",502,508,0.000397580296138994,0.000397580296138994,1,3.68775894006102,3.68775894006102,3.68775894006102,3.68775894006102,2.22044604925031e-15,-0.822000000000003,-1.111,-3.419,-0.822000000000003,-1.111,-3.419
"32:HG2-32:HE22"," HG2 GLN    32 ","HE22 GLN    32 ",503,508,0.000464245862735624,0.000464245862735624,1,3.59370143445445,3.59370143445445,3.59370143445445,3.59370143445445,0,-0.773000000000003,-2.556,-2.405,-0.773000000000003,-2.556,-2.405
"29:HA-33:H"," HA  ALA    29 "," H   TYR    33 ",445,512,0.000244194008024529,0.000244194008024529,1,3.99985424734452,3.99985424734452,3.99985424734452,3.99985424734452,0,3.163,1.509,1.928,3.163,1.509,1.928
"30:H-33:H"," H   PHE    30 "," H   TYR    33 ",453,512,0.000109298087823451,0.000109298087823451,1,4.57331630220346,4.57331630220347,4.57331630220347,4.57331630220347,0,4.407,-1.222,0.0169999999999995,4.407,-1.222,0.0169999999999995
"30:HA-33:H"," HA  PHE    30 "," H   TYR    33 ",455,512,0.000628871687103699,0.000628871687103699,1,3.41643366685203,3.41643366685203,3.41643366685203,3.41643366685203,0,1.979,-2.773,-0.257000000000001,1.979,-2.773,-0.257000000000001
"31:H-33:H"," H   LYS    31 "," H   TYR    33 ",473,512,0.000201350822769702,0.000201350822769702,1,4.13054887393915,4.13054887393915,4.13054887393915,4.13054887393915,0,3.397,-0.215000000000003,-2.34,3.397,-0.215000000000003,-2.34
"31:HA-33:H"," HA  LYS    31 "," H   TYR    33 ",475,512,0.000128755928161951,0.000128755928161951,1,4.45012415557139,4.45012415557139,4.45012415557139,4.45012415557139,0,1.304,-0.43,-4.233,1.304,-0.43,-4.233
"32:H-33:H"," H   GLN    32 "," H   TYR    33 ",495,512,0.00178349114171379,0.00178349114171379,1,2.87158388350401,2.87158388350401,2.87158388350401,2.87158388350401,1.25607396694702e-15,1.747,1.816,-1.377,1.747,1.816,-1.377
"32:HA-33:H"," HA  GLN    32 "," H   TYR    33 ",497,512,0.000455628512179656,0.000455628512179656,1,3.60494119230813,3.60494119230813,3.60494119230813,3.60494119230814,3.46844760730509e-15,-0.803000000000004,3.194,-1.466,-0.803000000000004,3.194,-1.466
"32:HB1-33:H"," HB1 GLN    32 "," H   TYR    33 ",499,512,0.00344205210213839,0.00344205210213839,1,2.5735370601567,2.5735370601567,2.5735370601567,2.57353706015671,5.34754222183067e-15,0.978000000000002,2.215,0.872,0.978000000000002,2.215,0.872000000000003
"32:HB2-33:H"," HB2 GLN    32 "," H   TYR    33 ",500,512,0.00030690368012066,0.00030690368012066,1,3.85034504947284,3.85034504947284,3.85034504947284,3.85034504947284,4.72073305456828e-15,1.177,3.662,0.172000000000001,1.177,3.66200000000001,0.172000000000004
"32:HG1-33:H"," HG1 GLN    32 "," H   TYR    33 ",502,512,0.00012137614497666,0.00012137614497666,1,4.49411771096397,4.49411771096397,4.49411771096397,4.49411771096397,5.02429586778808e-15,-1.271,4.247,0.738,-1.271,4.24700000000001,0.738000000000003
"32:HG2-33:H"," HG2 GLN    32 "," H   TYR    33 ",503,512,0.000522715786600464,0.000522715786600464,1,3.52334954269372,3.52334954269372,3.52334954269371,3.52334954269372,3.76822190084106e-15,-1.222,2.802,1.752,-1.222,2.80200000000001,1.752
"32:HA-33:HA"," HA  GLN    32 "," HA  TYR    33 ",497,514,9.07842684166854e-05,9.07842684166854e-05,1,4.71698940003049,4.71698940003049,4.71698940003049,4.71698940003049,2.51214793389404e-15,1.878,3.672,-2.289,1.878,3.672,-2.289
"32:HB1-33:HA"," HB1 GLN    32 "," HA  TYR    33 ",499,514,0.000113680484862046,0.000113680484862046,1,4.54344924038995,4.54344924038995,4.54344924038995,4.54344924038996,3.20237283398938e-15,3.65900000000001,2.693,0.0489999999999995,3.65900000000001,2.693,0.049000000000003
"32:HG1-33:HA"," HG1 GLN    32 "," HA  TYR    33 ",502,514,6.95117776955731e-05,6.95117776955731e-05,1,4.93162752040339,4.93162752040339,4.93162752040338,4.93162752040339,5.02429586778808e-15,1.41,4.725,-0.0850000000000009,1.41,4.72500000000001,-0.0849999999999973
"32:HG2-33:HA"," HG2 GLN    32 "," HA  TYR    33 ",503,514,0.00038466293894271,0.00038466293894271,1,3.70811569398799,3.70811569398799,3.70811569398799,3.70811569398799,4.39625888431457e-15,1.459,3.28,0.928999999999998,1.459,3.28000000000001,0.928999999999998
"33:H-33:HA"," H   TYR    33 "," HA  TYR    33 ",512,514,0.0018861619281645,0.0018861619281645,1,2.84492073703294,2.84492073703294,2.84492073703294,2.84492073703294,0,2.681,0.478000000000002,-0.823,2.681,0.478000000000002,-0.823
"30:H-33:HB1"," H   PHE    30 "," HB1 TYR    33 ",453,516,6.5056418789824e-05,6.5056418789824e-05,1,4.98637543712865,4.98637543712865,4.98637543712866,4.98637543712866,0,4.836,1.212,-0.0899999999999999,4.836,1.212,-0.0899999999999999
"30:HA-33:HB1"," HA  PHE    30 "," HB1 TYR    33 ",455,516,0.00452502742449519,0.00452502742449519,1,2.45883732686813,2.45883732686813,2.45883732686813,2.45883732686813,0,2.408,-0.338999999999999,-0.364000000000001,2.408,-0.338999999999999,-0.364000000000001
"30:HB1-33:HB1"," HB1 PHE    30 "," HB1 TYR    33 ",457,516,9.175034800824e-05,9.175034800824e-05,1,4.70867497285595,4.70867497285595,4.70867497285595,4.70867497285595,0,3.94,-1.252,-2.254,3.94,-1.252,-2.254
"32:H-33:HB1"," H   GLN    32 "," HB1 TYR    33 ",495,516,6.40020582841296e-05,6.40020582841296e-05,1,4.99997319992818,4.99997319992818,4.99997319992818,4.99997319992818,8.88178419700125e-16,2.176,4.25,-1.484,2.176,4.25,-1.48399999999999
"32:HB1-33:HB1"," HB1 GLN    32 "," HB1 TYR    33 ",499,516,7.07513675495401e-05,7.07513675495401e-05,1,4.91712060051409,4.91712060051409,4.91712060051409,4.9171206005141,5.68711676634668e-15,1.407,4.649,0.765000000000001,1.407,4.64900000000001,0.765000000000004
"33:H-33:HB1"," H   TYR    33 "," HB1 TYR    33 ",512,516,0.00436293275104186,0.00436293275104186,1,2.47383224976958,2.47383224976958,2.47383224976958,2.47383224976958,0,0.429000000000002,2.434,-0.106999999999999,0.429000000000002,2.434,-0.106999999999999
"33:HA-33:HB1"," HA  TYR    33 "," HB1 TYR    33 ",514,516,0.00120010111123617,0.00120010111123617,1,3.06758797754849,3.06758797754849,3.06758797754849,3.06758797754849,0,-2.252,1.956,0.716000000000001,-2.252,1.956,0.716000000000001
"30:HA-33:HB2"," HA  PHE    30 "," HB2 TYR    33 ",455,517,0.000497705176234892,0.000497705176234892,1,3.55225914032183,3.55225914032183,3.55225914032183,3.55225914032183,0,2.846,-0.972999999999999,-1.89,2.846,-0.972999999999999,-1.89
"32:HB1-33:HB2"," HB1 GLN    32 "," HB2 TYR    33 ",499,517,0.000123081657920053,0.000123081657920053,1,4.48367828908365,4.48367828908365,4.48367828908364,4.48367828908365,4.44089209850063e-15,1.84500000000001,4.015,-0.760999999999999,1.84500000000001,4.01500000000001,-0.760999999999996
"32:HG2-33:HB2"," HG2 GLN    32 "," HB2 TYR    33 ",503,517,0.000103210663054942,0.000103210663054942,1,4.6172058650227,4.6172058650227,4.6172058650227,4.61720586502271,4.44089209850063e-15,-0.354999999999997,4.602,0.119,-0.354999999999997,4.60200000000001,0.119
"33:H-33:HB2"," H   TYR    33 "," HB2 TYR    33 ",512,517,0.00338761977983136,0.00338761977983136,1,2.58038330485996,2.58038330485996,2.58038330485996,2.58038330485996,0,0.867000000000004,1.8,-1.633,0.867000000000004,1.8,-1.633
"33:HA-33:HB2"," HA  TYR    33 "," HB2 TYR    33 ",514,517,0.00541577563459049,0.00541577563459049,1,2.38629000752214,2.38629000752214,2.38629000752214,2.38629000752214,0,-1.814,1.322,-0.809999999999999,-1.814,1.322,-0.809999999999999
"30:HA-34:H"," HA  PHE    30 "," H   ALA    34 ",455,533,0.000233065326786604,0.000233065326786604,1,4.03107045336595,4.03107045336595,4.03107045336595,4.03107045336595,0,3.134,-1.482,2.057,3.134,-1.482,2.057
"31:H-34:H"," H   LYS    31 "," H   ALA    34 ",473,533,9.54790975449644e-05,9.54790975449644e-05,1,4.67751600745524,4.67751600745524,4.67751600745524,4.67751600745524,0,4.552,1.076,-0.0259999999999998,4.552,1.076,-0.0259999999999998
"31:HA-34:H"," HA  LYS    31 "," H   ALA    34 ",475,533,0.000871143894770066,0.000871143894770066,1,3.23582493345979,3.23582493345979,3.23582493345979,3.23582493345979,0,2.459,0.861000000000004,-1.919,2.459,0.861000000000004,-1.919
"31:HG1-34:H"," HG1 LYS    31 "," H   ALA    34 ",480,533,6.67732733958948e-05,6.67732733958948e-05,1,4.96477481865996,4.96477481865996,4.96477481865996,4.96477481865996,0,2.406,2.387,-3.628,2.406,2.387,-3.628
"32:H-34:H"," H   GLN    32 "," H   ALA    34 ",495,533,0.000146880654757734,0.000146880654757734,1,4.3535068622893,4.3535068622893,4.3535068622893,4.3535068622893,8.88178419700125e-16,2.902,3.107,0.937000000000001,2.902,3.107,0.937000000000005
"32:HA-34:H"," HA  GLN    32 "," H   ALA    34 ",497,533,0.000108626555193817,0.000108626555193817,1,4.57801627345295,4.57801627345295,4.57801627345295,4.57801627345295,5.02429586778808e-15,0.351999999999997,4.485,0.847999999999999,0.351999999999997,4.48500000000001,0.848000000000003
"33:H-34:H"," H   TYR    33 "," H   ALA    34 ",512,533,0.00171440547162185,0.00171440547162185,1,2.89055392615326,2.89055392615326,2.89055392615326,2.89055392615326,0,1.155,1.291,2.314,1.155,1.291,2.314
"33:HA-34:H"," HA  TYR    33 "," H   ALA    34 ",514,533,0.000473454217913428,0.000473454217913428,1,3.5819567278235,3.5819567278235,3.5819567278235,3.5819567278235,0,-1.526,0.813000000000002,3.137,-1.526,0.813000000000002,3.137
"33:HB1-34:H"," HB1 TYR    33 "," H   ALA    34 ",516,533,0.00219489499379907,0.00219489499379907,1,2.77394412344589,2.77394412344589,2.77394412344589,2.77394412344589,0,0.725999999999999,-1.143,2.421,0.725999999999999,-1.143,2.421
"33:HB2-34:H"," HB2 TYR    33 "," H   ALA    34 ",517,533,0.000247800716349439,0.000247800716349439,1,3.99009197888971,3.99009197888971,3.99009197888971,3.99009197888971,0,0.287999999999997,-0.509,3.947,0.287999999999997,-0.509,3.947
"7:HG12-34:HA","HG12 ILE     7 "," HA  ALA    34 ",127,535,8.59886307256926e-05,8.59886307256926e-05,1,4.75984884213774,4.75984884213774,4.75984884213774,4.75984884213774,0,1.141,-4.182,-1.966,1.141,-4.182,-1.966
"33:HB1-34:HA"," HB1 TYR    33 "," HA  ALA    34 ",516,535,8.97118269194744e-05,8.97118269194744e-05,1,4.72634097373433,4.72634097373433,4.72634097373433,4.72634097373433,0,2.821,0.262999999999998,3.783,2.821,0.262999999999998,3.783
"34:H-34:HA"," H   ALA    34 "," HA  ALA    34 ",533,535,0.00179986988825709,0.00179986988825709,1,2.86721206052151,2.86721206052151,2.86721206052151,2.86721206052151,0,2.095,1.406,1.362,2.095,1.406,1.362
"31:HA-35:H"," HA  LYS    31 "," H   ASN    35 ",475,543,0.000220946831060546,0.000220946831060546,1,4.06710486710142,4.06710486710142,4.06710486710142,4.06710486710142,0,3.80200000000001,-1.317,-0.593,3.80200000000001,-1.317,-0.593000000000004
"31:HG1-35:H"," HG1 LYS    31 "," H   ASN    35 ",480,543,0.00013700511827278,0.00013700511827278,1,4.40430312308315,4.40430312308315,4.40430312308315,4.40430312308315,1.25607396694702e-15,3.749,0.208999999999996,-2.302,3.749,0.208999999999996,-2.302
"31:HG2-35:H"," HG2 LYS    31 "," H   ASN    35 ",481,543,8.47148163724522e-05,8.47148163724523e-05,1,4.77170336462778,4.77170336462778,4.77170336462778,4.77170336462778,8.88178419700125e-16,4.123,1.818,-1.57,4.123,1.818,-1.57
"32:H-35:H"," H   GLN    32 "," H   ASN    35 ",495,543,7.22996825644046e-05,7.22996825644046e-05,1,4.8994116993778,4.8994116993778,4.8994116993778,4.8994116993778,0,4.245,0.928999999999995,2.263,4.245,0.928999999999995,2.263
"32:HA-35:H"," HA  GLN    32 "," H   ASN    35 ",497,543,0.000463506856310214,0.000463506856310214,1,3.5946557554236,3.5946557554236,3.59465575542359,3.5946557554236,3.46844760730509e-15,1.695,2.307,2.174,1.695,2.307,2.174
"33:H-35:H"," H   TYR    33 "," H   ASN    35 ",512,543,0.000119957991209929,0.000119957991209929,1,4.50292937985929,4.5029293798593,4.50292937985929,4.5029293798593,2.51214793389404e-15,2.498,-0.887,3.64,2.498,-0.887,3.64
"33:HA-35:H"," HA  TYR    33 "," H   ASN    35 ",514,543,9.63228648434972e-05,9.63228648434972e-05,1,4.67066194452135,4.67066194452135,4.67066194452135,4.67066194452136,2.51214793389404e-15,-0.183,-1.365,4.463,-0.183,-1.365,4.463
"34:H-35:H"," H   ALA    34 "," H   ASN    35 ",533,543,0.00174536214992016,0.00174536214992016,1,2.88194534993293,2.88194534993293,2.88194534993293,2.88194534993293,1.25607396694702e-15,1.343,-2.178,1.326,1.343,-2.178,1.326
"34:HA-35:H"," HA  ALA    34 "," H   ASN    35 ",535,543,0.00041450841763173,0.00041450841763173,1,3.66222009169302,3.66222009169302,3.66222009169302,3.66222009169302,0,-0.751999999999995,-3.584,-0.0360000000000014,-0.751999999999995,-3.584,-0.0360000000000049
"34:HA-35:HA"," HA  ALA    34 "," HA  ASN    35 ",535,545,8.61413398129408e-05,8.61413398129408e-05,1,4.75844144652427,4.75844144652427,4.75844144652427,4.75844144652427,0,1.56,-4.226,1.533,1.56,-4.226,1.533
"35:H-35:HA"," H   ASN    35 "," HA  ASN    35 ",543,545,0.00180094486461322,0.00180094486461322,1,2.86692675176747,2.86692675176747,2.86692675176747,2.86692675176747,1.25607396694702e-15,2.312,-0.641999999999996,1.569,2.312,-0.641999999999996,1.569
"32:HA-35:HB1"," HA  GLN    32 "," HB1 ASN    35 ",497,547,0.000120750345145731,0.000120750345145731,1,4.49799121831068,4.49799121831068,4.49799121831068,4.49799121831068,8.88178419700125e-16,3.433,-0.800000000000004,2.794,3.433,-0.799999999999997,2.794
"35:H-35:HB1"," H   ASN    35 "," HB1 ASN    35 ",543,547,0.000449077005687759,0.000449077005687759,1,3.6136536912106,3.6136536912106,3.6136536912106,3.6136536912106,4.44089209850063e-16,1.738,-3.107,0.620000000000001,1.738,-3.107,0.620000000000005
"35:HA-35:HB1"," HA  ASN    35 "," HB1 ASN    35 ",545,547,0.00256393577184147,0.00256393577184147,1,2.70301720305292,2.70301720305292,2.70301720305292,2.70301720305292,0,-0.573999999999998,-2.465,-0.948999999999998,-0.573999999999998,-2.465,-0.948999999999998
"32:HA-35:HB2"," HA  GLN    32 "," HB2 ASN    35 ",497,548,0.00170419644626993,0.00170419644626993,1,2.8934327363877,2.8934327363877,2.8934327363877,2.8934327363877,1.25607396694702e-15,2.287,-0.0399999999999991,1.772,2.287,-0.039999999999992,1.772
"32:HG1-35:HB2"," HG1 GLN    32 "," HB2 ASN    35 ",502,548,0.000122347419343399,0.000122347419343399,1,4.4881517354029,4.4881517354029,4.48815173540289,4.4881517354029,3.20237283398938e-15,1.819,1.01300000000001,3.976,1.819,1.01300000000001,3.976
"35:H-35:HB2"," H   ASN    35 "," HB2 ASN    35 ",543,548,0.00458255087549085,0.00458255087549085,1,2.45366603269475,2.45366603269475,2.45366603269474,2.45366603269475,6.2803698347351e-16,0.591999999999999,-2.34699999999999,-0.402000000000001,0.591999999999999,-2.34699999999999,-0.401999999999997
"35:HA-35:HB2"," HA  ASN    35 "," HB2 ASN    35 ",545,548,0.00107882402151008,0.00107882402151008,1,3.1225415929976,3.1225415929976,3.1225415929976,3.1225415929976,0,-1.72,-1.705,-1.971,-1.72,-1.705,-1.971
"31:HG2-35:HD21"," HG2 LYS    31 ","HD21 ASN    35 ",481,552,0.000149897487423157,0.000149897487423157,1,4.33877978238122,4.33877978238122,4.33877978238122,4.33877978238122,0,3.631,-2.268,-0.705000000000002,3.631,-2.268,-0.705000000000002
"32:HA-35:HD21"," HA  GLN    32 ","HD21 ASN    35 ",497,552,0.000376599031072496,0.000376599031072496,1,3.7212324571303,3.7212324571303,3.7212324571303,3.7212324571303,4.44089209850063e-16,1.203,-1.779,3.039,1.203,-1.779,3.039
"35:H-35:HD21"," H   ASN    35 ","HD21 ASN    35 ",543,552,0.000180773323864077,0.000180773323864077,1,4.20543517367703,4.20543517367703,4.20543517367703,4.20543517367704,8.88178419700125e-16,-0.492000000000004,-4.086,0.864999999999998,-0.492000000000004,-4.086,0.865000000000002
"35:HA-35:HD21"," HA  ASN    35 ","HD21 ASN    35 ",545,552,0.000120979046582728,0.000120979046582728,1,4.49657291723375,4.49657291723375,4.49657291723375,4.49657291723375,0,-2.804,-3.444,-0.704000000000001,-2.804,-3.444,-0.704000000000001
"35:HB1-35:HD21"," HB1 ASN    35 ","HD21 ASN    35 ",547,552,0.00464967339901906,0.00464967339901906,1,2.44772670043043,2.44772670043043,2.44772670043043,2.44772670043043,0,-2.23,-0.978999999999999,0.244999999999997,-2.23,-0.978999999999999,0.244999999999997
"35:HB2-35:HD21"," HB2 ASN    35 ","HD21 ASN    35 ",548,552,0.00511344024375707,0.00511344024375707,1,2.40924594012318,2.40924594012318,2.40924594012318,2.40924594012318,0,-1.084,-1.739,1.267,-1.084,-1.739,1.267
"31:HG1-35:HD22"," HG1 LYS    31 ","HD22 ASN    35 ",480,553,0.000202034470301331,0.000202034470301331,1,4.12821607961599,4.12821607961599,4.12821607961599,4.12821607961599,4.44089209850063e-15,2.372,-3.378,-0.0700000000000003,2.372,-3.37800000000001,-0.0700000000000003
"31:HG2-35:HD22"," HG2 LYS    31 ","HD22 ASN    35 ",481,553,0.000729588860478051,0.000729588860478051,1,3.33288478648753,3.33288478648753,3.33288478648753,3.33288478648753,2.84355838317334e-15,2.746,-1.769,0.661999999999999,2.746,-1.76900000000001,0.661999999999999
"31:HD1-35:HD22"," HD1 LYS    31 ","HD22 ASN    35 ",483,553,0.000169731802913383,0.000169731802913383,1,4.24984211471438,4.24984211471438,4.24984211471438,4.24984211471439,1.98602732259782e-15,3.475,-1.883,-1.562,3.475,-1.88300000000001,-1.562
"32:HA-35:HD22"," HA  GLN    32 ","HD22 ASN    35 ",497,553,0.000105663139908237,0.000105663139908237,1,4.59916949024495,4.59916949024495,4.59916949024495,4.59916949024495,2.51214793389404e-15,0.317999999999998,-1.28,4.406,0.317999999999998,-1.28,4.406
"35:H-35:HD22"," H   ASN    35 ","HD22 ASN    35 ",543,553,0.000129915248158372,0.000129915248158372,1,4.4434808427628,4.4434808427628,4.4434808427628,4.4434808427628,5.02429586778808e-15,-1.377,-3.587,2.232,-1.377,-3.587,2.232
"35:HA-35:HD22"," HA  ASN    35 ","HD22 ASN    35 ",545,553,8.52510255383583e-05,8.52510255383583e-05,1,4.76668805356508,4.76668805356508,4.76668805356507,4.76668805356508,3.20237283398938e-15,-3.689,-2.945,0.663,-3.689,-2.94500000000001,0.663
"35:HB1-35:HD22"," HB1 ASN    35 ","HD22 ASN    35 ",547,553,0.000508067332220098,0.000508067332220098,1,3.54008036631939,3.54008036631939,3.54008036631939,3.54008036631939,9.93013661298909e-16,-3.115,-0.479999999999997,1.612,-3.115,-0.480000000000004,1.612
"35:HB2-35:HD22"," HB2 ASN    35 ","HD22 ASN    35 ",548,553,0.000530558918469425,0.000530558918469425,1,3.51461477263156,3.51461477263156,3.51461477263156,3.51461477263157,1.88411095042053e-15,-1.969,-1.24,2.634,-1.969,-1.24000000000001,2.634
"32:HA-36:H"," HA  GLN    32 "," H   ASP    36 ",497,557,0.000233381270500441,0.000233381270500441,1,4.0301604186434,4.0301604186434,4.0301604186434,4.03016041864341,2.51214793389404e-15,3.48,2.017,0.251999999999999,3.48,2.017,0.252000000000002
"32:HG1-36:H"," HG1 GLN    32 "," H   ASP    36 ",502,557,6.77581488636135e-05,6.77581488636135e-05,1,4.95267402521103,4.95267402521103,4.95267402521103,4.95267402521103,5.02429586778808e-15,3.012,3.07,2.456,3.012,3.07000000000001,2.456
"32:HG2-36:H"," HG2 GLN    32 "," H   ASP    36 ",503,557,7.18765558965539e-05,7.18765558965539e-05,1,4.90420696953136,4.90420696953136,4.90420696953136,4.90420696953136,1.25607396694702e-15,3.061,1.625,3.47,3.061,1.62500000000001,3.47
"33:H-36:H"," H   TYR    33 "," H   ASP    36 ",512,557,8.5707087271238e-05,8.5707087271238e-05,1,4.76245125959311,4.76245125959311,4.76245125959311,4.76245125959311,0,4.283,-1.177,1.718,4.283,-1.177,1.718
"33:HA-36:H"," HA  TYR    33 "," H   ASP    36 ",514,557,0.000614531699507043,0.000614531699507043,1,3.42959327034562,3.42959327034562,3.42959327034562,3.42959327034562,0,1.602,-1.655,2.541,1.602,-1.655,2.541
"34:H-36:H"," H   ALA    34 "," H   ASP    36 ",533,557,0.000233880680670189,0.000233880680670189,1,4.02872486030009,4.02872486030009,4.02872486030009,4.02872486030009,0,3.128,-2.468,-0.596,3.128,-2.468,-0.596
"34:HA-36:H"," HA  ALA    34 "," H   ASP    36 ",535,557,0.000126727070360458,0.000126727070360458,1,4.46191987825869,4.46191987825869,4.46191987825869,4.46191987825869,0,1.033,-3.874,-1.958,1.033,-3.874,-1.958
"35:H-36:H"," H   ASN    35 "," H   ASP    36 ",543,557,0.00296037818860243,0.00296037818860243,1,2.63901667292952,2.63901667292952,2.63901667292952,2.63901667292952,1.88411095042053e-15,1.785,-0.289999999999999,-1.922,1.785,-0.289999999999999,-1.922
"35:HA-36:H"," HA  ASN    35 "," H   ASP    36 ",545,557,0.000501251746610464,0.000501251746610464,1,3.54805777855998,3.54805777855998,3.54805777855998,3.54805777855998,0,-0.527000000000001,0.351999999999997,-3.491,-0.527000000000001,0.351999999999997,-3.491
"35:HB1-36:H"," HB1 ASN    35 "," H   ASP    36 ",547,557,0.000334935515966921,0.000334935515966921,1,3.79466230381572,3.79466230381572,3.79466230381572,3.79466230381572,0,0.046999999999997,2.817,-2.542,0.046999999999997,2.817,-2.542
"35:HB2-36:H"," HB2 ASN    35 "," H   ASP    36 ",548,557,0.0019790617469522,0.0019790617469522,1,2.82221508748004,2.82221508748004,2.82221508748004,2.82221508748004,0,1.193,2.057,-1.52,1.193,2.057,-1.52
"35:HA-36:HA"," HA  ASN    35 "," HA  ASP    36 ",545,559,0.000113746495198765,0.000113746495198765,1,4.5430096852197,4.5430096852197,4.5430096852197,4.5430096852197,0,2.051,-0.280000000000001,-4.044,2.051,-0.280000000000001,-4.044
"35:HB1-36:HA"," HB1 ASN    35 "," HA  ASP    36 ",547,559,0.000104303477458764,0.000104303477458764,1,4.60910783124023,4.60910783124023,4.60910783124023,4.60910783124023,0,2.625,2.185,-3.095,2.625,2.185,-3.095
"35:HB2-36:HA"," HB2 ASN    35 "," HA  ASP    36 ",548,559,0.000115256727221335,0.000115256727221335,1,4.53303375235614,4.53303375235614,4.53303375235614,4.53303375235614,0,3.771,1.425,-2.073,3.771,1.425,-2.073
"36:H-36:HA"," H   ASP    36 "," HA  ASP    36 ",557,559,0.00251712363880332,0.00251712363880332,1,2.71133122284977,2.71133122284977,2.71133122284977,2.71133122284977,0,2.578,-0.631999999999998,-0.553000000000001,2.578,-0.631999999999998,-0.553000000000001
"33:HA-36:HB1"," HA  TYR    33 "," HB1 ASP    36 ",514,561,0.000337003710260946,0.000337003710260946,1,3.79077102975107,3.79077102975107,3.79077102975107,3.79077102975107,0,3.688,-0.839999999999996,-0.250999999999998,3.688,-0.839999999999996,-0.250999999999998
"36:H-36:HB1"," H   ASP    36 "," HB1 ASP    36 ",557,561,0.000475622730716901,0.000475622730716901,1,3.57922966572417,3.57922966572417,3.57922966572418,3.57922966572418,0,2.086,0.815000000000005,-2.792,2.086,0.815000000000005,-2.792
"36:HA-36:HB1"," HA  ASP    36 "," HB1 ASP    36 ",559,561,0.00251951136427385,0.00251951136427385,1,2.71090280165114,2.71090280165114,2.71090280165114,2.71090280165114,0,-0.492000000000004,1.447,-2.239,-0.492000000000004,1.447,-2.239
"32:HG2-36:HB2"," HG2 GLN    32 "," HB2 ASP    36 ",503,562,0.000107376207535307,0.000107376207535307,1,4.58685829299315,4.58685829299315,4.58685829299315,4.58685829299315,0,3.642,2.471,1.292,3.642,2.471,1.292
"33:H-36:HB2"," H   TYR    33 "," HB2 ASP    36 ",512,562,7.25222216367554e-05,7.25222216367554e-05,1,4.89690279666648,4.89690279666648,4.89690279666648,4.89690279666649,8.88178419700125e-16,4.864,-0.330999999999996,-0.460000000000001,4.864,-0.331000000000003,-0.460000000000001
"33:HA-36:HB2"," HA  TYR    33 "," HB2 ASP    36 ",514,562,0.00584403593518537,0.00584403593518537,1,2.35621285116604,2.35621285116604,2.35621285116604,2.35621285116604,1.60118641699469e-15,2.183,-0.808999999999997,0.363,2.183,-0.809000000000005,0.363
"33:HB2-36:HB2"," HB2 TYR    33 "," HB2 ASP    36 ",517,562,9.5296791139032e-05,9.5296791139032e-05,1,4.67900619790143,4.67900619790143,4.67900619790143,4.67900619790143,2.51214793389404e-15,3.997,-2.131,1.173,3.997,-2.13100000000001,1.173
"34:H-36:HB2"," H   ALA    34 "," HB2 ASP    36 ",533,562,7.15958195755079e-05,7.15958195755079e-05,1,4.90740674898668,4.90740674898668,4.90740674898668,4.90740674898668,1.25607396694702e-15,3.709,-1.622,-2.774,3.709,-1.62200000000001,-2.774
"35:H-36:HB2"," H   ASN    35 "," HB2 ASP    36 ",543,562,8.52985776647615e-05,8.52985776647614e-05,1,4.76624506294001,4.76624506294001,4.76624506294001,4.76624506294001,2.51214793389404e-15,2.366,0.556000000000004,-4.1,2.366,0.555999999999997,-4.1
"36:H-36:HB2"," H   ASP    36 "," HB2 ASP    36 ",557,562,0.00513332621894362,0.00513332621894362,1,2.40768789505617,2.40768789505617,2.40768789505617,2.40768789505617,1.88411095042053e-15,0.581000000000003,0.846000000000004,-2.178,0.581000000000003,0.845999999999997,-2.178
"36:HA-36:HB2"," HA  ASP    36 "," HB2 ASP    36 ",559,562,0.00146086890479455,0.00146086890479455,1,2.96868960991209,2.96868960991209,2.96868960991209,2.96868960991209,2.51214793389404e-15,-1.997,1.478,-1.625,-1.997,1.47799999999999,-1.625
"33:HA-37:H"," HA  TYR    33 "," H   ASN    37 ",514,569,0.000142664235923132,0.000142664235923132,1,4.37469198915763,4.37469198915763,4.37469198915763,4.37469198915763,0,3.02,0.733000000000004,3.079,3.02,0.733000000000004,3.079
"34:H-37:H"," H   ALA    34 "," H   ASN    37 ",533,569,0.000113137868189817,0.000113137868189817,1,4.54707378431448,4.54707378431448,4.54707378431448,4.54707378431448,0,4.546,-0.0799999999999983,-0.0579999999999998,4.546,-0.0799999999999983,-0.0579999999999998
"34:HA-37:H"," HA  ALA    34 "," H   ASN    37 ",535,569,0.000933509598059642,0.000933509598059642,1,3.19874928683071,3.19874928683071,3.19874928683071,3.19874928683071,0,2.451,-1.486,-1.42,2.451,-1.486,-1.42
"35:H-37:H"," H   ASN    35 "," H   ASN    37 ",543,569,0.000219553134817613,0.000219553134817613,1,4.07139644348226,4.07139644348226,4.07139644348226,4.07139644348226,1.25607396694702e-15,3.203,2.09800000000001,-1.384,3.203,2.09800000000001,-1.384
"35:HA-37:H"," HA  ASN    35 "," H   ASN    37 ",545,569,0.000202764522586148,0.000202764522586148,1,4.12573508601801,4.12573508601801,4.12573508601801,4.12573508601801,0,0.890999999999998,2.74,-2.953,0.890999999999998,2.74,-2.953
"36:H-37:H"," H   ASP    36 "," H   ASN    37 ",557,569,0.00195114001784494,0.00195114001784494,1,2.82890650252001,2.82890650252001,2.82890650252001,2.82890650252001,0,1.418,2.38800000000001,0.538,1.418,2.38800000000001,0.538
"36:HA-37:H"," HA  ASP    36 "," H   ASN    37 ",559,569,0.000631422385273539,0.000631422385273539,1,3.41412961089646,3.41412961089646,3.41412961089646,3.41412961089646,0,-1.16,3.02,1.091,-1.16,3.02,1.091
"36:HB1-37:H"," HB1 ASP    36 "," H   ASN    37 ",561,569,0.000363694274618647,0.000363694274618647,1,3.74292038387139,3.74292038387139,3.74292038387139,3.74292038387139,0,-0.667999999999999,1.573,3.33,-0.667999999999999,1.573,3.33
"36:HB2-37:H"," HB2 ASP    36 "," H   ASN    37 ",562,569,0.000875042726725304,0.000875042726725304,1,3.23341754185877,3.23341754185877,3.23341754185877,3.23341754185877,2.22044604925031e-15,0.836999999999996,1.542,2.716,0.836999999999996,1.54200000000001,2.716
"36:HA-37:HA"," HA  ASP    36 "," HA  ASN    37 ",559,571,0.000106367463933276,0.000106367463933276,1,4.59407977727857,4.59407977727858,4.59407977727858,4.59407977727858,0,1.388,4.352,0.489000000000001,1.388,4.352,0.489000000000001
"36:HB1-37:HA"," HB1 ASP    36 "," HA  ASN    37 ",561,571,0.000136634499050055,0.000136634499050055,1,4.40629197852344,4.40629197852344,4.40629197852344,4.40629197852344,0,1.88,2.90499999999999,2.728,1.88,2.90499999999999,2.728
"36:HB2-37:HA"," HB2 ASP    36 "," HA  ASN    37 ",562,571,7.067222443008e-05,7.067222443008e-05,1,4.91803792177327,4.91803792177327,4.91803792177327,4.91803792177328,2.51214793389404e-15,3.385,2.874,2.114,3.385,2.874,2.114
"37:H-37:HA"," H   ASN    37 "," HA  ASN    37 ",569,571,0.00155642737354773,0.00155642737354773,1,2.93750438297545,2.93750438297545,2.93750438297545,2.93750438297545,0,2.548,1.33199999999999,-0.602,2.548,1.33199999999999,-0.602
"12:HB1-37:HB1"," HB1 LEU    12 "," HB1 ASN    37 ",196,573,0.0001747643093462,0.0001747643093462,1,4.22919661401548,4.22919661401548,4.22919661401548,4.22919661401548,0,-1.842,-2.132,-3.154,-1.842,-2.132,-3.154
"12:HB2-37:HB1"," HB2 LEU    12 "," HB1 ASN    37 ",197,573,7.17384771636979e-05,7.17384771636979e-05,1,4.9057789391696,4.9057789391696,4.9057789391696,4.9057789391696,3.76822190084106e-15,-3.537,-2.133,-2.647,-3.53700000000001,-2.133,-2.647
"12:HG-37:HB1"," HG  LEU    12 "," HB1 ASN    37 ",199,573,0.000100649308151651,0.000100649308151651,1,4.6365847344786,4.6365847344786,4.6365847344786,4.6365847344786,3.76822190084106e-15,-2.665,-3.742,-0.626999999999999,-2.66500000000001,-3.742,-0.627000000000002
"34:HA-37:HB1"," HA  ALA    34 "," HB1 ASN    37 ",535,573,0.000192718808790706,0.000192718808790706,1,4.16082371652537,4.16082371652537,4.16082371652537,4.16082371652537,0,3.558,1.869,-1.077,3.558,1.869,-1.077
"37:H-37:HB1"," H   ASN    37 "," HB1 ASN    37 ",569,573,0.00050001041733894,0.00050001041733894,1,3.54952433432988,3.54952433432988,3.54952433432988,3.54952433432988,0,1.107,3.355,0.343,1.107,3.355,0.343
"37:HA-37:HB1"," HA  ASN    37 "," HB1 ASN    37 ",571,573,0.00283929425119608,0.00283929425119608,1,2.65744896470281,2.65744896470281,2.65744896470281,2.65744896470281,0,-1.441,2.023,0.945,-1.441,2.023,0.945
"34:H-37:HB2"," H   ALA    34 "," HB2 ASN    37 ",533,574,7.23857270331684e-05,7.23857270331684e-05,1,4.89844056818085,4.89844056818085,4.89844056818085,4.89844056818085,0,4.324,2.3,0.088000000000001,4.324,2.3,0.088000000000001
"34:HA-37:HB2"," HA  ALA    34 "," HB2 ASN    37 ",535,574,0.00247704522005751,0.00247704522005751,1,2.71859393804959,2.71859393804959,2.71859393804959,2.71859393804959,0,2.229,0.893999999999998,-1.274,2.229,0.893999999999998,-1.274
"36:H-37:HB2"," H   ASP    36 "," HB2 ASN    37 ",557,574,6.69107494776878e-05,6.69107494776878e-05,1,4.9630732414503,4.9630732414503,4.9630732414503,4.9630732414503,0,1.196,4.768,0.684000000000001,1.196,4.768,0.684000000000001
"36:HB2-37:HB2"," HB2 ASP    36 "," HB2 ASN    37 ",562,574,7.27796303452863e-05,7.27796303452863e-05,1,4.89401195339774,4.89401195339774,4.89401195339774,4.89401195339775,3.76822190084106e-15,0.614999999999995,3.922,2.862,0.614999999999995,3.922,2.862
"37:H-37:HB2"," H   ASN    37 "," HB2 ASN    37 ",569,574,0.00530151181098341,0.00530151181098341,1,2.3947860029656,2.3947860029656,2.3947860029656,2.3947860029656,0,-0.222000000000001,2.38,0.146000000000001,-0.222000000000001,2.38,0.146000000000001
"37:HA-37:HB2"," HA  ASN    37 "," HB2 ASN    37 ",571,574,0.0012309947597748,0.0012309947597748,1,3.05462076205869,3.05462076205869,3.05462076205869,3.05462076205869,0,-2.77,1.048,0.748000000000001,-2.77,1.048,0.748000000000001
"33:HA-37:HD21"," HA  TYR    33 ","HD21 ASN    37 ",514,578,0.000676570343993647,0.000676570343993647,1,3.37505748099199,3.37505748099199,3.37505748099199,3.37505748099199,0,2.52,2.097,0.802,2.52,2.097,0.802
"33:HB1-37:HD21"," HB1 TYR    33 ","HD21 ASN    37 ",516,578,8.43796440694458e-05,8.43796440694458e-05,1,4.77485717063872,4.77485717063872,4.77485717063872,4.77485717063872,0,4.772,0.140999999999998,0.0859999999999985,4.772,0.140999999999998,0.0859999999999985
"33:HB2-37:HD21"," HB2 TYR    33 ","HD21 ASN    37 ",517,578,9.41359303302673e-05,9.41359303302673e-05,1,4.68857387699074,4.68857387699074,4.68857387699074,4.68857387699074,0,4.334,0.774999999999999,1.612,4.334,0.774999999999999,1.612
"34:H-37:HD21"," H   ALA    34 ","HD21 ASN    37 ",533,578,7.73402169868666e-05,7.73402169868666e-05,1,4.84468750282203,4.84468750282203,4.84468750282203,4.84468750282203,0,4.046,1.284,-2.335,4.046,1.284,-2.335
"34:HA-37:HD21"," HA  ALA    34 ","HD21 ASN    37 ",535,578,0.000186938203184527,0.000186938203184527,1,4.18199641319789,4.18199641319789,4.18199641319789,4.18199641319789,0,1.951,-0.122,-3.697,1.951,-0.122,-3.697
"36:H-37:HD21"," H   ASP    36 ","HD21 ASN    37 ",557,578,0.000173068041160982,0.000173068041160982,1,4.23607707673031,4.23607707673031,4.23607707673031,4.23607707673031,0,0.917999999999999,3.752,-1.739,0.917999999999999,3.752,-1.739
"36:HA-37:HD21"," HA  ASP    36 ","HD21 ASN    37 ",559,578,7.82301967937764e-05,7.82301967937764e-05,1,4.83545778598056,4.83545778598056,4.83545778598056,4.83545778598056,0,-1.66,4.384,-1.186,-1.66,4.384,-1.186
"36:HB1-37:HD21"," HB1 ASP    36 ","HD21 ASN    37 ",561,578,0.000731388640824724,0.000731388640824724,1,3.33151647151863,3.33151647151863,3.33151647151864,3.33151647151864,0,-1.168,2.937,1.053,-1.168,2.937,1.053
"36:HB2-37:HD21"," HB2 ASP    36 ","HD21 ASN    37 ",562,578,0.00149213524665979,0.00149213524665979,1,2.95823021416522,2.95823021416522,2.95823021416522,2.95823021416522,4.72073305456828e-15,0.336999999999996,2.906,0.439,0.336999999999996,2.90600000000001,0.439
"37:H-37:HD21"," H   ASN    37 ","HD21 ASN    37 ",569,578,0.00257563268115448,0.00257563268115448,1,2.70096741927777,2.70096741927777,2.70096741927777,2.70096741927777,0,-0.5,1.364,-2.277,-0.5,1.364,-2.277
"37:HA-37:HD21"," HA  ASN    37 ","HD21 ASN    37 ",571,578,0.000564900579308066,0.000564900579308066,1,3.47806742315327,3.47806742315327,3.47806742315327,3.47806742315327,0,-3.048,0.0320000000000036,-1.675,-3.048,0.0320000000000036,-1.675
"37:HB1-37:HD21"," HB1 ASN    37 ","HD21 ASN    37 ",573,578,0.00041459428668744,0.00041459428668744,1,3.6620936634663,3.6620936634663,3.6620936634663,3.6620936634663,0,-1.607,-1.991,-2.62,-1.607,-1.991,-2.62
"37:HB2-37:HD21"," HB2 ASN    37 ","HD21 ASN    37 ",574,578,0.00293999229176908,0.00293999229176908,1,2.64205772079264,2.64205772079264,2.64205772079264,2.64205772079264,0,-0.277999999999999,-1.016,-2.423,-0.277999999999999,-1.016,-2.423
"33:HA-37:HD22"," HA  TYR    33 ","HD22 ASN    37 ",514,579,0.000139034397958099,0.000139034397958099,1,4.39352352901404,4.39352352901404,4.39352352901404,4.39352352901404,0,3.016,3.168,-0.413,3.016,3.168,-0.413
"36:HB1-37:HD22"," HB1 ASP    36 ","HD22 ASN    37 ",561,579,0.000220924793064527,0.000220924793064527,1,4.06717248220431,4.06717248220431,4.06717248220431,4.06717248220431,0,-0.671999999999997,4.008,-0.162000000000003,-0.671999999999997,4.008,-0.162000000000003
"36:HB2-37:HD22"," HB2 ASP    36 ","HD22 ASN    37 ",562,579,0.000199550334344151,0.000199550334344151,1,4.1367371200017,4.1367371200017,4.1367371200017,4.13673712000171,4.44089209850063e-15,0.832999999999998,3.977,-0.776,0.832999999999998,3.977,-0.776
"37:H-37:HD22"," H   ASN    37 ","HD22 ASN    37 ",569,579,0.000167991691124047,0.000167991691124047,1,4.2571475191729,4.2571475191729,4.2571475191729,4.2571475191729,0,-0.00399999999999778,2.435,-3.492,-0.00399999999999778,2.435,-3.492
"37:HA-37:HD22"," HA  ASN    37 ","HD22 ASN    37 ",571,579,0.000240451440580423,0.000240451440580423,1,4.01016371236886,4.01016371236886,4.01016371236886,4.01016371236886,0,-2.552,1.103,-2.89,-2.552,1.103,-2.89
"37:HB1-37:HD22"," HB1 ASN    37 ","HD22 ASN    37 ",573,579,0.000211352461037722,0.000211352461037722,1,4.09730960509454,4.09730960509454,4.09730960509454,4.09730960509454,0,-1.111,-0.920000000000002,-3.835,-1.111,-0.920000000000002,-3.835
"37:HB2-37:HD22"," HB2 ASN    37 ","HD22 ASN    37 ",574,579,0.00042643924767946,0.00042643924767946,1,3.64494074025903,3.64494074025903,3.64494074025903,3.64494074025903,0,0.218000000000004,0.0549999999999997,-3.638,0.218000000000004,0.0549999999999997,-3.638
"34:HA-38:H"," HA  ALA    34 "," H   GLY    38 ",535,583,0.000171120240538515,0.000171120240538515,1,4.24407551770701,4.24407551770701,4.24407551770701,4.24407551770701,0,3.654,-2.094,0.524999999999999,3.654,-2.094,0.524999999999999
"35:H-38:H"," H   ASN    35 "," H   GLY    38 ",543,583,9.45878832941764e-05,9.45878832941764e-05,1,4.68483265442854,4.68483265442854,4.68483265442854,4.68483265442854,0,4.406,1.49,0.561,4.406,1.49,0.561000000000003
"35:HA-38:H"," HA  ASN    35 "," H   GLY    38 ",545,583,0.00101627722579022,0.00101627722579022,1,3.15377932011737,3.15377932011737,3.15377932011737,3.15377932011737,0,2.094,2.132,-1.008,2.094,2.132,-1.008
"36:H-38:H"," H   ASP    36 "," H   GLY    38 ",557,583,0.000235064566613468,0.000235064566613468,1,4.02533601081947,4.02533601081947,4.02533601081947,4.02533601081947,0,2.621,1.78,2.483,2.621,1.78,2.483
"36:HA-38:H"," HA  ASP    36 "," H   GLY    38 ",559,583,0.000294120989560223,0.000294120989560223,1,3.87774277125237,3.87774277125237,3.87774277125237,3.87774277125237,0,0.0429999999999993,2.412,3.036,0.0429999999999993,2.412,3.036
"37:H-38:H"," H   ASN    37 "," H   GLY    38 ",569,583,0.00569455314349353,0.00569455314349353,1,2.36641036170822,2.36641036170822,2.36641036170822,2.36641036170822,0,1.203,-0.608000000000004,1.945,1.203,-0.608000000000004,1.945
"37:HA-38:H"," HA  ASN    37 "," H   GLY    38 ",571,583,0.000570132778183958,0.000570132778183958,1,3.47272717039505,3.47272717039505,3.47272717039505,3.47272717039505,0,-1.345,-1.94,2.547,-1.345,-1.94,2.547
"37:HB1-38:H"," HB1 ASN    37 "," H   GLY    38 ",573,583,0.000163682005671641,0.000163682005671641,1,4.27562732239376,4.27562732239376,4.27562732239376,4.27562732239376,0,0.0960000000000036,-3.963,1.602,0.0960000000000036,-3.963,1.602
"37:HB2-38:H"," HB2 ASN    37 "," H   GLY    38 ",574,583,0.000349605459563868,0.000349605459563868,1,3.76764780731958,3.76764780731958,3.76764780731958,3.76764780731958,0,1.425,-2.988,1.799,1.425,-2.988,1.799
"37:HD21-38:H","HD21 ASN    37 "," H   GLY    38 ",578,583,6.70561706877126e-05,6.70561706877126e-05,1,4.96127775880367,4.96127775880368,4.96127775880368,4.96127775880368,0,1.703,-1.972,4.222,1.703,-1.972,4.222
"37:HA-38:HA1"," HA  ASN    37 "," HA1 GLY    38 ",571,585,0.000106139488103542,0.000106139488103541,1,4.59572290287393,4.59572290287393,4.59572290287393,4.59572290287393,2.51214793389404e-15,0.906999999999996,-1.47799999999999,4.256,0.906999999999996,-1.47799999999999,4.256
"38:H-38:HA1"," H   GLY    38 "," HA1 GLY    38 ",583,585,0.00180994079075448,0.00180994079075448,1,2.86454691007147,2.86454691007147,2.86454691007147,2.86454691007147,1.60118641699469e-15,2.252,0.462000000000003,1.709,2.252,0.462000000000003,1.709
"35:HA-38:HA2"," HA  ASN    35 "," HA2 GLY    38 ",545,586,0.000613902660593095,0.000613902660593095,1,3.43017871254545,3.43017871254545,3.43017871254545,3.43017871254545,0,3.029,1.342,0.888999999999999,3.029,1.342,0.888999999999999
"37:H-38:HA2"," H   ASN    37 "," HA2 GLY    38 ",569,586,0.000103679431910948,0.000103679431910948,1,4.61371997416401,4.61371997416401,4.61371997416401,4.61371997416401,0,2.138,-1.398,3.842,2.138,-1.398,3.842
"38:H-38:HA2"," H   GLY    38 "," HA2 GLY    38 ",583,586,0.00755219108838502,0.00755219108838502,1,2.25763903226357,2.25763903226357,2.25763903226357,2.25763903226357,0,0.934999999999995,-0.789999999999999,1.897,0.934999999999995,-0.789999999999999,1.897
"34:HA-39:H"," HA  ALA    34 "," H   VAL    39 ",535,590,0.000526560796695459,0.000526560796695459,1,3.51904845093102,3.51904845093102,3.51904845093102,3.51904845093102,1.88411095042053e-15,2.358,-0.713000000000001,2.513,2.358,-0.713000000000001,2.513
"35:H-39:H"," H   ASN    35 "," H   VAL    39 ",543,590,6.8735696468524e-05,6.8735696468524e-05,1,4.94086449925517,4.94086449925517,4.94086449925517,4.94086449925517,2.51214793389404e-15,3.11,2.871,2.549,3.11,2.871,2.54900000000001
"35:HA-39:H"," HA  ASN    35 "," H   VAL    39 ",545,590,0.000369286773393842,0.000369286773393842,1,3.73341304974416,3.73341304974416,3.73341304974416,3.73341304974416,6.2803698347351e-16,0.798000000000002,3.513,0.98,0.798000000000002,3.513,0.980000000000004
"37:H-39:H"," H   ASN    37 "," H   VAL    39 ",569,590,0.000240754295920761,0.000240754295920761,1,4.00932251134777,4.00932251134777,4.00932251134777,4.00932251134777,2.51214793389404e-15,-0.0929999999999964,0.772999999999996,3.933,-0.0929999999999964,0.772999999999996,3.933
"37:HB1-39:H"," HB1 ASN    37 "," H   VAL    39 ",573,590,0.00010805958246672,0.00010805958246672,1,4.58201091225239,4.58201091225239,4.58201091225239,4.58201091225239,1.98602732259782e-15,-1.2,-2.582,3.59,-1.2,-2.582,3.59
"37:HB2-39:H"," HB2 ASN    37 "," H   VAL    39 ",574,590,0.000205695352845173,0.000205695352845173,1,4.11587888548728,4.11587888548728,4.11587888548728,4.11587888548728,1.98602732259782e-15,0.129000000000005,-1.607,3.787,0.129000000000005,-1.607,3.787
"38:H-39:H"," H   GLY    38 "," H   VAL    39 ",583,590,0.00233384722164951,0.00233384722164951,1,2.74570956220792,2.74570956220792,2.74570956220792,2.74570956220792,1.88411095042053e-15,-1.296,1.381,1.988,-1.296,1.381,1.988
"38:HA1-39:H"," HA1 GLY    38 "," H   VAL    39 ",585,590,0.000405476668131406,0.000405476668131406,1,3.67569122751081,3.67569122751081,3.67569122751081,3.67569122751081,0,-3.54799999999999,0.918999999999997,0.279,-3.54799999999999,0.918999999999997,0.279
"38:HA2-39:H"," HA2 GLY    38 "," H   VAL    39 ",586,590,0.00109606128755464,0.00109606128755464,1,3.11430297177394,3.11430297177394,3.11430297177394,3.11430297177394,4.44089209850063e-16,-2.23099999999999,2.171,0.0910000000000011,-2.23099999999999,2.171,0.0910000000000046
"38:HA1-39:HA"," HA1 GLY    38 "," HA  VAL    39 ",585,592,9.08551170191569e-05,9.08551170191569e-05,1,4.71637615124154,4.71637615124154,4.71637615124154,4.71637615124154,1.98602732259782e-15,-2.97,1.802,3.19,-2.97,1.802,3.19
"38:HA2-39:HA"," HA2 GLY    38 "," HA  VAL    39 ",586,592,0.000106886834586039,0.000106886834586039,1,4.59035172944297,4.59035172944297,4.59035172944297,4.59035172944297,0,-1.653,3.054,3.002,-1.653,3.054,3.002
"39:H-39:HA"," H   VAL    39 "," HA  VAL    39 ",590,592,0.00113463847444377,0.00113463847444377,1,3.09640016793695,3.09640016793695,3.09640016793695,3.09640016793696,2.51214793389404e-15,0.577999999999996,0.883000000000003,2.911,0.577999999999996,0.883000000000003,2.911
"7:HG12-39:HB","HG12 ILE     7 "," HB  VAL    39 ",127,594,0.000275907227018032,0.000275907227018032,1,3.91927876018024,3.91927876018024,3.91927876018024,3.91927876018024,0,2.84,-2.511,0.995000000000001,2.84,-2.511,0.995000000000001
"12:HB1-39:HB"," HB1 LEU    12 "," HB  VAL    39 ",196,594,0.000126745633686309,0.000126745633686309,1,4.46181095520642,4.46181095520642,4.46181095520642,4.46181095520642,0,-3.701,-2.33,0.884,-3.701,-2.33,0.884
"34:HA-39:HB"," HA  ALA    34 "," HB  VAL    39 ",535,594,0.000331683929485512,0.000331683929485512,1,3.80083714463011,3.80083714463011,3.80083714463011,3.80083714463011,0,1.699,1.671,2.961,1.699,1.671,2.961
"37:HB1-39:HB"," HB1 ASN    37 "," HB  VAL    39 ",573,594,0.000128815943947111,0.000128815943947111,1,4.44977853381491,4.44977853381491,4.44977853381491,4.44977853381491,0,-1.859,-0.198,4.038,-1.859,-0.198,4.038
"37:HB2-39:HB"," HB2 ASN    37 "," HB  VAL    39 ",574,594,0.000150020721621199,0.000150020721621199,1,4.33818556541787,4.33818556541787,4.33818556541787,4.33818556541787,0,-0.530000000000001,0.777000000000001,4.235,-0.530000000000001,0.777000000000001,4.235
"38:H-39:HB"," H   GLY    38 "," HB  VAL    39 ",583,594,7.2962317904385e-05,7.2962317904385e-05,1,4.89196749784788,4.89196749784788,4.89196749784788,4.89196749784788,0,-1.95500000000001,3.765,2.436,-1.95500000000001,3.765,2.436
"39:H-39:HB"," H   VAL    39 "," HB  VAL    39 ",590,594,0.0039643336281366,0.0039643336281366,1,2.51365093041974,2.51365093041974,2.51365093041974,2.51365093041974,4.44089209850063e-16,-0.659000000000006,2.384,0.448,-0.659000000000006,2.384,0.447999999999997
"39:HA-39:HB"," HA  VAL    39 "," HB  VAL    39 ",592,594,0.00104653145816167,0.00104653145816167,1,3.13839752102885,3.13839752102884,3.13839752102885,3.13839752102885,0,-1.237,1.501,-2.463,-1.237,1.501,-2.463
"39:H-40:H"," H   VAL    39 "," H   ASP    40 ",590,606,0.00014259745674385,0.00014259745674385,1,4.3750333713013,4.3750333713013,4.37503337130129,4.3750333713013,2.51214793389404e-15,-0.686,-0.0889999999999986,4.32,-0.686,-0.0889999999999986,4.32
"39:HA-40:H"," HA  VAL    39 "," H   ASP    40 ",592,606,0.0107733189351107,0.0107733189351107,1,2.12785361338603,2.12785361338603,2.12785361338603,2.12785361338603,0,-1.264,-0.972000000000001,1.409,-1.264,-0.972000000000001,1.409
"39:HB-40:H"," HB  VAL    39 "," H   ASP    40 ",594,606,0.000106317993659377,0.000106317993659377,1,4.59443598279484,4.59443598279484,4.59443598279484,4.59443598279484,0,-0.0269999999999939,-2.473,3.872,-0.0269999999999939,-2.473,3.872
"39:HA-40:HA"," HA  VAL    39 "," HA  ASP    40 ",592,608,0.00012524778946057,0.00012524778946057,1,4.47066013022686,4.47066013022686,4.47066013022686,4.47066013022686,0,-4.027,-1.752,0.837,-4.027,-1.752,0.837
"40:H-40:HA"," H   ASP    40 "," HA  ASP    40 ",606,608,0.0015888945880532,0.0015888945880532,1,2.92741404656055,2.92741404656055,2.92741404656055,2.92741404656055,0,-2.76300000000001,-0.780000000000001,-0.571999999999999,-2.76300000000001,-0.780000000000001,-0.571999999999999
"39:HA-40:HB1"," HA  VAL    39 "," HB1 ASP    40 ",592,610,9.09506863596913e-05,9.09506863596913e-05,1,4.71554980887701,4.71554980887701,4.71554980887701,4.71554980887701,0,-2.008,-3.889,1.755,-2.008,-3.889,1.755
"40:H-40:HB1"," H   ASP    40 "," HB1 ASP    40 ",606,610,0.00129171923769517,0.00129171923769517,1,3.0302047785587,3.0302047785587,3.0302047785587,3.0302047785587,0,-0.744,-2.917,0.346,-0.744,-2.917,0.346
"40:HA-40:HB1"," HA  ASP    40 "," HB1 ASP    40 ",608,610,0.00117157660842863,0.00117157660842863,1,3.07991136236094,3.07991136236094,3.07991136236094,3.07991136236094,0,2.01900000000001,-2.137,0.917999999999999,2.01900000000001,-2.137,0.917999999999999
"35:HA-40:HB2"," HA  ASN    35 "," HB2 ASP    40 ",545,611,0.000181593028585755,0.000181593028585755,1,4.20226534145572,4.20226534145572,4.20226534145572,4.20226534145572,0,-1.129,0.692999999999998,3.988,-1.129,0.692999999999998,3.988
"39:H-40:HB2"," H   VAL    39 "," HB2 ASP    40 ",590,611,0.000112517766918308,0.000112517766918308,1,4.55124081982046,4.55124081982046,4.55124081982046,4.55124081982046,1.25607396694702e-15,-1.927,-2.82,3.008,-1.927,-2.82,3.008
"39:HA-40:HB2"," HA  VAL    39 "," HB2 ASP    40 ",592,611,0.00012506296488613,0.00012506296488613,1,4.4717606152387,4.4717606152387,4.4717606152387,4.4717606152387,0,-2.505,-3.703,0.0969999999999978,-2.505,-3.703,0.0969999999999978
"40:H-40:HB2"," H   ASP    40 "," HB2 ASP    40 ",606,611,0.00081178617945724,0.00081178617945724,1,3.27410842825952,3.27410842825952,3.27410842825952,3.27410842825952,0,-1.241,-2.731,-1.312,-1.241,-2.731,-1.312
"40:HA-40:HB2"," HA  ASP    40 "," HB2 ASP    40 ",608,611,0.00336920754277614,0.00336920754277614,1,2.58272820869716,2.58272820869716,2.58272820869716,2.58272820869716,0,1.52200000000001,-1.951,-0.740000000000002,1.52200000000001,-1.951,-0.740000000000002
"40:H-41:H"," H   ASP    40 "," H   GLY    41 ",606,618,0.000252396142034492,0.000252396142034492,1,3.97789102414835,3.97789102414835,3.97789102414835,3.97789102414835,4.44089209850063e-16,-3.91,-0.0339999999999989,0.731000000000002,-3.91,-0.0339999999999989,0.730999999999998
"40:HB1-41:H"," HB1 ASP    40 "," H   GLY    41 ",610,618,0.00015836145347869,0.00015836145347869,1,4.29924063062305,4.29924063062305,4.29924063062305,4.29924063062305,0,-3.166,2.883,0.385000000000002,-3.166,2.883,0.384999999999998
"40:HB2-41:H"," HB2 ASP    40 "," H   GLY    41 ",611,618,0.000156127269973284,0.000156127269973284,1,4.30943372149985,4.30943372149985,4.30943372149985,4.30943372149985,1.25607396694702e-15,-2.669,2.697,2.043,-2.669,2.697,2.043
"40:H-41:HA1"," H   ASP    40 "," HA1 GLY    41 ",606,620,9.41388209206611e-05,9.41388209206611e-05,1,4.68854988242634,4.68854988242634,4.68854988242634,4.68854988242634,0,-3.3,1.116,3.138,-3.3,1.116,3.138
"40:HA-41:HA1"," HA  ASP    40 "," HA1 GLY    41 ",608,620,0.000181955966666376,0.000181955966666376,1,4.20086717238239,4.20086717238239,4.20086717238239,4.20086717238239,0,-0.536999999999999,1.896,3.71,-0.536999999999999,1.896,3.71
"41:H-41:HA1"," H   GLY    41 "," HA1 GLY    41 ",618,620,0.00238154706424134,0.00238154706424134,1,2.73646651724446,2.73646651724446,2.73646651724445,2.73646651724446,2.22044604925031e-15,0.609999999999999,1.15,2.407,0.609999999999999,1.15,2.407
"40:HA-41:HA2"," HA  ASP    40 "," HA2 GLY    41 ",608,621,0.000179792347620595,0.000179792347620595,1,4.20925076468485,4.20925076468485,4.20925076468484,4.20925076468485,5.02429586778808e-15,-0.716000000000001,0.256,4.14,-0.716000000000001,0.256,4.13999999999999
"40:HB1-41:HA2"," HB1 ASP    40 "," HA2 GLY    41 ",610,621,7.6195436713778e-05,7.6195436713778e-05,1,4.85674355921743,4.85674355921743,4.85674355921743,4.85674355921744,3.20237283398938e-15,-2.73500000000001,2.393,3.222,-2.73500000000001,2.393,3.22199999999999
"41:H-41:HA2"," H   GLY    41 "," HA2 GLY    41 ",618,621,0.00164311707913388,0.00164311707913388,1,2.91108742568821,2.91108742568821,2.9110874256882,2.91108742568821,2.22044604925031e-15,0.430999999999997,-0.490000000000002,2.837,0.430999999999997,-0.490000000000002,2.837
"41:H-42:H"," H   GLY    41 "," H   VAL    42 ",618,625,0.000250308991065465,0.000250308991065465,1,3.9834000552292,3.9834000552292,3.9834000552292,3.9834000552292,2.22044604925031e-15,-1.362,2.044,3.136,-1.362,2.044,3.136
"41:HA1-42:H"," HA1 GLY    41 "," H   VAL    42 ",620,625,0.00703271518390702,0.00703271518390702,1,2.28461397176854,2.28461397176854,2.28461397176854,2.28461397176854,0,-1.972,0.893999999999998,0.728999999999999,-1.972,0.893999999999998,0.728999999999999
"41:HA2-42:H"," HA2 GLY    41 "," H   VAL    42 ",621,625,0.00108711822934044,0.00108711822934044,1,3.11855832076298,3.11855832076298,3.11855832076298,3.11855832076298,4.44089209850063e-16,-1.793,2.534,0.298999999999999,-1.793,2.534,0.299000000000007
"41:H-42:HA"," H   GLY    41 "," HA  VAL    42 ",618,627,6.5525240131883e-05,6.5525240131883e-05,1,4.98041152918109,4.98041152918109,4.98041152918109,4.9804115291811,1.25607396694702e-15,-3.867,0.497,3.099,-3.867,0.497,3.099
"41:HA1-42:HA"," HA1 GLY    41 "," HA  VAL    42 ",620,627,0.000108773329932694,0.000108773329932694,1,4.57698612626256,4.57698612626256,4.57698612626256,4.57698612626256,0,-4.477,-0.652999999999999,0.692,-4.477,-0.652999999999999,0.691999999999993
"41:HA2-42:HA"," HA2 GLY    41 "," HA  VAL    42 ",621,627,0.000134540532087,0.000134540532087,1,4.41764835630904,4.41764835630904,4.41764835630904,4.41764835630904,0,-4.29799999999999,0.987000000000002,0.262,-4.29799999999999,0.987000000000002,0.262
"42:H-42:HA"," H   VAL    42 "," HA  VAL    42 ",625,627,0.00153462535062094,0.00153462535062094,1,2.94441895796097,2.94441895796097,2.94441895796097,2.94441895796097,0,-2.505,-1.547,-0.036999999999999,-2.505,-1.547,-0.0370000000000061
"41:HA1-42:HB"," HA1 GLY    41 "," HB  VAL    42 ",620,629,7.22744512628166e-05,7.22744512628166e-05,1,4.89969672530861,4.89969672530861,4.89969672530861,4.89969672530861,0,-4.136,0.345999999999997,2.604,-4.136,0.345999999999997,2.604
"41:HA2-42:HB"," HA2 GLY    41 "," HB  VAL    42 ",621,629,6.94486147558833e-05,6.94486147558833e-05,1,4.9323747830026,4.9323747830026,4.9323747830026,4.9323747830026,2.51214793389404e-15,-3.95699999999999,1.986,2.174,-3.95699999999999,1.986,2.17400000000001
"42:H-42:HB"," H   VAL    42 "," HB  VAL    42 ",625,629,0.00162900846010627,0.00162900846010627,1,2.91527442962064,2.91527442962064,2.91527442962064,2.91527442962064,0,-2.16399999999999,-0.548000000000002,1.875,-2.16399999999999,-0.548000000000002,1.875
"42:HA-42:HB"," HA  VAL    42 "," HB  VAL    42 ",627,629,0.00921377836552514,0.00921377836552514,1,2.18403891906715,2.18403891906715,2.18403891906715,2.18403891906715,4.39625888431457e-15,0.341000000000001,0.998999999999995,1.912,0.341000000000001,0.998999999999995,1.91200000000001
"42:H-43:H"," H   VAL    42 "," H   TRP    43 ",625,641,0.000133052873955909,0.000133052873955909,1,4.4258425186624,4.4258425186624,4.4258425186624,4.42584251866241,1.25607396694702e-15,-3.788,-1.467,-1.757,-3.788,-1.467,-1.75700000000001
"42:HA-43:H"," HA  VAL    42 "," H   TRP    43 ",627,641,0.0102010763454367,0.0102010763454367,1,2.14729806966802,2.14729806966802,2.14729806966802,2.14729806966802,1.88411095042053e-15,-1.283,0.0799999999999983,-1.72,-1.283,0.0799999999999983,-1.72
"42:HB-43:H"," HB  VAL    42 "," H   TRP    43 ",629,641,0.000215739933264775,0.000215739933264775,1,4.08330270736815,4.08330270736815,4.08330270736814,4.08330270736815,1.98602732259782e-15,-1.624,-0.918999999999997,-3.632,-1.624,-0.918999999999997,-3.63200000000001
"42:HA-43:HA"," HA  VAL    42 "," HA  TRP    43 ",627,643,0.000116725606129917,0.000116725606129917,1,4.52347620752005,4.52347620752005,4.52347620752005,4.52347620752005,2.51214793389404e-15,-1.176,1.955,-3.906,-1.176,1.955,-3.906
"43:H-43:HA"," H   TRP    43 "," HA  TRP    43 ",641,643,0.00174532369439188,0.00174532369439188,1,2.8819559330427,2.8819559330427,2.8819559330427,2.8819559330427,0,0.106999999999999,1.875,-2.186,0.106999999999999,1.875,-2.186
"31:HE1-43:HB1"," HE1 LYS    31 "," HB1 TRP    43 ",486,645,0.000103767139080567,0.000103767139080567,1,4.6130698022033,4.6130698022033,4.6130698022033,4.6130698022033,0,-1.411,3.044,3.166,-1.411,3.044,3.166
"31:HE2-43:HB1"," HE2 LYS    31 "," HB1 TRP    43 ",487,645,0.000176075930458183,0.000176075930458183,1,4.22392956854159,4.22392956854159,4.22392956854159,4.22392956854159,0,-2.571,2.662,2.036,-2.571,2.662,2.036
"43:H-43:HB1"," H   TRP    43 "," HB1 TRP    43 ",641,645,0.000529400402364533,0.000529400402364533,1,3.51589547626206,3.51589547626206,3.51589547626206,3.51589547626206,2.22044604925031e-15,-1.558,0.134,-3.149,-1.558,0.134,-3.149
"43:HA-43:HB1"," HA  TRP    43 "," HB1 TRP    43 ",643,645,0.00327962462277224,0.00327962462277224,1,2.59435444764203,2.59435444764203,2.59435444764203,2.59435444764203,9.93013661298909e-16,-1.665,-1.741,-0.963000000000001,-1.665,-1.741,-0.962999999999997
"31:HE2-43:HB2"," HE2 LYS    31 "," HB2 TRP    43 ",487,646,0.000160271666171145,0.000160271666171145,1,4.29065775843285,4.29065775843285,4.29065775843285,4.29065775843285,0,-1.972,1.752,3.384,-1.972,1.752,3.384
"42:HA-43:HB2"," HA  VAL    42 "," HB2 TRP    43 ",627,646,0.000174111763245257,0.000174111763245257,1,4.23183423588401,4.23183423588401,4.23183423588401,4.23183423588401,3.76822190084106e-15,-2.242,-0.695999999999998,-3.521,-2.242,-0.695999999999998,-3.52099999999999
"43:H-43:HB2"," H   TRP    43 "," HB2 TRP    43 ",641,646,0.00924029978091989,0.00924029978091989,1,2.18299289966779,2.18299289966779,2.18299289966779,2.18299289966779,2.22044604925031e-15,-0.959000000000003,-0.775999999999996,-1.801,-0.959000000000003,-0.775999999999996,-1.80099999999999
"43:HA-43:HB2"," HA  TRP    43 "," HB2 TRP    43 ",643,646,0.00174109921722642,0.00174109921722642,1,2.88312018479979,2.88312018479979,2.88312018479979,2.88312018479979,0,-1.066,-2.651,0.385000000000002,-1.066,-2.651,0.385000000000005
"31:HD1-43:HD1"," HD1 LYS    31 "," HD1 TRP    43 ",483,649,8.45584649551901e-05,8.45584649551901e-05,1,4.77317273938415,4.77317273938415,4.77317273938415,4.77317273938415,0,-0.0480000000000018,3.455,3.293,-0.0480000000000018,3.455,3.293
"31:HE1-43:HD1"," HE1 LYS    31 "," HD1 TRP    43 ",486,649,6.48248291023777e-05,6.48248291023777e-05,1,4.98934003651785,4.98934003651785,4.98934003651785,4.98934003651785,0,1.883,1.336,4.423,1.883,1.336,4.423
"31:HE2-43:HD1"," HE2 LYS    31 "," HD1 TRP    43 ",487,649,0.000540450230991303,0.000540450230991303,1,3.50381135336936,3.50381135336936,3.50381135336936,3.50381135336936,0,0.722999999999999,0.954000000000001,3.293,0.722999999999999,0.954000000000001,3.293
"40:HA-43:HD1"," HA  ASP    40 "," HD1 TRP    43 ",608,649,0.000100763105812278,0.000100763105812278,1,4.63571159586098,4.63571159586098,4.63571159586098,4.63571159586098,0,-4.561,-0.250999999999998,0.789999999999999,-4.561,-0.250999999999998,0.789999999999999
"41:H-43:HD1"," H   GLY    41 "," HD1 TRP    43 ",618,649,0.000464474129826059,0.000464474129826059,1,3.59340701841581,3.59340701841581,3.59340701841581,3.59340701841581,4.44089209850063e-16,-3.414,-0.997,-0.513000000000002,-3.414,-0.997,-0.512999999999998
"42:HA-43:HD1"," HA  VAL    42 "," HD1 TRP    43 ",627,649,0.000269381809925927,0.000269381809925927,1,3.93494459935588,3.93494459935588,3.93494459935587,3.93494459935588,4.72073305456828e-15,0.452999999999996,-1.494,-3.612,0.452999999999996,-1.494,-3.61199999999999
"43:H-43:HD1"," H   TRP    43 "," HD1 TRP    43 ",641,649,0.0013398557827494,0.0013398557827494,1,3.01178286069895,3.01178286069895,3.01178286069895,3.01178286069896,1.88411095042053e-15,1.736,-1.574,-1.892,1.736,-1.574,-1.892
"43:HA-43:HD1"," HA  TRP    43 "," HD1 TRP    43 ",643,649,0.000318978537149792,0.000318978537149792,1,3.82566046585423,3.82566046585423,3.82566046585423,3.82566046585423,4.44089209850063e-16,1.629,-3.449,0.294,1.629,-3.449,0.294000000000004
"43:HB1-43:HD1"," HB1 TRP    43 "," HD1 TRP    43 ",645,649,0.000276608763863447,0.000276608763863447,1,3.91762032361483,3.91762032361483,3.91762032361483,3.91762032361483,0,3.294,-1.708,1.257,3.294,-1.708,1.257
"43:HB2-43:HD1"," HB2 TRP    43 "," HD1 TRP    43 ",646,649,0.00202200346339617,0.00202200346339617,1,2.81213619869309,2.81213619869309,2.81213619869309,2.81213619869309,0,2.695,-0.798000000000002,-0.0910000000000011,2.695,-0.798000000000002,-0.0910000000000011
"31:HA-43:HE1"," HA  LYS    31 "," HE1 TRP    43 ",475,651,0.000125475935762937,0.000125475935762937,1,4.46930430827886,4.46930430827886,4.46930430827886,4.46930430827886,0,0.554000000000002,0.478000000000002,4.409,0.554000000000002,0.478000000000002,4.409
"31:HB2-43:HE1"," HB2 LYS    31 "," HE1 TRP    43 ",478,651,6.91281828212332e-05,6.91281828212332e-05,1,4.93617797491136,4.93617797491136,4.93617797491136,4.93617797491136,1.98602732259782e-15,2.706,1.236,3.939,2.706,1.236,3.939
"31:HG1-43:HE1"," HG1 LYS    31 "," HE1 TRP    43 ",480,651,0.000647832518005486,0.000647832518005486,1,3.39956129522619,3.39956129522619,3.39956129522619,3.39956129522619,0,0.500999999999998,2.004,2.7,0.500999999999998,2.004,2.7
"31:HD1-43:HE1"," HD1 LYS    31 "," HE1 TRP    43 ",483,651,0.000231969306383314,0.000231969306383314,1,4.03423858987045,4.03423858987045,4.03423858987045,4.03423858987045,0,1.604,3.499,1.208,1.604,3.499,1.208
"31:HE1-43:HE1"," HE1 LYS    31 "," HE1 TRP    43 ",486,651,0.000127529810896132,0.000127529810896132,1,4.4572266040667,4.4572266040667,4.4572266040667,4.4572266040667,0,3.535,1.38,2.338,3.535,1.38,2.338
"31:HE2-43:HE1"," HE2 LYS    31 "," HE1 TRP    43 ",487,651,0.00188454156705067,0.00188454156705067,1,2.8453282763154,2.8453282763154,2.8453282763154,2.8453282763154,0,2.375,0.997999999999998,1.208,2.375,0.997999999999998,1.208
"40:HA-43:HE1"," HA  ASP    40 "," HE1 TRP    43 ",608,651,0.000947285497102065,0.000947285497102065,1,3.19094891842536,3.19094891842536,3.19094891842536,3.19094891842536,0,-2.909,-0.207000000000001,-1.295,-2.909,-0.207000000000001,-1.295
"40:HB2-43:HE1"," HB2 ASP    40 "," HE1 TRP    43 ",611,651,8.23685830530302e-05,8.23685830530302e-05,1,4.79409240628505,4.79409240628506,4.79409240628506,4.79409240628506,0,-4.431,1.744,-0.555,-4.431,1.744,-0.555
"41:H-43:HE1"," H   GLY    41 "," HE1 TRP    43 ",618,651,0.000802168699932593,0.000802168699932592,1,3.28061838682892,3.28061838682892,3.28061838682892,3.28061838682893,2.22044604925031e-15,-1.762,-0.953000000000003,-2.598,-1.762,-0.953000000000003,-2.598
"43:HB2-43:HE1"," HB2 TRP    43 "," HE1 TRP    43 ",646,651,7.05601072181317e-05,7.05601072181317e-05,1,4.91933948818335,4.91933948818335,4.91933948818335,4.91933948818335,0,4.347,-0.754000000000005,-2.176,4.347,-0.754000000000005,-2.176
"43:HD1-43:HE1"," HD1 TRP    43 "," HE1 TRP    43 ",649,651,0.00281980805054444,0.00281980805054444,1,2.6605008926892,2.6605008926892,2.6605008926892,2.6605008926892,0,1.652,0.0439999999999969,-2.085,1.652,0.0439999999999969,-2.085
"31:HA-43:HZ2"," HA  LYS    31 "," HZ2 TRP    43 ",475,654,0.00437363754319409,0.00437363754319409,1,2.47282207204643,2.47282207204643,2.47282207204643,2.47282207204643,0,0.703000000000003,1.316,1.972,0.703000000000003,1.316,1.972
"31:HB2-43:HZ2"," HB2 LYS    31 "," HZ2 TRP    43 ",478,654,0.000314263832576883,0.000314263832576883,1,3.83516688033259,3.83516688033259,3.83516688033259,3.83516688033259,9.93013661298909e-16,2.855,2.074,1.502,2.855,2.074,1.50200000000001
"31:HG1-43:HZ2"," HG1 LYS    31 "," HZ2 TRP    43 ",480,654,0.00158951771938142,0.00158951771938142,1,2.92722274519723,2.92722274519723,2.92722274519723,2.92722274519723,0,0.649999999999999,2.842,0.263000000000002,0.649999999999999,2.842,0.263000000000002
"31:HG2-43:HZ2"," HG2 LYS    31 "," HZ2 TRP    43 ",481,654,9.58617949961169e-05,9.58617949961169e-05,1,4.67439857093937,4.67439857093937,4.67439857093937,4.67439857093937,0,1.024,4.451,0.995000000000001,1.024,4.451,0.995000000000001
"31:HD1-43:HZ2"," HD1 LYS    31 "," HZ2 TRP    43 ",483,654,7.8116212708869e-05,7.8116212708869e-05,1,4.83663302308537,4.83663302308537,4.83663302308537,4.83663302308537,0,1.753,4.337,-1.229,1.753,4.337,-1.229
"31:HE1-43:HZ2"," HE1 LYS    31 "," HZ2 TRP    43 ",486,654,0.000157907095087835,0.000157907095087835,1,4.30129991979168,4.30129991979169,4.30129991979169,4.30129991979169,0,3.684,2.218,-0.0990000000000002,3.684,2.218,-0.0990000000000002
"31:HE2-43:HZ2"," HE2 LYS    31 "," HZ2 TRP    43 ",487,654,0.000701973800460075,0.000701973800460075,1,3.35438712733042,3.35438712733042,3.35438712733042,3.35438712733042,0,2.524,1.836,-1.229,2.524,1.836,-1.229
"34:H-43:HZ2"," H   ALA    34 "," HZ2 TRP    43 ",533,654,0.000159732301097966,0.000159732301097966,1,4.29306906536571,4.29306906536571,4.29306906536571,4.29306906536571,0,-1.756,0.454999999999998,3.891,-1.756,0.454999999999998,3.891
"34:HA-43:HZ2"," HA  ALA    34 "," HZ2 TRP    43 ",535,654,9.22634472690501e-05,9.22634472690501e-05,1,4.70430047934865,4.70430047934866,4.70430047934866,4.70430047934866,0,-3.851,-0.951000000000001,2.529,-3.851,-0.951000000000001,2.529
"35:H-43:HZ2"," H   ASN    35 "," HZ2 TRP    43 ",543,654,8.09613993777294e-05,8.09613993777295e-05,1,4.80788051016246,4.80788051016246,4.80788051016246,4.80788051016246,1.25607396694702e-15,-3.099,2.633,2.565,-3.099,2.633,2.565
"40:HA-43:HZ2"," HA  ASP    40 "," HZ2 TRP    43 ",608,654,9.46405501676752e-05,9.46405501676752e-05,1,4.68439804030358,4.68439804030358,4.68439804030358,4.68439804030358,0,-2.76,0.631,-3.732,-2.76,0.631,-3.732
"43:HD1-43:HZ2"," HD1 TRP    43 "," HZ2 TRP    43 ",649,654,6.82492074954129e-05,6.82492074954129e-05,1,4.94671699210699,4.94671699210699,4.94671699210699,4.94671699210699,0,1.801,0.881999999999998,-4.522,1.801,0.881999999999998,-4.522
"43:HE1-43:HZ2"," HE1 TRP    43 "," HZ2 TRP    43 ",651,654,0.00337994481186251,0.00337994481186251,1,2.58135894443217,2.58135894443217,2.58135894443217,2.58135894443217,0,0.149000000000001,0.838000000000001,-2.437,0.149000000000001,0.838000000000001,-2.437
"5:HB2-43:HH2"," HB2 LEU     5 "," HH2 TRP    43 ",86,656,6.53699814343671e-05,6.53699814343671e-05,1,4.98238105728576,4.98238105728576,4.98238105728576,4.98238105728576,0,0.855999999999995,-3.637,3.296,0.855999999999995,-3.637,3.296
"30:HA-43:HH2"," HA  PHE    30 "," HH2 TRP    43 ",455,656,0.000189764419271333,0.000189764419271333,1,4.17155079077314,4.17155079077314,4.17155079077314,4.17155079077314,0,0.0619999999999976,0.205999999999996,4.166,0.0619999999999976,0.205999999999996,4.166
"30:HB1-43:HH2"," HB1 PHE    30 "," HH2 TRP    43 ",457,656,0.00179989878840477,0.00179989878840477,1,2.86720438755244,2.86720438755244,2.86720438755244,2.86720438755244,0,1.59399999999999,-0.707000000000001,2.276,1.59399999999999,-0.707000000000001,2.276
"30:HB2-43:HH2"," HB2 PHE    30 "," HH2 TRP    43 ",458,656,0.00024278950656767,0.00024278950656767,1,4.00370141244324,4.00370141244324,4.00370141244324,4.00370141244324,0,2.76,0.488,2.859,2.76,0.488,2.859
"31:H-43:HH2"," H   LYS    31 "," HH2 TRP    43 ",473,656,0.000351547309430111,0.000351547309430111,1,3.76417122352318,3.76417122352318,3.76417122352318,3.76417122352318,0,1.48,2.764,2.083,1.48,2.764,2.083
"31:HA-43:HH2"," HA  LYS    31 "," HH2 TRP    43 ",475,656,0.0030318206521596,0.0030318206521596,1,2.62854902940767,2.62854902940767,2.62854902940767,2.62854902940767,0,-0.613,2.549,0.190000000000001,-0.613,2.549,0.190000000000001
"31:HB1-43:HH2"," HB1 LYS    31 "," HH2 TRP    43 ",477,656,6.6015895103137e-05,6.6015895103137e-05,1,4.97422295439197,4.97422295439197,4.97422295439197,4.97422295439197,8.88178419700125e-16,1.262,4.755,0.735000000000003,1.262,4.755,0.735000000000007
"31:HB2-43:HH2"," HB2 LYS    31 "," HH2 TRP    43 ",478,656,0.000417179554609319,0.000417179554609319,1,3.65830151846454,3.65830151846454,3.65830151846454,3.65830151846454,4.44089209850063e-16,1.53899999999999,3.307,-0.279999999999998,1.53899999999999,3.307,-0.279999999999994
"31:HG1-43:HH2"," HG1 LYS    31 "," HH2 TRP    43 ",480,656,0.000137884890102783,0.000137884890102783,1,4.39960702790601,4.39960702790601,4.39960702790601,4.39960702790601,0,-0.666000000000004,4.075,-1.519,-0.666000000000004,4.075,-1.519
"31:HE1-43:HH2"," HE1 LYS    31 "," HH2 TRP    43 ",486,656,0.000107135926341016,0.000107135926341016,1,4.58857123732431,4.58857123732431,4.58857123732431,4.58857123732431,0,2.36799999999999,3.45099999999999,-1.881,2.36799999999999,3.45099999999999,-1.881
"31:HE2-43:HH2"," HE2 LYS    31 "," HH2 TRP    43 ",487,656,0.000126053139220406,0.000126053139220406,1,4.46588692198985,4.46588692198985,4.46588692198985,4.46588692198985,0,1.208,3.069,-3.011,1.208,3.069,-3.011
"34:H-43:HH2"," H   ALA    34 "," HH2 TRP    43 ",533,656,0.000213387444468315,0.000213387444468315,1,4.09077119868614,4.09077119868614,4.09077119868614,4.09077119868614,0,-3.072,1.688,2.109,-3.072,1.688,2.109
"43:HE1-43:HH2"," HE1 TRP    43 "," HH2 TRP    43 ",651,656,7.75393142395257e-05,7.75393142395257e-05,1,4.84261200180233,4.84261200180233,4.84261200180233,4.84261200180233,0,-1.167,2.071,-4.219,-1.167,2.071,-4.219
"43:HZ2-43:HH2"," HZ2 TRP    43 "," HH2 TRP    43 ",654,656,0.00376564597308761,0.00376564597308761,1,2.53528479662542,2.53528479662542,2.53528479662542,2.53528479662542,0,-1.316,1.233,-1.782,-1.316,1.233,-1.782
"5:HB2-43:HZ3"," HB2 LEU     5 "," HZ3 TRP    43 ",86,658,6.68384610047278e-05,6.68384610047278e-05,1,4.96396746564681,4.96396746564681,4.96396746564681,4.96396746564681,0,-1.466,-2.876,3.771,-1.466,-2.876,3.771
"27:HA-43:HZ3"," HA  GLU    27 "," HZ3 TRP    43 ",408,658,0.000155564511470299,0.000155564511470299,1,4.31202806113318,4.31202806113318,4.31202806113318,4.31202806113318,0,3.104,1.919,2.297,3.104,1.919,2.297
"27:HG1-43:HZ3"," HG1 GLU    27 "," HZ3 TRP    43 ",413,658,7.1134030475188e-05,7.1134030475188e-05,1,4.91270210780177,4.91270210780177,4.91270210780177,4.91270210780178,8.88178419700125e-16,4.124,2.635,-0.429000000000002,4.124,2.635,-0.428999999999998
"30:HB1-43:HZ3"," HB1 PHE    30 "," HZ3 TRP    43 ",457,658,0.00188104864043481,0.00188104864043481,1,2.84620817931507,2.84620817931507,2.84620817931507,2.84620817931507,0,-0.728000000000002,0.054000000000002,2.751,-0.728000000000002,0.054000000000002,2.751
"30:HB2-43:HZ3"," HB2 PHE    30 "," HZ3 TRP    43 ",458,658,0.000469383148095443,0.000469383148095443,1,3.58711597247705,3.58711597247705,3.58711597247705,3.58711597247705,0,0.438000000000002,1.249,3.334,0.438000000000002,1.249,3.334
"31:H-43:HZ3"," H   LYS    31 "," HZ3 TRP    43 ",473,658,0.000131238193350987,0.000131238193350987,1,4.43598388184628,4.43598388184628,4.43598388184628,4.43598388184628,0,-0.841999999999999,3.525,2.558,-0.841999999999999,3.525,2.558
"31:HA-43:HZ3"," HA  LYS    31 "," HZ3 TRP    43 ",475,658,0.000124764982508626,0.000124764982508626,1,4.47353886760806,4.47353886760806,4.47353886760806,4.47353886760806,0,-2.935,3.31,0.664999999999999,-2.935,3.31,0.664999999999999
"31:HB2-43:HZ3"," HB2 LYS    31 "," HZ3 TRP    43 ",478,658,0.000196532557484452,0.000196532557484452,1,4.1472566836404,4.1472566836404,4.1472566836404,4.1472566836404,0,-0.783000000000001,4.068,0.195,-0.783000000000001,4.068,0.195000000000004
"31:HE1-43:HZ3"," HE1 LYS    31 "," HZ3 TRP    43 ",486,658,0.000130402566622084,0.000130402566622084,1,4.44070895240838,4.44070895240838,4.44070895240838,4.44070895240838,0,0.0459999999999994,4.212,-1.406,0.0459999999999994,4.212,-1.406
"31:HE2-43:HZ3"," HE2 LYS    31 "," HZ3 TRP    43 ",487,658,8.96769806083757e-05,8.96769806083757e-05,1,4.72664701453366,4.72664701453366,4.72664701453366,4.72664701453366,0,-1.114,3.83,-2.536,-1.114,3.83,-2.536
"43:HB1-43:HZ3"," HB1 TRP    43 "," HZ3 TRP    43 ",645,658,6.89208889683885e-05,6.89208889683885e-05,1,4.93864930927475,4.93864930927475,4.93864930927475,4.93864930927475,0,1.457,1.168,-4.572,1.457,1.168,-4.572
"43:HH2-43:HZ3"," HH2 TRP    43 "," HZ3 TRP    43 ",656,658,0.00420315452059356,0.00420315452059356,1,2.48926294312192,2.48926294312192,2.48926294312192,2.48926294312192,0,-2.322,0.761000000000003,0.474999999999998,-2.322,0.761000000000003,0.474999999999998
"27:HG1-43:HE3"," HG1 GLU    27 "," HE3 TRP    43 ",413,660,0.000132953338164638,0.000132953338164638,1,4.42639458250165,4.42639458250165,4.42639458250165,4.42639458250165,0,3.238,2.415,1.81,3.238,2.415,1.81
"27:HG2-43:HE3"," HG2 GLU    27 "," HE3 TRP    43 ",414,660,6.58303932706603e-05,6.58303932706603e-05,1,4.97655633947813,4.97655633947813,4.97655633947813,4.97655633947813,0,2.242,3.685,2.482,2.242,3.685,2.482
"31:HB2-43:HE3"," HB2 LYS    31 "," HE3 TRP    43 ",478,660,7.68870289035633e-05,7.68870289035633e-05,1,4.84943512174356,4.84943512174356,4.84943512174356,4.84943512174356,0,-1.669,3.848,2.434,-1.669,3.848,2.434
"31:HE1-43:HE3"," HE1 LYS    31 "," HE3 TRP    43 ",486,660,0.000191949462213796,0.000191949462213796,1,4.16359856374266,4.16359856374266,4.16359856374266,4.16359856374267,8.88178419700125e-16,-0.840000000000003,3.992,0.832999999999998,-0.840000000000003,3.992,0.832999999999995
"31:HE2-43:HE3"," HE2 LYS    31 "," HE3 TRP    43 ",487,660,0.000199280683165284,0.000199280683165284,1,4.13766951314384,4.13766951314384,4.13766951314384,4.13766951314384,0,-2,3.61,-0.297000000000001,-2,3.61,-0.297000000000004
"43:HA-43:HE3"," HA  TRP    43 "," HE3 TRP    43 ",643,660,0.000489425848125837,0.000489425848125837,1,3.56220451406148,3.56220451406148,3.56220451406148,3.56220451406148,0,-1.094,-0.792999999999999,-3.296,-1.094,-0.792999999999999,-3.296
"43:HB1-43:HE3"," HB1 TRP    43 "," HE3 TRP    43 ",645,660,0.00337353128874063,0.00337353128874063,1,2.58217621397146,2.58217621397146,2.58217621397146,2.58217621397146,2.22044604925031e-15,0.570999999999998,0.948,-2.333,0.570999999999998,0.948,-2.333
"43:HB2-43:HE3"," HB2 TRP    43 "," HE3 TRP    43 ",646,660,0.000203444350396127,0.000203444350396127,1,4.12343412703538,4.12343412703538,4.12343412703538,4.12343412703538,2.51214793389404e-15,-0.0279999999999987,1.858,-3.681,-0.0279999999999987,1.858,-3.681
"43:HZ2-43:HE3"," HZ2 TRP    43 "," HE3 TRP    43 ",654,660,6.81466687926183e-05,6.81466687926183e-05,1,4.94795675001308,4.94795675001308,4.94795675001308,4.94795675001308,0,-4.524,1.774,0.931999999999999,-4.524,1.774,0.931999999999995
"43:HH2-43:HE3"," HH2 TRP    43 "," HE3 TRP    43 ",656,660,0.000172912122044961,0.000172912122044961,1,4.23671346682779,4.23671346682779,4.23671346682779,4.23671346682779,1.98602732259782e-15,-3.208,0.541000000000004,2.714,-3.208,0.541000000000004,2.714
"43:HZ3-43:HE3"," HZ3 TRP    43 "," HE3 TRP    43 ",658,660,0.00500389686075535,0.00500389686075535,1,2.41795719565091,2.41795719565091,2.41795719565091,2.41795719565091,2.22044604925031e-15,-0.886000000000003,-0.219999999999999,2.239,-0.886000000000003,-0.219999999999999,2.239
"43:H-44:H"," H   TRP    43 "," H   THR    44 ",641,665,0.000102140208864857,0.000102140208864857,1,4.62523577777393,4.62523577777393,4.62523577777392,4.62523577777393,1.98602732259782e-15,-1.397,3.294,-2.931,-1.397,3.294,-2.931
"43:HA-44:H"," HA  TRP    43 "," H   THR    44 ",643,665,0.00887148309859873,0.00887148309859873,1,2.19786305305858,2.19786305305858,2.19786305305858,2.19786305305858,9.93013661298909e-16,-1.504,1.419,-0.745000000000001,-1.504,1.419,-0.744999999999997
"43:HB1-44:H"," HB1 TRP    43 "," H   THR    44 ",645,665,0.000982493638310599,0.000982493638310599,1,3.17159975406733,3.17159975406733,3.17159975406733,3.17159975406733,0,0.161000000000001,3.16,0.218,0.161000000000001,3.16,0.218
"43:HB2-44:H"," HB2 TRP    43 "," H   THR    44 ",646,665,0.000170509870200364,0.000170509870200364,1,4.24660381952449,4.24660381952449,4.24660381952449,4.24660381952449,0,-0.437999999999995,4.06999999999999,-1.13,-0.437999999999995,4.06999999999999,-1.13
"43:HE3-44:H"," HE3 TRP    43 "," H   THR    44 ",660,665,0.00064588101182383,0.00064588101182383,1,3.40127108593243,3.40127108593243,3.40127108593243,3.40127108593243,1.88411095042053e-15,-0.409999999999997,2.212,2.551,-0.409999999999997,2.212,2.551
"43:HA-44:HA"," HA  TRP    43 "," HA  THR    44 ",643,667,0.00011728286530244,0.00011728286530244,1,4.51988694548879,4.51988694548879,4.51988694548879,4.51988694548879,0,-4.213,1.597,0.359999999999999,-4.213,1.597,0.359999999999999
"43:HB1-44:HA"," HB1 TRP    43 "," HA  THR    44 ",645,667,0.000137281131775708,0.000137281131775708,1,4.40282602427123,4.40282602427123,4.40282602427123,4.40282602427123,8.88178419700125e-16,-2.548,3.338,1.323,-2.548,3.338,1.323
"44:H-44:HA"," H   THR    44 "," HA  THR    44 ",665,667,0.00157692013342175,0.00157692013342175,1,2.93110729929834,2.93110729929834,2.93110729929834,2.93110729929834,1.25607396694702e-15,-2.709,0.178000000000004,1.105,-2.709,0.178000000000004,1.105
"44:H-44:HB"," H   THR    44 "," HB  THR    44 ",665,669,0.000312774549799277,0.000312774549799277,1,3.83820439789233,3.83820439789233,3.83820439789233,3.83820439789233,3.76822190084106e-15,-2.161,2.814,1.464,-2.161,2.81400000000001,1.464
"44:HA-44:HB"," HA  THR    44 "," HB  THR    44 ",667,669,0.00249023527561423,0.00249023527561423,1,2.71618869005819,2.71618869005819,2.71618869005818,2.71618869005819,5.34754222183067e-15,0.548000000000002,2.636,0.359000000000002,0.548000000000002,2.636,0.359000000000005
"44:H-45:H"," H   THR    44 "," H   TYR    45 ",665,679,0.000161556863465891,0.000161556863465891,1,4.28495005805202,4.28495005805202,4.28495005805202,4.28495005805202,0,-4.075,1.304,0.234000000000002,-4.075,1.304,0.234000000000002
"44:HB-45:H"," HB  THR    44 "," H   TYR    45 ",669,679,0.00241219884728811,0.00241219884728811,1,2.73064021797087,2.73064021797087,2.73064021797087,2.73064021797087,2.84355838317334e-15,-1.914,-1.51,-1.23,-1.914,-1.51000000000001,-1.23
"44:H-45:HA"," H   THR    44 "," HA  TYR    45 ",665,681,7.51284042886825e-05,7.51284042886825e-05,1,4.86817265511403,4.86817265511403,4.86817265511403,4.86817265511403,0,-3.496,2.295,-2.492,-3.496,2.295,-2.492
"44:HA-45:HA"," HA  THR    44 "," HA  TYR    45 ",667,681,0.000170344805703442,0.000170344805703442,1,4.24728937088115,4.24728937088115,4.24728937088114,4.24728937088115,2.51214793389404e-15,-0.786999999999999,2.117,-3.597,-0.786999999999999,2.117,-3.59699999999999
"44:HB-45:HA"," HB  THR    44 "," HA  TYR    45 ",669,681,0.000180288561049876,0.000180288561049876,1,4.20731767281721,4.20731767281721,4.20731767281721,4.20731767281721,8.88178419700125e-16,-1.335,-0.518999999999998,-3.956,-1.335,-0.519000000000005,-3.956
"45:H-45:HA"," H   TYR    45 "," HA  TYR    45 ",679,681,0.00149353155295387,0.00149353155295387,1,2.95776909173113,2.95776909173113,2.95776909173113,2.95776909173113,0,0.579000000000001,0.991,-2.726,0.579000000000001,0.991,-2.726
"44:HA-45:HB1"," HA  THR    44 "," HB1 TYR    45 ",667,683,0.000189020184892268,0.000189020184892268,1,4.17428377090011,4.17428377090011,4.1742837709001,4.17428377090011,1.25607396694702e-15,-3.17,0.359000000000002,-2.692,-3.17,0.359000000000002,-2.692
"45:H-45:HB1"," H   TYR    45 "," HB1 TYR    45 ",679,683,0.00272576957496421,0.00272576957496421,1,2.67558330088973,2.67558330088973,2.67558330088973,2.67558330088973,0,-1.804,-0.766999999999996,-1.821,-1.804,-0.766999999999996,-1.821
"45:HA-45:HB1"," HA  TYR    45 "," HB1 TYR    45 ",681,683,0.00113443116239754,0.00113443116239754,1,3.09649446955747,3.09649446955747,3.09649446955747,3.09649446955747,0,-2.383,-1.758,0.904999999999998,-2.383,-1.758,0.904999999999998
"44:HA-45:HB2"," HA  THR    44 "," HB2 TYR    45 ",667,684,0.000208866340985714,0.000208866340985714,1,4.10539791006913,4.10539791006913,4.10539791006913,4.10539791006913,1.98602732259782e-15,-1.812,-0.207999999999998,-3.678,-1.812,-0.207999999999998,-3.67799999999999
"45:H-45:HB2"," H   TYR    45 "," HB2 TYR    45 ",679,684,0.0010439277279832,0.0010439277279832,1,3.13970078192174,3.13970078192174,3.13970078192174,3.13970078192174,0,-0.445999999999998,-1.334,-2.807,-0.445999999999998,-1.334,-2.807
"45:HA-45:HB2"," HA  TYR    45 "," HB2 TYR    45 ",681,684,0.00370455147328991,0.00370455147328991,1,2.54220593186311,2.54220593186311,2.54220593186311,2.54220593186311,0,-1.025,-2.325,-0.0809999999999995,-1.025,-2.325,-0.0809999999999995
"45:H-46:H"," H   TYR    45 "," H   ASP    46 ",679,700,0.000121538403988765,0.000121538403988765,1,4.49311718075547,4.49311718075547,4.49311718075547,4.49311718075547,0,-0.482999999999997,2.923,-3.378,-0.482999999999997,2.923,-3.378
"45:HA-46:H"," HA  TYR    45 "," H   ASP    46 ",681,700,0.00677211026116754,0.00677211026116754,1,2.29903718978185,2.29903718978185,2.29903718978185,2.29903718978185,0,-1.062,1.932,-0.652000000000001,-1.062,1.932,-0.652000000000001
"45:HB1-46:H"," HB1 TYR    45 "," H   ASP    46 ",683,700,0.000177750086746719,0.000177750086746719,1,4.21727281545787,4.21727281545787,4.21727281545787,4.21727281545787,0,1.32100000000001,3.69,-1.557,1.32100000000001,3.69,-1.557
"45:HB2-46:H"," HB2 TYR    45 "," H   ASP    46 ",684,700,0.000159238872129681,0.000159238872129681,1,4.29528334338958,4.29528334338958,4.29528334338958,4.29528334338958,0,-0.036999999999999,4.257,-0.571000000000002,-0.036999999999999,4.257,-0.571000000000002
"45:HA-46:HA"," HA  TYR    45 "," HA  ASP    46 ",681,702,9.27588734320603e-05,9.27588734320603e-05,1,4.70010350949849,4.70010350949849,4.70010350949849,4.70010350949849,3.20237283398938e-15,-3.656,2.886,0.628999999999998,-3.656,2.88600000000001,0.628999999999998
"45:HB1-46:HA"," HB1 TYR    45 "," HA  ASP    46 ",683,702,7.94288252197526e-05,7.94288252197526e-05,1,4.8232189458908,4.8232189458908,4.8232189458908,4.82321894589081,5.02429586778808e-15,-1.273,4.644,-0.276,-1.273,4.64400000000001,-0.276
"46:H-46:HA"," H   ASP    46 "," HA  ASP    46 ",700,702,0.0012513197116724,0.0012513197116724,1,3.04629496273752,3.04629496273752,3.04629496273752,3.04629496273752,1.60118641699469e-15,-2.594,0.954000000000001,1.281,-2.594,0.954000000000008,1.281
"45:HA-46:HB1"," HA  TYR    45 "," HB1 ASP    46 ",681,704,9.42611563096565e-05,9.42611563096565e-05,1,4.68753517320138,4.68753517320138,4.68753517320137,4.68753517320138,4.44089209850063e-15,-1.329,4.477,-0.404,-1.329,4.47700000000001,-0.403999999999996
"46:H-46:HB1"," H   ASP    46 "," HB1 ASP    46 ",700,704,0.00346283258609538,0.00346283258609538,1,2.57095663129506,2.57095663129506,2.57095663129505,2.57095663129506,5.02429586778808e-15,-0.267000000000003,2.545,0.248000000000001,-0.267000000000003,2.54500000000001,0.248000000000005
"46:HA-46:HB1"," HA  ASP    46 "," HB1 ASP    46 ",702,704,0.00136567910672045,0.00136567910672045,1,3.00221568179236,3.00221568179236,3.00221568179236,3.00221568179236,9.93013661298909e-16,2.327,1.591,-1.033,2.327,1.591,-1.03299999999999
"45:HA-46:HB2"," HA  TYR    45 "," HB2 ASP    46 ",681,705,6.71453908960966e-05,6.71453908960966e-05,1,4.96017842421016,4.96017842421016,4.96017842421016,4.96017842421017,5.02429586778808e-15,-1.893,4.415,1.236,-1.893,4.41500000000001,1.236
"46:H-46:HB2"," H   ASP    46 "," HB2 ASP    46 ",700,705,0.000883786939950528,0.000883786939950528,1,3.22806350619067,3.22806350619067,3.22806350619067,3.22806350619068,5.34754222183067e-15,-0.831000000000003,2.483,1.888,-0.831000000000003,2.483,1.88800000000001
"46:HA-46:HB2"," HA  ASP    46 "," HB2 ASP    46 ",702,705,0.00508712093964711,0.00508712093964711,1,2.41131893369583,2.41131893369583,2.41131893369583,2.41131893369583,6.2803698347351e-16,1.763,1.529,0.607000000000003,1.763,1.529,0.607000000000006
"46:H-47:H"," H   ASP    46 "," H   ASP    47 ",700,712,0.000171978750606418,0.000171978750606418,1,4.24053711220643,4.24053711220643,4.24053711220643,4.24053711220643,0,-4.185,0.679000000000002,-0.0829999999999984,-4.185,0.679000000000002,-0.0829999999999984
"46:HA-47:H"," HA  ASP    46 "," H   ASP    47 ",702,712,0.0112159198493503,0.0112159198493503,1,2.1136229559692,2.1136229559692,2.1136229559692,2.1136229559692,4.44089209850063e-16,-1.591,-0.274999999999999,-1.364,-1.591,-0.275000000000006,-1.364
"46:HB1-47:H"," HB1 ASP    46 "," H   ASP    47 ",704,712,0.000147131589444791,0.000147131589444791,1,4.35226848896067,4.35226848896067,4.35226848896067,4.35226848896067,2.51214793389404e-15,-3.918,-1.866,-0.331,-3.918,-1.86600000000001,-0.331000000000003
"46:HB2-47:H"," HB2 ASP    46 "," H   ASP    47 ",705,712,0.000160825872222337,0.000160825872222337,1,4.28818994448707,4.28818994448707,4.28818994448706,4.28818994448707,3.20237283398938e-15,-3.354,-1.80399999999999,-1.971,-3.354,-1.804,-1.971
"46:H-47:HA"," H   ASP    46 "," HA  ASP    47 ",700,714,8.84203412127997e-05,8.84203412127997e-05,1,4.73777722144045,4.73777722144045,4.73777722144045,4.73777722144045,0,-3.774,0.0309999999999988,-2.864,-3.774,0.0309999999999988,-2.864
"46:HA-47:HA"," HA  ASP    46 "," HA  ASP    47 ",702,714,0.00013642475236352,0.00013642475236352,1,4.40742033393685,4.40742033393685,4.40742033393685,4.40742033393685,8.88178419700125e-16,-1.18,-0.923000000000002,-4.145,-1.18,-0.923000000000009,-4.145
"47:H-47:HA"," H   ASP    47 "," HA  ASP    47 ",712,714,0.00173457792919741,0.00173457792919741,1,2.88492391580784,2.88492391580784,2.88492391580784,2.88492391580784,0,0.411000000000001,-0.648000000000003,-2.781,0.411000000000001,-0.648000000000003,-2.781
"46:HA-47:HB1"," HA  ASP    46 "," HB1 ASP    47 ",702,716,0.000123213114489406,0.000123213114489406,1,4.48288065868366,4.48288065868366,4.48288065868366,4.48288065868366,1.98602732259782e-15,-2.927,-2.047,-2.709,-2.927,-2.04700000000001,-2.709
"47:H-47:HB1"," H   ASP    47 "," HB1 ASP    47 ",712,716,0.00327490754975505,0.00327490754975505,1,2.59497687850971,2.59497687850971,2.59497687850971,2.59497687850971,0,-1.336,-1.77200000000001,-1.345,-1.336,-1.77200000000001,-1.345
"47:HA-47:HB1"," HA  ASP    47 "," HB1 ASP    47 ",714,716,0.00385524941326891,0.00385524941326891,1,2.52536749800895,2.52536749800895,2.52536749800895,2.52536749800895,0,-1.747,-1.124,1.436,-1.747,-1.124,1.436
"47:H-47:HB2"," H   ASP    47 "," HB2 ASP    47 ",712,717,0.000483708772998004,0.000483708772998004,1,3.56918730245416,3.56918730245416,3.56918730245416,3.56918730245416,2.51214793389404e-15,-1.736,-1.241,-2.861,-1.736,-1.241,-2.861
"47:HA-47:HB2"," HA  ASP    47 "," HB2 ASP    47 ",714,717,0.00815727179265327,0.00815727179265327,1,2.22882435377936,2.22882435377936,2.22882435377936,2.22882435377937,4.72073305456828e-15,-2.147,-0.592999999999996,-0.0799999999999983,-2.14700000000001,-0.592999999999996,-0.0799999999999983
"46:HA-48:H"," HA  ASP    46 "," H   ALA    48 ",702,724,0.000391470147901858,0.000391470147901858,1,3.69729035916845,3.69729035916845,3.69729035916845,3.69729035916845,1.60118641699469e-15,-2.11,1.88,-2.384,-2.11,1.88,-2.384
"46:HB1-48:H"," HB1 ASP    46 "," H   ALA    48 ",704,724,9.92884396474128e-05,9.92884396474128e-05,1,4.64711641773691,4.64711641773692,4.64711641773692,4.64711641773692,0,-4.437,0.288999999999994,-1.351,-4.437,0.288999999999994,-1.351
"46:HB2-48:H"," HB2 ASP    46 "," H   ALA    48 ",705,724,7.17139446223076e-05,7.17139446223076e-05,1,4.9060586013622,4.9060586013622,4.9060586013622,4.9060586013622,0,-3.873,0.350999999999999,-2.991,-3.873,0.350999999999999,-2.991
"47:H-48:H"," H   ASP    47 "," H   ALA    48 ",712,724,0.00473827582630986,0.00473827582630985,1,2.44003811445641,2.44003811445641,2.44003811445641,2.44003811445641,3.46844760730509e-15,-0.518999999999998,2.15499999999999,-1.02,-0.518999999999998,2.155,-1.02
"47:HA-48:H"," HA  ASP    47 "," H   ALA    48 ",714,724,0.00060511186023539,0.00060511186023539,1,3.4384342366839,3.4384342366839,3.4384342366839,3.43843423668391,5.34754222183067e-15,-0.93,2.803,1.761,-0.93,2.803,1.761
"47:HB1-48:H"," HB1 ASP    47 "," H   ALA    48 ",716,724,0.000235451767099625,0.000235451767099625,1,4.02423197641488,4.02423197641488,4.02423197641488,4.02423197641489,5.02429586778808e-15,0.817,3.927,0.324999999999999,0.817,3.92700000000001,0.325000000000003
"47:HB2-48:H"," HB2 ASP    47 "," H   ALA    48 ",717,724,0.000226576764857971,0.000226576764857971,1,4.05008469047253,4.05008469047253,4.05008469047253,4.05008469047254,6.93689521461019e-15,1.217,3.39599999999999,1.841,1.21700000000001,3.396,1.841
"47:HA-48:HA"," HA  ASP    47 "," HA  ALA    48 ",714,726,7.42849809428963e-05,7.42849809428963e-05,1,4.87734148896712,4.87734148896712,4.87734148896712,4.87734148896712,2.51214793389404e-15,-2.222,4.326,-0.370000000000001,-2.22200000000001,4.326,-0.370000000000001
"47:HB2-48:HA"," HB2 ASP    47 "," HA  ALA    48 ",717,726,6.98098467880897e-05,6.98098467880897e-05,1,4.92811180879655,4.92811180879655,4.92811180879655,4.92811180879655,0,-0.0750000000000028,4.919,-0.290000000000003,-0.0750000000000028,4.919,-0.290000000000003
"48:H-48:HA"," H   ALA    48 "," HA  ALA    48 ",724,726,0.00161123887828591,0.00161123887828591,1,2.92060849824142,2.92060849824142,2.92060849824142,2.92060849824142,1.60118641699469e-15,-1.292,1.523,-2.131,-1.29200000000001,1.523,-2.131
"46:HA-49:H"," HA  ASP    46 "," H   THR    49 ",702,734,8.50982718225045e-05,8.50982718225045e-05,1,4.76811304396194,4.76811304396194,4.76811304396194,4.76811304396194,3.20237283398938e-15,0.0609999999999999,3.091,-3.63,0.0609999999999999,3.09099999999999,-3.63
"46:HB1-49:H"," HB1 ASP    46 "," H   THR    49 ",704,734,0.00035452797452823,0.00035452797452823,1,3.75887815711018,3.75887815711018,3.75887815711018,3.75887815711018,4.44089209850063e-16,-2.266,1.5,-2.597,-2.266,1.49999999999999,-2.597
"46:HB2-49:H"," HB2 ASP    46 "," H   THR    49 ",705,734,7.91694659177674e-05,7.91694659177674e-05,1,4.82584883725133,4.82584883725133,4.82584883725133,4.82584883725133,8.88178419700125e-16,-1.702,1.562,-4.237,-1.702,1.562,-4.23700000000001
"47:H-49:H"," H   ASP    47 "," H   THR    49 ",712,734,0.000141421688611112,0.000141421688611112,1,4.38107475398446,4.38107475398446,4.38107475398446,4.38107475398446,0,1.652,3.366,-2.266,1.652,3.366,-2.266
"47:HA-49:H"," HA  ASP    47 "," H   THR    49 ",714,734,0.0001738471659177,0.0001738471659177,1,4.23290703890364,4.23290703890364,4.23290703890364,4.23290703890364,0,1.241,4.014,0.515000000000001,1.241,4.014,0.515000000000001
"48:H-49:H"," H   ALA    48 "," H   THR    49 ",724,734,0.00216310509512506,0.00216310509512506,1,2.78069739453972,2.78069739453972,2.78069739453972,2.78069739453972,9.93013661298909e-16,2.171,1.21100000000001,-1.246,2.171,1.211,-1.246
"48:HA-49:H"," HA  ALA    48 "," H   THR    49 ",726,734,0.00046877772528633,0.00046877772528633,1,3.58788767940135,3.58788767940135,3.58788767940135,3.58788767940136,4.72073305456828e-15,3.463,-0.311999999999998,0.885000000000002,3.46300000000001,-0.311999999999998,0.885000000000002
"48:HA-49:HA"," HA  ALA    48 "," HA  THR    49 ",726,736,0.000106299954395322,0.000106299954395322,1,4.59456592073724,4.59456592073724,4.59456592073724,4.59456592073725,5.68711676634668e-15,4.148,0.866,-1.776,4.14800000000001,0.866000000000007,-1.776
"49:H-49:HA"," H   THR    49 "," HA  THR    49 ",734,736,0.00140056648613915,0.00140056648613915,1,2.98962037723856,2.98962037723856,2.98962037723856,2.98962037723856,2.22044604925031e-15,0.685000000000002,1.178,-2.661,0.685000000000002,1.178,-2.661
"49:H-49:HB"," H   THR    49 "," HB  THR    49 ",734,738,0.000337358271310153,0.000337358271310153,1,3.79010672672947,3.79010672672947,3.79010672672947,3.79010672672947,1.60118641699469e-15,3.068,1.282,-1.819,3.068,1.282,-1.819
"49:HA-49:HB"," HA  THR    49 "," HB  THR    49 ",736,738,0.00381743621727224,0.00381743621727224,1,2.5295195195926,2.5295195195926,2.5295195195926,2.5295195195926,0,2.383,0.103999999999999,0.842000000000002,2.383,0.103999999999999,0.842000000000002
"46:HB1-50:H"," HB1 ASP    46 "," H   LYS    50 ",704,748,8.83301054359855e-05,8.83301054359855e-05,1,4.73858354363411,4.73858354363411,4.73858354363411,4.73858354363411,1.98602732259782e-15,-2.219,-0.273000000000003,-4.178,-2.219,-0.273000000000003,-4.178
"47:H-50:H"," H   ASP    47 "," H   LYS    50 ",712,748,0.000120898468248031,0.000120898468248031,1,4.49707226982178,4.49707226982178,4.49707226982178,4.49707226982178,1.98602732259782e-15,1.699,1.593,-3.847,1.699,1.593,-3.847
"47:HA-50:H"," HA  ASP    47 "," H   LYS    50 ",714,748,0.00209322620605992,0.00209322620605992,1,2.79595797536372,2.79595797536372,2.79595797536372,2.79595797536372,4.09430021321672e-15,1.288,2.241,-1.066,1.288,2.24100000000001,-1.066
"47:HB2-50:H"," HB2 ASP    47 "," H   LYS    50 ",717,748,0.000111076844387331,0.000111076844387331,1,4.56102806393471,4.56102806393471,4.5610280639347,4.56102806393471,6.93689521461019e-15,3.435,2.834,-0.986000000000001,3.435,2.834,-0.986000000000001
"48:H-50:H"," H   ALA    48 "," H   LYS    50 ",724,748,0.000432102406128446,0.000432102406128446,1,3.63693511077665,3.63693511077665,3.63693511077665,3.63693511077665,1.88411095042053e-15,2.218,-0.561999999999998,-2.827,2.218,-0.561999999999998,-2.827
"48:HA-50:H"," HA  ALA    48 "," H   LYS    50 ",726,748,0.000198187094148509,0.000198187094148509,1,4.14146604477207,4.14146604477207,4.14146604477207,4.14146604477207,1.25607396694702e-15,3.51,-2.085,-0.695999999999998,3.51000000000001,-2.08499999999999,-0.695999999999998
"49:H-50:H"," H   THR    49 "," H   LYS    50 ",734,748,0.00555826377438918,0.00555826377438918,1,2.37598379624104,2.37598379624104,2.37598379624104,2.37598379624105,4.09430021321672e-15,0.046999999999997,-1.773,-1.581,0.046999999999997,-1.773,-1.581
"49:HA-50:H"," HA  THR    49 "," H   LYS    50 ",736,748,0.000919997913466829,0.000919997913466829,1,3.20653161531272,3.20653161531272,3.20653161531272,3.20653161531272,0,-0.638000000000005,-2.951,1.08,-0.638000000000005,-2.951,1.08
"49:HB-50:H"," HB  THR    49 "," H   LYS    50 ",738,748,0.000157525455288577,0.000157525455288577,1,4.30303497545628,4.30303497545628,4.30303497545628,4.30303497545628,0,-3.021,-3.055,0.238,-3.021,-3.055,0.238
"3:HA-50:HA"," HA  TYR     3 "," HA  LYS    50 ",40,750,0.000110098505867181,0.000110098505867181,1,4.56775809341957,4.56775809341957,4.56775809341957,4.56775809341957,1.98602732259782e-15,-2.793,0.738999999999997,3.538,-2.793,0.738999999999997,3.538
"47:HA-50:HA"," HA  ASP    47 "," HA  LYS    50 ",714,750,0.00396680419001511,0.00396680419001511,1,2.51338994189123,2.51338994189123,2.51338994189123,2.51338994189123,0,1.616,0.088000000000001,-1.923,1.616,0.088000000000001,-1.923
"47:HB1-50:HA"," HB1 ASP    47 "," HA  LYS    50 ",716,750,7.17838614423142e-05,7.17838614423142e-05,1,4.90526186864677,4.90526186864677,4.90526186864677,4.90526186864677,0,3.363,1.212,-3.359,3.363,1.212,-3.359
"47:HB2-50:HA"," HB2 ASP    47 "," HA  LYS    50 ",717,750,0.000170881000386336,0.000170881000386337,1,4.24506525273758,4.24506525273758,4.24506525273758,4.24506525273759,4.44089209850063e-15,3.763,0.680999999999997,-1.843,3.76300000000001,0.680999999999997,-1.843
"49:H-50:HA"," H   THR    49 "," HA  LYS    50 ",734,750,0.000100648928925463,0.000100648928925463,1,4.63658764610354,4.63658764610354,4.63658764610354,4.63658764610354,0,0.375,-3.926,-2.438,0.375,-3.926,-2.438
"50:H-50:HA"," H   LYS    50 "," HA  LYS    50 ",748,750,0.00608508483501514,0.00608508483501514,1,2.34039355664811,2.34039355664811,2.34039355664811,2.34039355664812,4.39625888431457e-15,0.328000000000003,-2.153,-0.856999999999999,0.328000000000003,-2.15300000000001,-0.856999999999999
"3:H-50:HB1"," H   TYR     3 "," HB1 LYS    50 ",38,752,7.55832155674572e-05,7.55832155674572e-05,1,4.86327811254919,4.86327811254919,4.86327811254919,4.86327811254919,0,-2.753,1.60899999999999,3.672,-2.753,1.60899999999999,3.672
"3:HA-50:HB1"," HA  TYR     3 "," HB1 LYS    50 ",40,752,0.00472867186370181,0.00472867186370181,1,2.44086337184202,2.44086337184202,2.44086337184202,2.44086337184202,1.25607396694702e-15,-2.122,0.550999999999995,1.073,-2.122,0.550999999999995,1.073
"3:HB1-50:HB1"," HB1 TYR     3 "," HB1 LYS    50 ",42,752,0.000319004234346266,0.000319004234346266,1,3.82560910182941,3.82560910182941,3.82560910182941,3.82560910182941,0,-2.85,2.552,0.00900000000000034,-2.85,2.552,0.00899999999999679
"3:HB2-50:HB1"," HB2 TYR     3 "," HB1 LYS    50 ",43,752,6.71110076202798e-05,6.71110076202798e-05,1,4.96060187880463,4.96060187880463,4.96060187880463,4.96060187880463,8.88178419700125e-16,-3.397,3.271,1.539,-3.397,3.271,1.53900000000001
"4:H-50:HB1"," H   LYS     4 "," HB1 LYS    50 ",59,752,0.000220357903398309,0.000220357903398309,1,4.06891447440223,4.06891447440223,4.06891447440223,4.06891447440223,0,-4.02,0.192,-0.599,-4.02,0.192,-0.599
"47:HA-50:HB1"," HA  ASP    47 "," HB1 LYS    50 ",714,752,6.80412519760739e-05,6.80412519760739e-05,1,4.94923357702988,4.94923357702988,4.94923357702988,4.94923357702988,0,2.287,-0.100000000000001,-4.388,2.287,-0.100000000000001,-4.388
"50:H-50:HB1"," H   LYS    50 "," HB1 LYS    50 ",748,752,0.000186142907496851,0.000186142907496851,1,4.18496905603853,4.18496905603853,4.18496905603853,4.18496905603853,2.51214793389404e-15,0.999000000000002,-2.341,-3.322,0.999000000000002,-2.34100000000001,-3.322
"50:HA-50:HB1"," HA  LYS    50 "," HB1 LYS    50 ",750,752,0.00353939511254886,0.00353939511254886,1,2.56160301373964,2.56160301373964,2.56160301373964,2.56160301373964,0,0.670999999999999,-0.188000000000002,-2.465,0.670999999999999,-0.188000000000002,-2.465
"3:HA-50:HB2"," HA  TYR     3 "," HB2 LYS    50 ",40,753,0.0012661487873657,0.0012661487873657,1,3.04031939111666,3.04031939111666,3.04031939111666,3.04031939111666,9.93013661298909e-16,-1.763,2.242,1.053,-1.763,2.242,1.053
"3:HB1-50:HB2"," HB1 TYR     3 "," HB2 LYS    50 ",42,753,7.04871188352598e-05,7.04871188352598e-05,1,4.92018810616017,4.92018810616017,4.92018810616017,4.92018810616017,0,-2.491,4.243,-0.0109999999999992,-2.491,4.243,-0.0110000000000028
"4:H-50:HB2"," H   LYS     4 "," HB2 LYS    50 ",59,753,0.000192075146650065,0.000192075146650065,1,4.16314436453986,4.16314436453986,4.16314436453986,4.16314436453986,0,-3.66099999999999,1.883,-0.619,-3.66099999999999,1.883,-0.619
"49:HA-50:HB2"," HA  THR    49 "," HB2 LYS    50 ",736,753,0.00015534737539078,0.00015534737539078,1,4.3130319961716,4.3130319961716,4.3130319961716,4.31303199617161,4.44089209850063e-15,0.719999999999999,-3.601,-2.262,0.719999999999999,-3.60100000000001,-2.262
"50:H-50:HB2"," H   LYS    50 "," HB2 LYS    50 ",748,753,0.000412312107196484,0.000412312107196484,1,3.66546422707957,3.66546422707957,3.66546422707957,3.66546422707957,6.2803698347351e-16,1.358,-0.649999999999999,-3.342,1.358,-0.650000000000006,-3.342
"50:HA-50:HB2"," HA  LYS    50 "," HB2 LYS    50 ",750,753,0.00116814486902645,0.00116814486902645,1,3.08141753094254,3.08141753094254,3.08141753094254,3.08141753094254,0,1.03,1.503,-2.485,1.03,1.503,-2.485
"47:HA-50:HG1"," HA  ASP    47 "," HG1 LYS    50 ",714,755,0.000375624676544226,0.000375624676544226,1,3.72283950768765,3.72283950768765,3.72283950768765,3.72283950768765,0,-0.0650000000000048,1.39,-3.453,-0.0650000000000048,1.39,-3.453
"47:HB2-50:HG1"," HB2 ASP    47 "," HG1 LYS    50 ",717,755,0.000131917011946812,0.000131917011946812,1,4.43217125120408,4.43217125120408,4.43217125120408,4.43217125120409,1.98602732259782e-15,2.08199999999999,1.983,-3.373,2.082,1.983,-3.373
"48:HA-50:HG1"," HA  ALA    48 "," HG1 LYS    50 ",726,755,8.4620223728038e-05,8.4620223728038e-05,1,4.77259195825497,4.77259195825497,4.77259195825497,4.77259195825497,2.51214793389404e-15,2.157,-2.936,-3.083,2.157,-2.936,-3.083
"49:H-50:HG1"," H   THR    49 "," HG1 LYS    50 ",734,755,6.93825859799211e-05,6.93825859799211e-05,1,4.93315679864324,4.93315679864324,4.93315679864324,4.93315679864324,0,-1.306,-2.624,-3.968,-1.306,-2.624,-3.968
"49:HA-50:HG1"," HA  THR    49 "," HG1 LYS    50 ",736,755,0.000122638913185758,0.000122638913185758,1,4.48637203093993,4.48637203093993,4.48637203093992,4.48637203093993,4.44089209850063e-15,-1.99100000000001,-3.802,-1.307,-1.99100000000001,-3.80200000000001,-1.307
"50:H-50:HG1"," H   LYS    50 "," HG1 LYS    50 ",748,755,0.00177922523144059,0.00177922523144059,1,2.87273023446338,2.87273023446338,2.87273023446338,2.87273023446338,1.60118641699469e-15,-1.353,-0.850999999999999,-2.387,-1.353,-0.851000000000006,-2.387
"50:HA-50:HG1"," HA  LYS    50 "," HG1 LYS    50 ",750,755,0.0030950914920625,0.0030950914920625,1,2.61951617670134,2.61951617670134,2.61951617670134,2.61951617670134,0,-1.681,1.302,-1.53,-1.681,1.302,-1.53
"50:HB1-50:HG1"," HB1 LYS    50 "," HG1 LYS    50 ",752,755,0.00155789093598677,0.00155789093598677,1,2.93704426251972,2.93704426251972,2.93704426251972,2.93704426251972,0,-2.352,1.49,0.934999999999999,-2.352,1.49,0.934999999999999
"50:HB2-50:HG1"," HB2 LYS    50 "," HG1 LYS    50 ",753,755,0.00174767281364058,0.00174767281364058,1,2.88130994514648,2.88130994514648,2.88130994514648,2.88130994514648,0,-2.71100000000001,-0.201000000000001,0.954999999999998,-2.71100000000001,-0.201000000000001,0.954999999999998
"3:HA-50:HG2"," HA  TYR     3 "," HG2 LYS    50 ",40,756,0.00012924602001425,0.00012924602001425,1,4.44730727519473,4.44730727519473,4.44730727519473,4.44730727519474,8.88178419700125e-16,-4.279,0.644999999999996,1.026,-4.279,0.644999999999996,1.026
"47:HA-50:HG2"," HA  ASP    47 "," HG2 LYS    50 ",714,756,0.000131074105387639,0.000131074105387639,1,4.43690894655277,4.43690894655277,4.43690894655277,4.43690894655277,0,0.129999999999995,-0.00600000000000023,-4.435,0.129999999999995,-0.00600000000000023,-4.435
"47:HB2-50:HG2"," HB2 ASP    47 "," HG2 LYS    50 ",717,756,6.80378354324695e-05,6.80378354324695e-05,1,4.94927499741124,4.94927499741124,4.94927499741123,4.94927499741124,2.51214793389404e-15,2.27699999999999,0.586999999999996,-4.355,2.277,0.586999999999996,-4.355
"50:H-50:HG2"," H   LYS    50 "," HG2 LYS    50 ",748,756,0.000179113909031448,0.000179113909031448,1,4.2119038450563,4.2119038450563,4.21190384505629,4.2119038450563,2.51214793389404e-15,-1.158,-2.247,-3.369,-1.158,-2.24700000000001,-3.369
"50:HA-50:HG2"," HA  LYS    50 "," HG2 LYS    50 ",750,756,0.00161281412897943,0.00161281412897943,1,2.92013287368914,2.92013287368914,2.92013287368914,2.92013287368914,0,-1.486,-0.0940000000000012,-2.512,-1.486,-0.0940000000000012,-2.512
"50:HB1-50:HG2"," HB1 LYS    50 "," HG2 LYS    50 ",752,756,0.00985847769840842,0.00985847769840842,1,2.15955875122674,2.15955875122674,2.15955875122674,2.15955875122674,0,-2.157,0.0940000000000012,-0.0470000000000006,-2.157,0.0940000000000012,-0.0470000000000006
"50:HB2-50:HG2"," HB2 LYS    50 "," HG2 LYS    50 ",753,756,0.00142743581595689,0.00142743581595689,1,2.9801667738568,2.9801667738568,2.9801667738568,2.9801667738568,0,-2.51600000000001,-1.597,-0.027000000000001,-2.51600000000001,-1.597,-0.027000000000001
"1:HA-50:HD1"," HA  MET     1 "," HD1 LYS    50 ",6,758,8.00564399869642e-05,8.00564399869642e-05,1,4.81689619983657,4.81689619983657,4.81689619983657,4.81689619983657,0,0.664000000000001,-0.467000000000006,4.748,0.664000000000001,-0.467000000000006,4.748
"2:HA-50:HD1"," HA  GLN     2 "," HD1 LYS    50 ",23,758,7.22075318606333e-05,7.22075318606333e-05,1,4.90045324434383,4.90045324434383,4.90045324434383,4.90045324434383,0,-2.90799999999999,2.087,3.347,-2.90799999999999,2.087,3.347
"3:HA-50:HD1"," HA  TYR     3 "," HD1 LYS    50 ",40,758,0.00018990093710308,0.00018990093710308,1,4.17105082683009,4.17105082683009,4.17105082683009,4.17105082683009,0,-3.675,1.78599999999999,-0.838000000000001,-3.675,1.78599999999999,-0.838000000000005
"50:HA-50:HD1"," HA  LYS    50 "," HD1 LYS    50 ",750,758,0.000107617868133481,0.000107617868133481,1,4.58514001967225,4.58514001967225,4.58514001967225,4.58514001967225,0,-0.881999999999998,1.047,-4.376,-0.881999999999998,1.047,-4.376
"50:HB1-50:HD1"," HB1 LYS    50 "," HD1 LYS    50 ",752,758,0.00228798971124634,0.00228798971124634,1,2.75480580077798,2.75480580077798,2.75480580077798,2.75480580077798,0,-1.553,1.235,-1.911,-1.553,1.235,-1.911
"50:HB2-50:HD1"," HB2 LYS    50 "," HD1 LYS    50 ",753,758,0.0024286116431279,0.0024286116431279,1,2.72755586560569,2.72755586560569,2.72755586560569,2.72755586560569,0,-1.912,-0.456000000000003,-1.891,-1.912,-0.456000000000003,-1.891
"50:HG1-50:HD1"," HG1 LYS    50 "," HD1 LYS    50 ",755,758,0.00146584104419577,0.00146584104419577,1,2.96700893156728,2.96700893156728,2.96700893156728,2.96700893156728,0,0.799000000000007,-0.255000000000003,-2.846,0.799000000000007,-0.255000000000003,-2.846
"50:HG2-50:HD1"," HG2 LYS    50 "," HD1 LYS    50 ",756,758,0.00735882164891061,0.00735882164891061,1,2.26741989935698,2.26741989935698,2.26741989935698,2.26741989935698,0,0.604000000000006,1.141,-1.864,0.604000000000006,1.141,-1.864
"3:HA-50:HD2"," HA  TYR     3 "," HD2 LYS    50 ",40,759,7.91210127572903e-05,7.91210127572903e-05,1,4.82634126435335,4.82634126435335,4.82634126435335,4.82634126435335,0,-3.483,3.34099999999999,0,-3.483,3.34099999999999,-3.5527136788005e-15
"49:HA-50:HD2"," HA  THR    49 "," HD2 LYS    50 ",736,759,0.000164538084525527,0.000164538084525527,1,4.27191163298119,4.27191163298119,4.27191163298119,4.27191163298119,2.51214793389404e-15,-1,-2.502,-3.315,-1,-2.50200000000001,-3.315
"50:H-50:HD2"," H   LYS    50 "," HD2 LYS    50 ",748,759,0.000131825832861003,0.000131825832861003,1,4.43268203235919,4.43268203235919,4.43268203235919,4.43268203235919,8.88178419700125e-16,-0.361999999999995,0.448999999999998,-4.395,-0.361999999999995,0.448999999999991,-4.395
"50:HA-50:HD2"," HA  LYS    50 "," HD2 LYS    50 ",750,759,0.000129532543167898,0.000129532543167898,1,4.44566620429379,4.44566620429379,4.44566620429379,4.44566620429379,0,-0.689999999999998,2.602,-3.538,-0.689999999999998,2.602,-3.538
"50:HB1-50:HD2"," HB1 LYS    50 "," HD2 LYS    50 ",752,759,0.000796539615134094,0.000796539615134094,1,3.28447103808208,3.28447103808208,3.28447103808208,3.28447103808208,0,-1.361,2.79,-1.073,-1.361,2.79,-1.073
"50:HB2-50:HD2"," HB2 LYS    50 "," HD2 LYS    50 ",753,759,0.00681287056721386,0.00681287056721386,1,2.29673899257186,2.29673899257186,2.29673899257186,2.29673899257186,0,-1.72,1.099,-1.053,-1.72,1.099,-1.053
"50:HG1-50:HD2"," HG1 LYS    50 "," HD2 LYS    50 ",755,759,0.00331871381753047,0.00331871381753047,1,2.58923637391413,2.58923637391413,2.58923637391413,2.58923637391413,0,0.991000000000007,1.3,-2.008,0.991000000000007,1.3,-2.008
"50:HG2-50:HD2"," HG2 LYS    50 "," HD2 LYS    50 ",756,759,0.00139266196227212,0.00139266196227212,1,2.99244181229978,2.99244181229978,2.99244181229978,2.99244181229978,0,0.796000000000006,2.696,-1.026,0.796000000000006,2.696,-1.026
"1:HA-50:HE1"," HA  MET     1 "," HE1 LYS    50 ",6,761,8.163987182483e-05,8.163987182483e-05,1,4.80119797550569,4.80119797550569,4.80119797550569,4.80119797550569,0,-1.21,1.27099999999999,4.469,-1.21,1.27099999999999,4.469
"50:HB2-50:HE1"," HB2 LYS    50 "," HE1 LYS    50 ",753,761,0.000112968297203777,0.000112968297203777,1,4.54821063716271,4.54821063716271,4.54821063716271,4.54821063716271,0,-3.786,1.282,-2.17,-3.786,1.282,-2.17
"50:HG1-50:HE1"," HG1 LYS    50 "," HE1 LYS    50 ",755,761,0.00044273613609138,0.00044273613609138,1,3.62222845773151,3.62222845773151,3.62222845773151,3.62222845773151,0,-1.075,1.483,-3.125,-1.075,1.483,-3.125
"50:HG2-50:HE1"," HG2 LYS    50 "," HE1 LYS    50 ",756,761,0.000328424939034522,0.000328424939034522,1,3.80709731948107,3.80709731948107,3.80709731948107,3.80709731948107,0,-1.27,2.879,-2.143,-1.27,2.879,-2.143
"50:HD1-50:HE1"," HD1 LYS    50 "," HE1 LYS    50 ",758,761,0.00346197930577893,0.00346197930577893,1,2.57106223184115,2.57106223184115,2.57106223184115,2.57106223184115,0,-1.874,1.738,-0.279,-1.874,1.738,-0.279
"50:HD2-50:HE1"," HD2 LYS    50 "," HE1 LYS    50 ",759,761,0.00585100474731849,0.00585100474731849,1,2.35574489280992,2.35574489280992,2.35574489280992,2.35574489280992,0,-2.066,0.183,-1.117,-2.066,0.183,-1.117
"48:HA-50:HE2"," HA  ALA    48 "," HE2 LYS    50 ",726,762,7.41663000519082e-05,7.41663000519082e-05,1,4.87864140924499,4.87864140924499,4.87864140924499,4.87864140924499,8.88178419700125e-16,0.661000000000001,-1.739,-4.51,0.661000000000008,-1.739,-4.51
"50:H-50:HE2"," H   LYS    50 "," HE2 LYS    50 ",748,762,8.45591886906915e-05,8.45591886906915e-05,1,4.773165930491,4.773165930491,4.773165930491,4.773165930491,8.88178419700125e-16,-2.849,0.346000000000004,-3.814,-2.849,0.345999999999997,-3.814
"50:HB1-50:HE2"," HB1 LYS    50 "," HE2 LYS    50 ",752,762,9.05502885951955e-05,9.05502885951955e-05,1,4.7190186479818,4.7190186479818,4.7190186479818,4.7190186479818,0,-3.848,2.687,-0.492000000000001,-3.848,2.687,-0.492000000000001
"50:HB2-50:HE2"," HB2 LYS    50 "," HE2 LYS    50 ",753,762,0.000147799860659136,0.000147799860659136,1,4.34898252468322,4.34898252468322,4.34898252468322,4.34898252468322,0,-4.207,0.996000000000002,-0.472000000000001,-4.207,0.996000000000002,-0.472000000000001
"50:HG1-50:HE2"," HG1 LYS    50 "," HE2 LYS    50 ",755,762,0.00537949149578904,0.00537949149578904,1,2.38896504788161,2.38896504788161,2.38896504788161,2.38896504788161,0,-1.496,1.197,-1.427,-1.496,1.197,-1.427
"50:HG2-50:HE2"," HG2 LYS    50 "," HE2 LYS    50 ",756,762,0.00106863544897902,0.00106863544897902,1,3.12748381290775,3.12748381290775,3.12748381290775,3.12748381290775,0,-1.691,2.593,-0.445,-1.691,2.593,-0.445
"50:HD1-50:HE2"," HD1 LYS    50 "," HE2 LYS    50 ",758,762,0.00120825123377948,0.00120825123377948,1,3.06412956645114,3.06412956645114,3.06412956645114,3.06412956645114,0,-2.295,1.45200000000001,1.419,-2.295,1.45200000000001,1.419
"50:HD2-50:HE2"," HD2 LYS    50 "," HE2 LYS    50 ",759,762,0.0035858690024219,0.0035858690024219,1,2.55603971017666,2.55603971017666,2.55603971017666,2.55603971017666,0,-2.487,-0.102999999999994,0.581,-2.487,-0.102999999999994,0.581
"4:H-51:H"," H   LYS     4 "," H   THR    51 ",59,770,0.00010269215544353,0.00010269215544353,1,4.62108320634892,4.62108320634892,4.62108320634891,4.62108320634892,2.51214793389404e-15,-2.553,1.555,3.524,-2.553,1.555,3.524
"46:H-51:H"," H   ASP    46 "," H   THR    51 ",700,770,0.000663473555543847,0.000663473555543847,1,3.38607102701641,3.38607102701641,3.38607102701641,3.38607102701642,2.22044604925031e-15,-0.0200000000000031,1.294,-3.129,-0.0200000000000031,1.294,-3.129
"46:HB1-51:H"," HB1 ASP    46 "," H   THR    51 ",704,770,0.000452015007472967,0.000452015007472967,1,3.60972838313356,3.60972838313356,3.60972838313356,3.60972838313356,1.60118641699469e-15,0.247,-1.251,-3.377,0.247,-1.25100000000001,-3.377
"47:HA-51:H"," HA  ASP    47 "," H   THR    51 ",714,770,0.000255566633903038,0.000255566633903038,1,3.96962340783102,3.96962340783102,3.96962340783102,3.96962340783102,0,3.754,1.263,-0.265000000000001,3.754,1.263,-0.264999999999997
"49:H-51:H"," H   THR    49 "," H   THR    51 ",734,770,0.000328589501138788,0.000328589501138788,1,3.80677947877205,3.80677947877205,3.80677947877205,3.80677947877205,4.44089209850063e-16,2.513,-2.751,-0.780000000000001,2.513,-2.751,-0.779999999999998
"49:HA-51:H"," HA  THR    49 "," H   THR    51 ",736,770,8.99715190976737e-05,8.99715190976737e-05,1,4.72406456348768,4.72406456348768,4.72406456348768,4.72406456348768,5.02429586778808e-15,1.828,-3.929,1.881,1.828,-3.92900000000001,1.881
"49:HB-51:H"," HB  THR    49 "," H   THR    51 ",738,770,0.000181790580123902,0.000181790580123902,1,4.20150389741579,4.20150389741579,4.20150389741578,4.20150389741579,5.02429586778808e-15,-0.555,-4.033,1.039,-0.555,-4.03300000000001,1.039
"50:H-51:H"," H   LYS    50 "," H   THR    51 ",748,770,0.00220823407832481,0.00220823407832481,1,2.77114434845968,2.77114434845968,2.77114434845968,2.77114434845968,2.51214793389404e-15,2.466,-0.978000000000002,0.800999999999998,2.466,-0.978000000000009,0.801000000000002
"50:HA-51:H"," HA  LYS    50 "," H   THR    51 ",750,770,0.0015182645422982,0.0015182645422982,1,2.94968354234823,2.94968354234823,2.94968354234823,2.94968354234823,1.60118641699469e-15,2.138,1.175,1.658,2.138,1.175,1.658
"50:HB1-51:H"," HB1 LYS    50 "," H   THR    51 ",752,770,0.000107841187877478,0.000107841187877478,1,4.58355615215959,4.58355615215959,4.58355615215958,4.58355615215959,2.51214793389404e-15,1.467,1.363,4.123,1.467,1.363,4.123
"50:HB2-51:H"," HB2 LYS    50 "," H   THR    51 ",753,770,0.000157945098887677,0.000157945098887677,1,4.30112741034255,4.30112741034255,4.30112741034255,4.30112741034255,1.98602732259782e-15,1.108,-0.328000000000003,4.143,1.108,-0.328000000000003,4.143
"50:HG1-51:H"," HG1 LYS    50 "," H   THR    51 ",755,770,6.58453791605499e-05,6.58453791605499e-05,1,4.97636755073417,4.97636755073417,4.97636755073417,4.97636755073417,1.98602732259782e-15,3.819,-0.127000000000002,3.188,3.819,-0.127000000000002,3.188
"3:HA-51:HA"," HA  TYR     3 "," HA  THR    51 ",40,772,0.000129517502945431,0.000129517502945431,1,4.4457522423095,4.4457522423095,4.4457522423095,4.4457522423095,0,1.745,0.617999999999995,4.042,1.745,0.617999999999995,4.042
"3:HB1-51:HA"," HB1 TYR     3 "," HA  THR    51 ",42,772,0.000212337950462773,0.000212337950462773,1,4.09413409648487,4.09413409648487,4.09413409648487,4.09413409648487,0,1.017,2.619,2.978,1.017,2.619,2.978
"4:H-51:HA"," H   LYS     4 "," HA  THR    51 ",59,772,0.0053788241990925,0.0053788241990925,1,2.38901444114513,2.38901444114513,2.38901444114513,2.38901444114514,2.51214793389404e-15,-0.152999999999999,0.259,2.37,-0.152999999999999,0.259,2.37
"4:HA-51:HA"," HA  LYS     4 "," HA  THR    51 ",61,772,0.000100897815239195,0.000100897815239195,1,4.63467949269418,4.63467949269419,4.63467949269419,4.63467949269419,0,-2.82700000000001,0.265999999999998,3.663,-2.82700000000001,0.265999999999998,3.663
"4:HB1-51:HA"," HB1 LYS     4 "," HA  THR    51 ",63,772,0.0013224977966742,0.0013224977966742,1,3.01833546843289,3.01833546843289,3.01833546843289,3.01833546843289,1.60118641699469e-15,-1.628,-1.717,1.874,-1.628,-1.717,1.874
"4:HB2-51:HA"," HB2 LYS     4 "," HA  THR    51 ",64,772,0.000122421792655474,0.000122421792655474,1,4.4876971822974,4.4876971822974,4.4876971822974,4.4876971822974,1.98602732259782e-15,-1.901,-1.82,3.635,-1.901,-1.82,3.635
"4:HG2-51:HA"," HG2 LYS     4 "," HA  THR    51 ",67,772,9.7616905464989e-05,9.7616905464989e-05,1,4.66028518440664,4.66028518440664,4.66028518440664,4.66028518440664,1.25607396694702e-15,-3.919,-2.064,1.449,-3.919,-2.064,1.449
"5:HA-51:HA"," HA  LEU     5 "," HA  THR    51 ",83,772,0.000129567606739524,0.000129567606739524,1,4.44546566739639,4.44546566739639,4.44546566739639,4.44546566739639,8.88178419700125e-16,-4.188,1.439,-0.390000000000001,-4.188,1.439,-0.389999999999997
"46:H-51:HA"," H   ASP    46 "," HA  THR    51 ",700,772,7.22612214932136e-05,7.22612214932136e-05,1,4.89984622207677,4.89984622207677,4.89984622207677,4.89984622207677,2.51214793389404e-15,2.38,-0.00200000000000244,-4.283,2.38,-0.00200000000000244,-4.283
"50:HA-51:HA"," HA  LYS    50 "," HA  THR    51 ",750,772,0.00011013513009011,0.00011013513009011,1,4.56750489873847,4.56750489873848,4.56750489873848,4.56750489873848,0,4.538,-0.121000000000002,0.503999999999998,4.538,-0.121000000000002,0.504000000000001
"50:HB1-51:HA"," HB1 LYS    50 "," HA  THR    51 ",752,772,7.44286961457562e-05,7.44286961457562e-05,1,4.87577060576069,4.87577060576069,4.87577060576069,4.87577060576069,1.98602732259782e-15,3.867,0.0670000000000002,2.969,3.867,0.0670000000000002,2.969
"50:HB2-51:HA"," HB2 LYS    50 "," HA  THR    51 ",753,772,7.34564794905998e-05,7.34564794905998e-05,1,4.88646712871375,4.88646712871375,4.88646712871375,4.88646712871375,1.25607396694702e-15,3.508,-1.624,2.989,3.508,-1.624,2.989
"51:H-51:HA"," H   THR    51 "," HA  THR    51 ",770,772,0.00148184695185268,0.00148184695185268,1,2.96164346267406,2.96164346267406,2.96164346267406,2.96164346267406,0,2.4,-1.296,-1.154,2.4,-1.296,-1.154
"4:HB1-51:HB"," HB1 LYS     4 "," HB  THR    51 ",63,774,0.000151793912129416,0.000151793912129416,1,4.3296980264217,4.3296980264217,4.3296980264217,4.32969802642171,3.20237283398938e-15,-1.955,0.602000000000004,3.816,-1.955,0.602000000000011,3.816
"46:H-51:HB"," H   ASP    46 "," HB  THR    51 ",700,774,0.000292560366725119,0.000292560366725119,1,3.8811826805756,3.8811826805756,3.8811826805756,3.8811826805756,1.60118641699469e-15,2.053,2.317,-2.341,2.053,2.31700000000001,-2.341
"46:HB1-51:HB"," HB1 ASP    46 "," HB  THR    51 ",704,774,0.000559285040829958,0.000559285040829958,1,3.48386351627041,3.48386351627041,3.48386351627041,3.48386351627041,0,2.32,-0.228000000000002,-2.589,2.32,-0.228000000000002,-2.589
"49:H-51:HB"," H   THR    49 "," HB  THR    51 ",734,774,7.21804590483643e-05,7.21804590483643e-05,1,4.90075953297037,4.90075953297037,4.90075953297037,4.90075953297037,1.98602732259782e-15,4.586,-1.728,0.00799999999999912,4.586,-1.72799999999999,0.00800000000000267
"49:HB-51:HB"," HB  THR    49 "," HB  THR    51 ",738,774,0.000314658495974375,0.000314658495974375,1,3.83436474530006,3.83436474530006,3.83436474530006,3.83436474530006,1.25607396694702e-15,1.518,-3.01,1.827,1.518,-3.01,1.827
"50:H-51:HB"," H   LYS    50 "," HB  THR    51 ",748,774,8.08170744804118e-05,8.08170744804118e-05,1,4.80931044953432,4.80931044953432,4.80931044953432,4.80931044953432,8.88178419700125e-16,4.539,0.0450000000000017,1.589,4.539,0.0450000000000017,1.589
"51:H-51:HB"," H   THR    51 "," HB  THR    51 ",770,774,0.00471207185159519,0.00471207185159519,1,2.44229441304688,2.44229441304688,2.44229441304688,2.44229441304688,1.88411095042053e-15,2.073,1.023,0.788,2.073,1.02300000000001,0.788
"51:HA-51:HB"," HA  THR    51 "," HB  THR    51 ",772,774,0.00126102112219866,0.00126102112219866,1,3.0423763738236,3.0423763738236,3.0423763738236,3.0423763738236,4.09430021321672e-15,-0.326999999999998,2.319,1.942,-0.326999999999998,2.31900000000001,1.942
"3:HB1-52:H"," HB1 TYR     3 "," H   PHE    52 ",42,784,9.19139302792117e-05,9.19139302792117e-05,1,4.70727723848936,4.70727723848936,4.70727723848935,4.70727723848936,1.98602732259782e-15,2.247,1.335,3.915,2.247,1.335,3.915
"4:H-52:H"," H   LYS     4 "," H   PHE    52 ",59,784,0.000440088007685684,0.000440088007685684,1,3.62585203779746,3.62585203779746,3.62585203779746,3.62585203779746,0,1.07700000000001,-1.025,3.307,1.07700000000001,-1.025,3.307
"4:HA-52:H"," HA  LYS     4 "," H   PHE    52 ",61,784,6.59851764170511e-05,6.59851764170511e-05,1,4.97460882884273,4.97460882884273,4.97460882884273,4.97460882884273,2.51214793389404e-15,-1.597,-1.018,4.6,-1.597,-1.018,4.6
"4:HB1-52:H"," HB1 LYS     4 "," H   PHE    52 ",63,784,0.000201184795925616,0.000201184795925616,1,4.13111679815519,4.13111679815519,4.13111679815519,4.13111679815519,0,-0.397999999999996,-3.001,2.811,-0.397999999999996,-3.001,2.811
"4:HG2-52:H"," HG2 LYS     4 "," H   PHE    52 ",67,784,7.1150134457908e-05,7.1150134457908e-05,1,4.91251676841922,4.91251676841922,4.91251676841922,4.91251676841922,0,-2.689,-3.348,2.386,-2.689,-3.348,2.386
"5:H-52:H"," H   LEU     5 "," H   PHE    52 ",81,784,8.20735794631179e-05,8.20735794631179e-05,1,4.79696007905006,4.79696007905006,4.79696007905006,4.79696007905006,1.25607396694702e-15,-3.337,-0.651000000000003,3.384,-3.337,-0.651000000000003,3.384
"5:HA-52:H"," HA  LEU     5 "," H   PHE    52 ",83,784,0.00133889819034573,0.00133889819034573,1,3.01214176293215,3.01214176293215,3.01214176293215,3.01214176293215,0,-2.958,0.155000000000001,0.547000000000001,-2.958,0.155000000000001,0.547000000000001
"5:HB2-52:H"," HB2 LEU     5 "," H   PHE    52 ",86,784,9.03644789227213e-05,9.03644789227213e-05,1,4.72063449125221,4.72063449125221,4.72063449125221,4.72063449125221,0,-3.71,2.057,2.071,-3.71,2.057,2.071
"6:H-52:H"," H   VAL     6 "," H   PHE    52 ",100,784,0.000122265314163513,0.000122265314163513,1,4.48865391849271,4.48865391849271,4.48865391849271,4.48865391849271,0,-4.367,-0.490000000000002,-0.914999999999999,-4.367,-0.490000000000002,-0.914999999999999
"45:HA-52:H"," HA  TYR    45 "," H   PHE    52 ",681,784,8.33405500822309e-05,8.33405500822309e-05,1,4.78472820544699,4.78472820544699,4.78472820544699,4.78472820544699,0,2.548,0.646000000000001,-3.998,2.548,0.646000000000001,-3.998
"51:H-52:H"," H   THR    51 "," H   PHE    52 ",770,784,0.000127269801285368,0.000127269801285368,1,4.45874298429501,4.45874298429501,4.45874298429501,4.45874298429501,0,3.63,-2.58,-0.216999999999999,3.63,-2.58,-0.217000000000002
"51:HA-52:H"," HA  THR    51 "," H   PHE    52 ",772,784,0.0151708215264697,0.0151708215264697,1,2.00985696008447,2.00985696008447,2.00985696008447,2.00985696008448,1.25607396694702e-15,1.23,-1.284,0.937000000000001,1.23,-1.284,0.936999999999998
"51:HB-52:H"," HB  THR    51 "," H   PHE    52 ",774,784,0.000226051428394959,0.000226051428394959,1,4.05165188534257,4.05165188534257,4.05165188534257,4.05165188534258,5.68711676634668e-15,1.557,-3.603,-1.005,1.557,-3.60300000000001,-1.005
"5:HA-52:HA"," HA  LEU     5 "," HA  PHE    52 ",83,786,7.86172149890817e-05,7.86172149890817e-05,1,4.83148227772803,4.83148227772803,4.83148227772803,4.83148227772803,0,-3.438,-1.016,3.239,-3.438,-1.016,3.239
"43:HZ3-52:HA"," HZ3 TRP    43 "," HA  PHE    52 ",658,786,8.71289903566713e-05,8.71289903566713e-05,1,4.74940880531462,4.74940880531462,4.74940880531462,4.74940880531462,0,-2.724,3.762,0.992000000000001,-2.724,3.762,0.992000000000001
"43:HE3-52:HA"," HE3 TRP    43 "," HA  PHE    52 ",660,786,0.000111291767850258,0.000111291767850258,1,4.55955886024076,4.55955886024076,4.55955886024076,4.55955886024076,8.88178419700125e-16,-1.838,3.982,-1.247,-1.838,3.982,-1.247
"44:H-52:HA"," H   THR    44 "," HA  PHE    52 ",665,786,0.000132873589797382,0.000132873589797382,1,4.4268372457094,4.4268372457094,4.4268372457094,4.4268372457094,0,-1.428,1.77,-3.798,-1.428,1.77,-3.798
"45:H-52:HA"," H   TYR    45 "," HA  PHE    52 ",679,786,7.7243499670643e-05,7.7243499670643e-05,1,4.84569798893823,4.84569798893823,4.84569798893823,4.84569798893823,0,2.647,0.466000000000001,-4.032,2.647,0.466000000000001,-4.032
"45:HA-52:HA"," HA  TYR    45 "," HA  PHE    52 ",681,786,0.00408053649311841,0.00408053649311841,1,2.5015765029277,2.5015765029277,2.5015765029277,2.5015765029277,0,2.068,-0.524999999999999,-1.306,2.068,-0.524999999999999,-1.306
"45:HB2-52:HA"," HB2 TYR    45 "," HA  PHE    52 ",684,786,0.000341451729367296,0.000341451729367296,1,3.78249573694406,3.78249573694406,3.78249573694406,3.78249573694406,0,3.093,1.8,-1.225,3.093,1.8,-1.225
"46:H-52:HA"," H   ASP    46 "," HA  PHE    52 ",700,786,0.000232552489904804,0.000232552489904804,1,4.03255068164059,4.03255068164059,4.03255068164059,4.03255068164059,0,3.13,-2.457,-0.654,3.13,-2.457,-0.654
"51:HA-52:HA"," HA  THR    51 "," HA  PHE    52 ",772,786,0.000129626612099215,0.000129626612099215,1,4.44512834460379,4.44512834460379,4.44512834460378,4.44512834460379,1.98602732259782e-15,0.75,-2.455,3.629,0.75,-2.455,3.629
"52:H-52:HA"," H   PHE    52 "," HA  PHE    52 ",784,786,0.00144341195535166,0.00144341195535166,1,2.97464367614005,2.97464367614005,2.97464367614005,2.97464367614005,0,-0.480000000000004,-1.171,2.692,-0.480000000000004,-1.171,2.692
"5:HA-52:HB1"," HA  LEU     5 "," HB1 PHE    52 ",83,788,0.00016173231949529,0.00016173231949529,1,4.28417494974237,4.28417494974237,4.28417494974237,4.28417494974237,0,-1.937,-2.719,2.685,-1.937,-2.719,2.685
"6:H-52:HB1"," H   VAL     6 "," HB1 PHE    52 ",100,788,7.22662059828949e-05,7.22662059828949e-05,1,4.89978989345462,4.89978989345462,4.89978989345462,4.89978989345462,0,-3.346,-3.364,1.223,-3.346,-3.364,1.223
"30:HB1-52:HB1"," HB1 PHE    30 "," HB1 PHE    52 ",457,788,0.00015946093178977,0.00015946093178977,1,4.29428585448151,4.29428585448151,4.29428585448151,4.29428585448151,0,-1.951,2.113,3.189,-1.951,2.113,3.189
"43:HH2-52:HB1"," HH2 TRP    43 "," HB1 PHE    52 ",656,788,0.000102712586545861,0.000102712586545861,1,4.6209299929776,4.6209299929776,4.6209299929776,4.6209299929776,0,-3.54499999999999,2.82,0.913,-3.54499999999999,2.82,0.913
"43:HZ3-52:HB1"," HZ3 TRP    43 "," HB1 PHE    52 ",658,788,0.00480267665112342,0.00480267665112342,1,2.43455416863129,2.43455416863129,2.43455416863129,2.43455416863129,0,-1.223,2.059,0.438000000000002,-1.223,2.059,0.438000000000002
"43:HE3-52:HB1"," HE3 TRP    43 "," HB1 PHE    52 ",660,788,0.00159936506204803,0.00159936506204803,1,2.92421117568481,2.92421117568481,2.92421117568481,2.92421117568482,1.60118641699469e-15,-0.336999999999996,2.279,-1.801,-0.336999999999996,2.279,-1.80099999999999
"44:H-52:HB1"," H   THR    44 "," HB1 PHE    52 ",665,788,0.000146957403731905,0.000146957403731905,1,4.35312784098974,4.35312784098974,4.35312784098974,4.35312784098974,0,0.0730000000000004,0.0670000000000002,-4.352,0.0730000000000004,0.0670000000000002,-4.352
"45:HA-52:HB1"," HA  TYR    45 "," HB1 PHE    52 ",681,788,0.000105528604943785,0.000105528604943785,1,4.60014619332908,4.60014619332908,4.60014619332908,4.60014619332908,0,3.569,-2.228,-1.86,3.569,-2.228,-1.86
"45:HB2-52:HB1"," HB2 TYR    45 "," HB1 PHE    52 ",684,788,6.9871971857489e-05,6.9871971857489e-05,1,4.92738125174012,4.92738125174012,4.92738125174012,4.92738125174012,0,4.594,0.0969999999999942,-1.779,4.594,0.0969999999999942,-1.779
"52:H-52:HB1"," H   PHE    52 "," HB1 PHE    52 ",784,788,0.000374502687204507,0.000374502687204507,1,3.72469609498547,3.72469609498547,3.72469609498547,3.72469609498547,0,1.021,-2.874,2.138,1.021,-2.874,2.138
"52:HA-52:HB1"," HA  PHE    52 "," HB1 PHE    52 ",786,788,0.00614316253093789,0.00614316253093789,1,2.33669125046507,2.33669125046507,2.33669125046507,2.33669125046507,0,1.501,-1.703,-0.553999999999998,1.501,-1.703,-0.553999999999998
"5:HA-52:HB2"," HA  LEU     5 "," HB2 PHE    52 ",83,789,0.00187476256597128,0.00187476256597128,1,2.84779651660718,2.84779651660718,2.84779651660718,2.84779651660718,0,-1.574,-2.087,1.13,-1.574,-2.087,1.13
"5:HB1-52:HB2"," HB1 LEU     5 "," HB2 PHE    52 ",85,789,6.84504253776223e-05,6.84504253776223e-05,1,4.94429044454307,4.94429044454307,4.94429044454307,4.94429044454307,0,-3.73399999999999,-1.134,3.036,-3.73399999999999,-1.134,3.036
"5:HB2-52:HB2"," HB2 LEU     5 "," HB2 PHE    52 ",86,789,0.000513450629022155,0.000513450629022155,1,3.53386714521075,3.53386714521075,3.53386714521075,3.53386714521075,0,-2.326,-0.184999999999995,2.654,-2.326,-0.184999999999995,2.654
"5:HG-52:HB2"," HG  LEU     5 "," HB2 PHE    52 ",88,789,7.41774723262039e-05,7.41774723262039e-05,1,4.87851893508675,4.87851893508675,4.87851893508675,4.87851893508675,0,-4.669,-1.119,0.864999999999998,-4.669,-1.119,0.864999999999998
"6:H-52:HB2"," H   VAL     6 "," HB2 PHE    52 ",100,789,0.000223735214054554,0.000223735214054554,1,4.05861269401257,4.05861269401257,4.05861269401257,4.05861269401257,0,-2.983,-2.732,-0.332000000000001,-2.983,-2.732,-0.332000000000001
"30:HB1-52:HB2"," HB1 PHE    30 "," HB2 PHE    52 ",457,789,0.000485120938920866,0.000485120938920866,1,3.56745357362924,3.56745357362924,3.56745357362924,3.56745357362924,0,-1.588,2.745,1.634,-1.588,2.745,1.634
"30:HB2-52:HB2"," HB2 PHE    30 "," HB2 PHE    52 ",458,789,0.000114113738205334,0.000114113738205334,1,4.54056967791488,4.54056967791488,4.54056967791488,4.54056967791488,0,-0.421999999999997,3.94,2.217,-0.421999999999997,3.94,2.217
"43:HH2-52:HB2"," HH2 TRP    43 "," HB2 PHE    52 ",656,789,8.83369741971909e-05,8.83369741971909e-05,1,4.7385221324797,4.7385221324797,4.7385221324797,4.7385221324797,0,-3.182,3.45200000000001,-0.642000000000003,-3.182,3.45200000000001,-0.642000000000003
"43:HZ3-52:HB2"," HZ3 TRP    43 "," HB2 PHE    52 ",658,789,0.00127223849497628,0.00127223849497628,1,3.03788906973247,3.03788906973247,3.03788906973247,3.03788906973247,0,-0.859999999999999,2.691,-1.117,-0.859999999999999,2.691,-1.117
"43:HE3-52:HB2"," HE3 TRP    43 "," HB2 PHE    52 ",660,789,0.000130057258369204,0.000130057258369204,1,4.44267183122949,4.44267183122949,4.44267183122949,4.44267183122949,1.98602732259782e-15,0.0260000000000034,2.911,-3.356,0.0260000000000034,2.911,-3.356
"51:HA-52:HB2"," HA  THR    51 "," HB2 PHE    52 ",772,789,9.95595332484654e-05,9.95595332484654e-05,1,4.64500505920069,4.64500505920069,4.64500505920069,4.64500505920069,8.88178419700125e-16,2.614,-3.526,1.52,2.614,-3.526,1.52
"52:H-52:HB2"," H   PHE    52 "," HB2 PHE    52 ",784,789,0.00258978826047537,0.00258978826047537,1,2.69850125069454,2.69850125069454,2.69850125069454,2.69850125069454,0,1.384,-2.242,0.582999999999998,1.384,-2.242,0.582999999999998
"52:HA-52:HB2"," HA  PHE    52 "," HB2 PHE    52 ",786,789,0.00134048433881543,0.00134048433881543,1,3.01154744276095,3.01154744276095,3.01154744276095,3.01154744276095,0,1.864,-1.071,-2.109,1.864,-1.071,-2.109
"23:HA-52:HZ"," HA  ALA    23 "," HZ  PHE    52 ",359,796,0.000488713651225412,0.000488713651225412,1,3.56306918260086,3.56306918260086,3.56306918260086,3.56306918260086,0,2.11799999999999,-0.113,2.863,2.11799999999999,-0.113,2.863
"24:HA-52:HZ"," HA  GLU    24 "," HZ  PHE    52 ",369,796,0.000220576141752571,0.000220576141752571,1,4.06824323264969,4.06824323264969,4.06824323264969,4.06824323264969,0,1.979,3.541,0.309000000000001,1.979,3.541,0.309000000000005
"26:H-52:HZ"," H   ALA    26 "," HZ  PHE    52 ",396,796,6.94041270612885e-05,6.94041270612885e-05,1,4.93290158020612,4.93290158020612,4.93290158020612,4.93290158020612,0,0.720999999999997,2.466,4.211,0.720999999999997,2.466,4.211
"27:H-52:HZ"," H   GLU    27 "," HZ  PHE    52 ",406,796,0.000715393911567091,0.000715393911567091,1,3.3438166815781,3.3438166815781,3.3438166815781,3.3438166815781,0,-0.830000000000005,2.611,1.917,-0.830000000000005,2.611,1.917
"27:HA-52:HZ"," HA  GLU    27 "," HZ  PHE    52 ",408,796,0.000623237495893144,0.000623237495893144,1,3.42156192403411,3.42156192403411,3.42156192403411,3.42156192403411,0,-2.873,1.834,0.299000000000003,-2.873,1.834,0.299000000000003
"27:HB1-52:HZ"," HB1 GLU    27 "," HZ  PHE    52 ",410,796,0.000180294794363744,0.000180294794363744,1,4.20729342927255,4.20729342927255,4.20729342927255,4.20729342927255,0,-0.917999999999999,4.105,0.0870000000000033,-0.917999999999999,4.105,0.0870000000000068
"27:HB2-52:HZ"," HB2 GLU    27 "," HZ  PHE    52 ",411,796,0.00406775412294134,0.00406775412294134,1,2.50288493542951,2.50288493542951,2.50288493542951,2.50288493542951,0,-0.559000000000005,2.424,-0.276,-0.559000000000005,2.424,-0.275999999999996
"27:HG1-52:HZ"," HG1 GLU    27 "," HZ  PHE    52 ",413,796,0.000252261200246961,0.000252261200246961,1,3.97824559322322,3.97824559322322,3.97824559322322,3.97824559322322,1.60118641699469e-15,-1.853,2.55,-2.427,-1.853,2.55,-2.427
"45:HB2-52:HZ"," HB2 TYR    45 "," HZ  PHE    52 ",684,796,9.4144808030935e-05,9.4144808030935e-05,1,4.68850018662685,4.68850018662685,4.68850018662685,4.68850018662685,0,-0.160000000000004,-2.047,-4.215,-0.160000000000004,-2.047,-4.215
"43:HA-53:H"," HA  TRP    43 "," H   THR    53 ",643,804,9.80034189457312e-05,9.80034189457312e-05,1,4.65721687276854,4.65721687276854,4.65721687276854,4.65721687276855,1.98602732259782e-15,-1.438,3.316,-2.937,-1.438,3.316,-2.937
"43:HZ3-53:H"," HZ3 TRP    43 "," H   THR    53 ",658,804,7.8178296379607e-05,7.8178296379607e-05,1,4.83599265921693,4.83599265921693,4.83599265921693,4.83599265921693,0,-1.23,3.889,2.598,-1.23,3.889,2.598
"43:HE3-53:H"," HE3 TRP    43 "," H   THR    53 ",660,804,0.000198904405094673,0.000198904405094673,1,4.13897306103821,4.13897306103821,4.13897306103821,4.13897306103821,8.88178419700125e-16,-0.344000000000001,4.109,0.358999999999998,-0.344000000000001,4.109,0.359000000000002
"44:H-53:H"," H   THR    44 "," H   THR    53 ",665,804,0.00168247410595647,0.00168247410595647,1,2.89962566549546,2.89962566549547,2.89962566549547,2.89962566549547,0,0.0659999999999954,1.89700000000001,-2.192,0.0659999999999954,1.89700000000001,-2.192
"44:HA-53:H"," HA  THR    44 "," H   THR    53 ",667,804,0.000100258776418376,0.000100258776418376,1,4.63958996033054,4.63958996033054,4.63958996033054,4.63958996033055,1.98602732259782e-15,2.775,1.719,-3.297,2.775,1.719,-3.297
"44:HB-53:H"," HB  THR    44 "," H   THR    53 ",669,804,0.000142021564823421,0.000142021564823421,1,4.37798515301274,4.37798515301274,4.37798515301274,4.37798515301274,1.25607396694702e-15,2.227,-0.916999999999994,-3.656,2.227,-0.917000000000002,-3.656
"45:H-53:H"," H   TYR    45 "," H   THR    53 ",679,804,7.81965410680505e-05,7.81965410680505e-05,1,4.83580458662258,4.83580458662258,4.83580458662258,4.83580458662258,0,4.141,0.593000000000004,-2.426,4.141,0.593000000000004,-2.426
"45:HA-53:H"," HA  TYR    45 "," H   THR    53 ",681,804,0.000461928758946283,0.000461928758946283,1,3.59669959824281,3.59669959824281,3.59669959824281,3.59669959824281,0,3.562,-0.397999999999996,0.299999999999997,3.562,-0.397999999999996,0.299999999999997
"45:HB2-53:H"," HB2 TYR    45 "," H   THR    53 ",684,804,6.47815294379275e-05,6.47815294379275e-05,1,4.98989569029253,4.98989569029253,4.98989569029253,4.98989569029253,0,4.587,1.927,0.380999999999997,4.587,1.927,0.380999999999997
"52:H-53:H"," H   PHE    52 "," H   THR    53 ",784,804,0.000114543838769016,0.000114543838769016,1,4.53772365839966,4.53772365839966,4.53772365839966,4.53772365839966,0,1.014,-1.044,4.298,1.014,-1.044,4.298
"52:HA-53:H"," HA  PHE    52 "," H   THR    53 ",786,804,0.00888914257109469,0.00888914257109469,1,2.19713472504532,2.19713472504532,2.19713472504532,2.19713472504532,0,1.494,0.127000000000002,1.606,1.494,0.127000000000002,1.606
"52:HB1-53:H"," HB1 PHE    52 "," H   THR    53 ",788,804,0.00194250763553879,0.00194250763553879,1,2.83099788060677,2.83099788060677,2.83099788060677,2.83099788060677,0,-0.007000000000005,1.83000000000001,2.16,-0.007000000000005,1.83000000000001,2.16
"52:HB2-53:H"," HB2 PHE    52 "," H   THR    53 ",789,804,0.000275230294947775,0.000275230294947775,1,3.92088370141222,3.92088370141222,3.92088370141222,3.92088370141222,0,-0.370000000000005,1.198,3.715,-0.370000000000005,1.198,3.715
"5:HA-53:HA"," HA  LEU     5 "," HA  THR    53 ",83,806,0.000138697833376434,0.000138697833376434,1,4.39529862466704,4.39529862466704,4.39529862466704,4.39529862466704,0,0.744999999999997,0.179000000000002,4.328,0.744999999999997,0.179000000000002,4.328
"5:HG-53:HA"," HG  LEU     5 "," HA  THR    53 ",88,806,7.85883559364979e-05,7.85883559364979e-05,1,4.83177793363892,4.83177793363892,4.83177793363892,4.83177793363892,0,-2.35,1.147,4.063,-2.35,1.147,4.063
"6:H-53:HA"," H   VAL     6 "," HA  THR    53 ",100,806,0.00143197100968392,0.00143197100968392,1,2.9785916134979,2.9785916134979,2.9785916134979,2.9785916134979,0,-0.664000000000001,-0.466000000000001,2.866,-0.664000000000001,-0.466000000000001,2.866
"6:HB-53:HA"," HB  VAL     6 "," HA  THR    53 ",104,806,0.00140881091952044,0.00140881091952044,1,2.98669733987225,2.98669733987225,2.98669733987225,2.98669733987226,4.39625888431457e-15,-0.814,-2.626,1.167,-0.814,-2.626,1.167
"7:HA-53:HA"," HA  ILE     7 "," HA  THR    53 ",118,806,7.65725340204329e-05,7.65725340204329e-05,1,4.85274901473381,4.85274901473381,4.85274901473381,4.85274901473381,0,-4.838,-0.375,0.0479999999999983,-4.838,-0.375,0.0479999999999983
"44:H-53:HA"," H   THR    44 "," HA  THR    53 ",665,806,7.49306907097962e-05,7.49306907097962e-05,1,4.87031118102324,4.87031118102324,4.87031118102324,4.87031118102324,0,2.755,2.965,-2.709,2.755,2.965,-2.709
"52:HA-53:HA"," HA  PHE    52 "," HA  THR    53 ",786,806,0.000122933662627064,0.000122933662627064,1,4.48457746058645,4.48457746058645,4.48457746058645,4.48457746058645,0,4.183,1.195,1.089,4.183,1.195,1.089
"52:HB1-53:HA"," HB1 PHE    52 "," HA  THR    53 ",788,806,0.00016341401069743,0.00016341401069743,1,4.27679517863551,4.27679517863551,4.27679517863551,4.27679517863551,0,2.682,2.898,1.643,2.682,2.898,1.643
"52:HB2-53:HA"," HB2 PHE    52 "," HA  THR    53 ",789,806,0.000112096298132596,0.000112096298132596,1,4.55408838298072,4.55408838298072,4.55408838298072,4.55408838298072,0,2.319,2.266,3.198,2.319,2.266,3.198
"53:H-53:HA"," H   THR    53 "," HA  THR    53 ",804,806,0.00155118921709055,0.00155118921709055,1,2.93915532083624,2.93915532083624,2.93915532083624,2.93915532083624,0,2.689,1.068,-0.516999999999999,2.689,1.068,-0.516999999999999
"6:HB-53:HB"," HB  VAL     6 "," HB  THR    53 ",104,808,8.57078581541516e-05,8.57078581541516e-05,1,4.76244412040708,4.76244412040708,4.76244412040708,4.76244412040708,0,-2.332,-1.839,3.723,-2.332,-1.839,3.723
"44:H-53:HB"," H   THR    44 "," HB  THR    53 ",665,808,0.000261838121073274,0.000261838121073274,1,3.95361631927025,3.95361631927025,3.95361631927025,3.95361631927025,4.72073305456828e-15,1.23699999999999,3.752,-0.152999999999999,1.23699999999999,3.75200000000001,-0.152999999999999
"44:HB-53:HB"," HB  THR    44 "," HB  THR    53 ",669,808,0.000293883581206227,0.000293883581206227,1,3.87826468926503,3.87826468926503,3.87826468926503,3.87826468926503,0,3.398,0.938000000000002,-1.617,3.398,0.938000000000002,-1.617
"52:HA-53:HB"," HA  PHE    52 "," HB  THR    53 ",786,808,6.95493123766372e-05,6.95493123766372e-05,1,4.93118383352314,4.93118383352314,4.93118383352314,4.93118383352314,1.98602732259782e-15,2.665,1.982,3.645,2.665,1.98200000000001,3.645
"53:H-53:HB"," H   THR    53 "," HB  THR    53 ",804,808,0.00138565020154102,0.00138565020154102,1,2.99496026684829,2.99496026684829,2.99496026684829,2.9949602668483,3.14018491736755e-15,1.171,1.855,2.039,1.171,1.855,2.039
"53:HA-53:HB"," HA  THR    53 "," HB  THR    53 ",806,808,0.00118239719735239,0.00118239719735239,1,3.07519576612612,3.07519576612612,3.07519576612612,3.07519576612612,9.93013661298909e-16,-1.518,0.786999999999999,2.556,-1.518,0.787000000000006,2.556
"6:H-54:H"," H   VAL     6 "," H   VAL    54 ",100,818,0.000102724074206317,0.000102724074206317,1,4.62084386232645,4.62084386232645,4.62084386232645,4.62084386232645,0,0.820999999999998,-1.254,4.371,0.820999999999998,-1.254,4.371
"6:HB-54:H"," HB  VAL     6 "," H   VAL    54 ",104,818,0.00014029147848449,0.00014029147848449,1,4.38693754229531,4.38693754229531,4.3869375422953,4.38693754229531,3.76822190084106e-15,0.670999999999999,-3.41399999999999,2.672,0.670999999999999,-3.414,2.672
"7:HA-54:H"," HA  ILE     7 "," H   VAL    54 ",118,818,0.000295882637276415,0.000295882637276415,1,3.87388525901323,3.87388525901323,3.87388525901323,3.87388525901323,0,-3.353,-1.163,1.553,-3.353,-1.163,1.553
"7:HG12-54:H","HG12 ILE     7 "," H   VAL    54 ",127,818,0.00011233403351156,0.00011233403351156,1,4.55248064246297,4.55248064246297,4.55248064246297,4.55248064246297,0,-3.404,1.03,2.842,-3.404,1.03,2.842
"8:H-54:H"," H   ASN     8 "," H   VAL    54 ",135,818,8.54255187316389e-05,8.54255187316389e-05,1,4.76506390303425,4.76506390303425,4.76506390303425,4.76506390303426,2.51214793389404e-15,-4.25700000000001,-2.139,-0.0919999999999987,-4.25700000000001,-2.139,-0.0920000000000023
"43:HA-54:H"," HA  TRP    43 "," H   VAL    54 ",643,818,7.04237226191416e-05,7.04237226191416e-05,1,4.92092603073852,4.92092603073852,4.92092603073852,4.92092603073852,8.88178419700125e-16,2.736,3.596,-1.949,2.736,3.596,-1.94899999999999
"44:H-54:H"," H   THR    44 "," H   VAL    54 ",665,818,7.0852683546739e-05,7.0852683546739e-05,1,4.91594802657636,4.91594802657636,4.91594802657636,4.91594802657636,0,4.23999999999999,2.17700000000001,-1.204,4.23999999999999,2.17700000000001,-1.204
"53:H-54:H"," H   THR    53 "," H   VAL    54 ",804,818,0.000158532502836874,0.000158532502836874,1,4.29846716865443,4.29846716865443,4.29846716865443,4.29846716865443,0,4.174,0.280000000000001,0.988000000000003,4.174,0.280000000000001,0.988000000000003
"53:HA-54:H"," HA  THR    53 "," H   VAL    54 ",806,818,0.0075777637551076,0.0075777637551076,1,2.25636743461698,2.25636743461698,2.25636743461698,2.25636743461698,0,1.485,-0.787999999999997,1.505,1.485,-0.787999999999997,1.505
"53:HB-54:H"," HB  THR    53 "," H   VAL    54 ",808,818,0.000499521168643663,0.000499521168643663,1,3.55010351961742,3.55010351961742,3.55010351961742,3.55010351961742,2.22044604925031e-15,3.003,-1.575,-1.051,3.003,-1.575,-1.051
"41:H-54:HA"," H   GLY    41 "," HA  VAL    54 ",618,820,7.9815796451869e-05,7.9815796451869e-05,1,4.81931364407837,4.81931364407837,4.81931364407837,4.81931364407837,8.88178419700125e-16,-2.882,3.748,-0.934000000000001,-2.882,3.748,-0.933999999999997
"42:H-54:HA"," H   VAL    42 "," HA  VAL    54 ",625,820,9.68035357985886e-05,9.68035357985886e-05,1,4.66678861745419,4.66678861745419,4.66678861745419,4.66678861745419,0,-1.52,1.704,-4.07,-1.52,1.704,-4.07
"43:H-54:HA"," H   TRP    43 "," HA  VAL    54 ",641,820,0.000115245975364314,0.000115245975364314,1,4.53310423440714,4.53310423440714,4.53310423440714,4.53310423440715,8.88178419700125e-16,2.268,3.171,-2.313,2.268,3.171,-2.313
"43:HA-54:HA"," HA  TRP    43 "," HA  VAL    54 ",643,820,0.00387675589828579,0.00387675589828579,1,2.52302715007191,2.52302715007191,2.52302715007191,2.52302715007191,4.44089209850063e-16,2.161,1.296,-0.126999999999999,2.161,1.296,-0.126999999999995
"43:HB1-54:HA"," HB1 TRP    43 "," HA  VAL    54 ",645,820,6.74972708894277e-05,6.74972708894277e-05,1,4.95585925950284,4.95585925950284,4.95585925950284,4.95585925950284,0,3.826,3.037,0.836000000000002,3.826,3.037,0.836000000000002
"43:HD1-54:HA"," HD1 TRP    43 "," HA  VAL    54 ",649,820,8.24549996908161e-05,8.24549996908161e-05,1,4.79325463542257,4.79325463542257,4.79325463542257,4.79325463542257,0,0.532000000000004,4.745,-0.420999999999999,0.532000000000004,4.745,-0.420999999999999
"44:H-54:HA"," H   THR    44 "," HA  VAL    54 ",665,820,0.00037809547423727,0.00037809547423727,1,3.71877372261341,3.71877372261341,3.71877372261341,3.71877372261341,0,3.665,-0.122999999999998,0.618000000000002,3.665,-0.122999999999998,0.618000000000002
"53:H-54:HA"," H   THR    53 "," HA  VAL    54 ",804,820,6.45460538413967e-05,6.45460538413967e-05,1,4.99292509457132,4.99292509457132,4.99292509457132,4.99292509457132,0,3.599,-2.02,2.81,3.599,-2.02,2.81
"53:HA-54:HA"," HA  THR    53 "," HA  VAL    54 ",806,820,0.000101569872483986,0.000101569872483986,1,4.62955429820194,4.62955429820194,4.62955429820194,4.62955429820194,0,0.910000000000004,-3.088,3.327,0.910000000000004,-3.088,3.327
"53:HB-54:HA"," HB  THR    53 "," HA  VAL    54 ",808,820,0.000100546397119838,0.000100546397119838,1,4.63737533525162,4.63737533525162,4.63737533525161,4.63737533525162,4.44089209850063e-15,2.428,-3.875,0.771000000000001,2.428,-3.87500000000001,0.771000000000001
"54:H-54:HA"," H   VAL    54 "," HA  VAL    54 ",818,820,0.00139940174731009,0.00139940174731009,1,2.99003494962852,2.99003494962852,2.99003494962852,2.99003494962852,0,-0.574999999999996,-2.3,1.822,-0.574999999999996,-2.3,1.822
"7:HG12-54:HB","HG12 ILE     7 "," HB  VAL    54 ",127,822,6.5378577361041e-05,6.5378577361041e-05,1,4.98227187134544,4.98227187134544,4.98227187134544,4.98227187134544,0,-3.38,-2.523,2.652,-3.38,-2.523,2.652
"31:HE2-54:HB"," HE2 LYS    31 "," HB  VAL    54 ",487,822,7.28482343457714e-05,7.28482343457714e-05,1,4.89324350507922,4.89324350507922,4.89324350507922,4.89324350507922,0,1.854,4.446,0.859999999999999,1.854,4.446,0.859999999999999
"40:HA-54:HB"," HA  ASP    40 "," HB  VAL    54 ",608,822,6.42430712421548e-05,6.42430712421548e-05,1,4.99684200270531,4.99684200270531,4.99684200270531,4.99684200270531,0,-3.43,3.241,-1.643,-3.43,3.241,-1.643
"41:H-54:HB"," H   GLY    41 "," HB  VAL    54 ",618,822,0.000122849438579334,0.000122849438579334,1,4.48508974269189,4.48508974269189,4.48508974269189,4.48508974269189,1.98602732259782e-15,-2.283,2.495,-2.946,-2.283,2.495,-2.946
"43:HA-54:HB"," HA  TRP    43 "," HB  VAL    54 ",643,822,0.000551415740196982,0.000551415740196982,1,3.49210108673847,3.49210108673847,3.49210108673847,3.49210108673847,1.60118641699469e-15,2.76,0.0429999999999993,-2.139,2.76,0.0429999999999993,-2.139
"43:HB1-54:HB"," HB1 TRP    43 "," HB  VAL    54 ",645,822,7.10314276917293e-05,7.10314276917293e-05,1,4.91388410526744,4.91388410526744,4.91388410526744,4.91388410526744,0,4.425,1.784,-1.176,4.425,1.784,-1.176
"43:HD1-54:HB"," HD1 TRP    43 "," HB  VAL    54 ",649,822,0.000137114764524705,0.000137114764524705,1,4.40371593089291,4.40371593089291,4.40371593089291,4.40371593089291,0,1.131,3.492,-2.433,1.131,3.492,-2.433
"43:HE1-54:HB"," HE1 TRP    43 "," HB  VAL    54 ",651,822,0.000539849110240121,0.000539849110240121,1,3.50446129954377,3.50446129954377,3.50446129954377,3.50446129954377,0,-0.521000000000001,3.448,-0.347999999999999,-0.521000000000001,3.448,-0.347999999999999
"43:HZ2-54:HB"," HZ2 TRP    43 "," HB  VAL    54 ",654,822,0.000636546257862395,0.000636546257862395,1,3.40953383910469,3.40953383910469,3.40953383910469,3.40953383910469,0,-0.670000000000002,2.61,2.089,-0.670000000000002,2.61,2.089
"43:HH2-54:HB"," HH2 TRP    43 "," HB  VAL    54 ",656,822,0.00019319943151967,0.00019319943151967,1,4.15909677694569,4.15909677694569,4.15909677694569,4.15909677694569,0,0.646000000000001,1.377,3.871,0.646000000000001,1.377,3.871
"43:HZ3-54:HB"," HZ3 TRP    43 "," HB  VAL    54 ",658,822,0.000112395586072508,0.000112395586072508,1,4.55206502589759,4.55206502589759,4.55206502589759,4.55206502589759,0,2.968,0.616,3.396,2.968,0.616,3.396
"43:HE3-54:HB"," HE3 TRP    43 "," HB  VAL    54 ",660,822,0.000207512678430644,0.000207512678430644,1,4.10984926730896,4.10984926730896,4.10984926730896,4.10984926730896,8.88178419700125e-16,3.854,0.835999999999999,1.157,3.854,0.835999999999999,1.157
"44:H-54:HB"," H   THR    44 "," HB  VAL    54 ",665,822,9.36802783573478e-05,9.36802783573478e-05,1,4.6923669933201,4.6923669933201,4.6923669933201,4.6923669933201,0,4.264,-1.376,-1.394,4.264,-1.376,-1.394
"53:HA-54:HB"," HA  THR    53 "," HB  VAL    54 ",806,822,8.38123305361515e-05,8.38123305361515e-05,1,4.7802287602164,4.7802287602164,4.7802287602164,4.7802287602164,0,1.509,-4.341,1.315,1.509,-4.341,1.315
"54:H-54:HB"," H   VAL    54 "," HB  VAL    54 ",818,822,0.000492775345284911,0.000492775345284911,1,3.55815752883427,3.55815752883427,3.55815752883427,3.55815752883427,0,0.0240000000000009,-3.553,-0.190000000000001,0.0240000000000009,-3.553,-0.190000000000001
"54:HA-54:HB"," HA  VAL    54 "," HB  VAL    54 ",820,822,0.00468338930389844,0.00468338930389844,1,2.44478097178459,2.44478097178459,2.44478097178459,2.44478097178459,0,0.598999999999997,-1.253,-2.012,0.598999999999997,-1.253,-2.012
"41:H-55:H"," H   GLY    41 "," H   THR    55 ",618,834,0.000211417738633305,0.000211417738633305,1,4.09709872958902,4.09709872958902,4.09709872958902,4.09709872958902,8.88178419700125e-16,-1.519,3.701,0.883999999999997,-1.519,3.701,0.884
"41:HA1-55:H"," HA1 GLY    41 "," H   THR    55 ",620,834,0.000419375406168755,0.000419375406168755,1,3.65510205055892,3.65510205055892,3.65510205055892,3.65510205055892,0,-2.129,2.551,-1.523,-2.129,2.551,-1.523
"42:H-55:H"," H   VAL    42 "," H   THR    55 ",625,834,0.00207373082161034,0.00207373082161034,1,2.80032176722605,2.80032176722605,2.80032176722605,2.80032176722605,0,-0.156999999999996,1.657,-2.252,-0.156999999999996,1.657,-2.252
"42:HA-55:H"," HA  VAL    42 "," H   THR    55 ",627,834,0.000112989188261105,0.000112989188261105,1,4.54807046999054,4.54807046999054,4.54807046999054,4.54807046999054,2.51214793389404e-15,2.348,3.204,-2.215,2.348,3.204,-2.215
"43:H-55:H"," H   TRP    43 "," H   THR    55 ",641,834,8.02007718098599e-05,8.02007718098599e-05,1,4.81545034238751,4.81545034238751,4.81545034238751,4.81545034238751,8.88178419700125e-16,3.631,3.124,-0.495000000000001,3.631,3.124,-0.494999999999997
"43:HA-55:H"," HA  TRP    43 "," H   THR    55 ",643,834,0.000209471043676218,0.000209471043676218,1,4.10342028069268,4.10342028069268,4.10342028069268,4.10342028069268,8.88178419700125e-16,3.524,1.249,1.691,3.524,1.249,1.691
"54:H-55:H"," H   VAL    54 "," H   THR    55 ",818,834,0.000137407067690113,0.000137407067690113,1,4.40215322313978,4.40215322313978,4.40215322313978,4.40215322313978,0,0.788000000000004,-2.347,3.64,0.788000000000004,-2.347,3.64
"54:HA-55:H"," HA  VAL    54 "," H   THR    55 ",820,834,0.00725710309830873,0.00725710309830873,1,2.27268607599026,2.27268607599026,2.27268607599026,2.27268607599026,0,1.363,-0.046999999999997,1.818,1.363,-0.046999999999997,1.818
"54:HB-55:H"," HB  VAL    54 "," H   THR    55 ",822,834,0.000214438167208252,0.000214438167208252,1,4.08742363843045,4.08742363843045,4.08742363843045,4.08742363843045,0,0.764000000000003,1.206,3.83,0.764000000000003,1.206,3.83
"8:H-55:HA"," H   ASN     8 "," HA  THR    55 ",135,836,0.000125030211116881,0.000125030211116881,1,4.47195583609677,4.47195583609677,4.47195583609677,4.47195583609677,0,-1.496,-2.282,3.543,-1.496,-2.282,3.543
"8:HB2-55:HA"," HB2 ASN     8 "," HA  THR    55 ",140,836,7.64505822730421e-05,7.64505822730421e-05,1,4.85403831876098,4.85403831876098,4.85403831876098,4.85403831876098,0,-0.985999999999997,-4.346,1.924,-0.985999999999997,-4.346,1.924
"41:HA1-55:HA"," HA1 GLY    41 "," HA  THR    55 ",620,836,6.42375525332894e-05,6.42375525332894e-05,1,4.99691354738103,4.99691354738103,4.99691354738103,4.99691354738103,4.44089209850063e-15,-0.155999999999999,4.755,-1.528,-0.155999999999999,4.75500000000001,-1.528
"42:H-55:HA"," H   VAL    42 "," HA  THR    55 ",625,836,7.90634057163381e-05,7.90634057163381e-05,1,4.82692717989406,4.82692717989406,4.82692717989406,4.82692717989407,2.51214793389404e-15,1.816,3.861,-2.257,1.816,3.86100000000001,-2.257
"54:H-55:HA"," H   VAL    54 "," HA  THR    55 ",818,836,0.000110219207103752,0.000110219207103752,1,4.56692401951248,4.56692401951248,4.56692401951248,4.56692401951248,1.98602732259782e-15,2.761,-0.143000000000001,3.635,2.761,-0.142999999999994,3.635
"54:HA-55:HA"," HA  VAL    54 "," HA  THR    55 ",820,836,0.000144227956413884,0.000144227956413884,1,4.36675096610741,4.36675096610741,4.36675096610741,4.36675096610742,3.20237283398938e-15,3.336,2.157,1.813,3.336,2.15700000000001,1.813
"55:H-55:HA"," H   THR    55 "," HA  THR    55 ",834,836,0.00149252202517625,0.00149252202517625,1,2.95810243230352,2.95810243230352,2.95810243230352,2.95810243230352,3.76822190084106e-15,1.973,2.204,-0.00499999999999901,1.973,2.20400000000001,-0.00499999999999545
"42:H-55:HB"," H   VAL    42 "," HB  THR    55 ",625,838,0.000427898624110838,0.000427898624110838,1,3.64286590475137,3.64286590475137,3.64286590475137,3.64286590475138,5.02429586778808e-15,-0.351999999999997,3.618,-0.238,-0.351999999999997,3.61800000000001,-0.238
"54:HA-55:HB"," HA  VAL    54 "," HB  THR    55 ",820,838,0.000130562434532222,0.000130562434532222,1,4.43980224784844,4.43980224784844,4.43980224784843,4.43980224784844,1.98602732259782e-15,1.168,1.914,3.832,1.168,1.91400000000001,3.832
"55:H-55:HB"," H   THR    55 "," HB  THR    55 ",834,838,0.00199793257996768,0.00199793257996768,1,2.81775477996223,2.81775477996223,2.81775477996223,2.81775477996224,3.46844760730509e-15,-0.195,1.961,2.014,-0.195,1.96100000000001,2.014
"55:HA-55:HB"," HA  THR    55 "," HB  THR    55 ",836,838,0.00144972906790792,0.00144972906790792,1,2.97247943643013,2.97247943643013,2.97247943643013,2.97247943643013,1.60118641699469e-15,-2.168,-0.243000000000002,2.019,-2.168,-0.243000000000002,2.019
"8:H-56:H"," H   ASN     8 "," H   GLU    56 ",135,848,6.75489744240592e-05,6.75489744240592e-05,1,4.95522683638197,4.95522683638197,4.95522683638197,4.95522683638197,3.20237283398938e-15,0.238,-3.045,3.902,0.238,-3.04500000000001,3.902
"9:HA2-56:H"," HA2 GLY     9 "," H   GLU    56 ",152,848,0.000203518314539454,0.000203518314539454,1,4.12318432767685,4.12318432767685,4.12318432767685,4.12318432767685,2.51214793389404e-15,-3.19,-2.21,1.393,-3.19,-2.21000000000001,1.393
"41:HA1-56:H"," HA1 GLY    41 "," H   GLU    56 ",620,848,0.000128968687878626,0.000128968687878626,1,4.44889975162399,4.44889975162399,4.44889975162399,4.44889975162399,8.88178419700125e-16,1.578,3.992,-1.169,1.578,3.992,-1.169
"55:H-56:H"," H   THR    55 "," H   GLU    56 ",834,848,0.000246738585556488,0.000246738585556488,1,3.99294953637032,3.99294953637032,3.99294953637032,3.99294953637033,4.44089209850063e-16,3.707,1.441,0.354000000000003,3.707,1.441,0.354000000000006
"55:HB-56:H"," HB  THR    55 "," H   GLU    56 ",838,848,0.000164473861057372,0.000164473861057372,1,4.27218960253405,4.27218960253405,4.27218960253405,4.27218960253405,0,3.902,-0.520000000000003,-1.66,3.902,-0.52000000000001,-1.66
"40:H-56:HA"," H   ASP    40 "," HA  GLU    56 ",606,850,6.54004848249598e-05,6.54004848249598e-05,1,4.98199367723404,4.98199367723404,4.98199367723404,4.98199367723404,0,-1.228,2.919,3.846,-1.228,2.919,3.846
"41:HA1-56:HA"," HA1 GLY    41 "," HA  GLU    56 ",620,850,0.00192034931282907,0.00192034931282907,1,2.83641622474559,2.83641622474559,2.83641622474559,2.83641622474559,0,2.072,1.803,0.707999999999998,2.072,1.803,0.707999999999998
"41:HA2-56:HA"," HA2 GLY    41 "," HA  GLU    56 ",621,850,0.000203594290760823,0.000203594290760823,1,4.12292784317165,4.12292784317165,4.12292784317165,4.12292784317165,0,2.251,3.443,0.277999999999999,2.251,3.443,0.278000000000006
"42:H-56:HA"," H   VAL    42 "," HA  GLU    56 ",625,850,0.000197188063308899,0.000197188063308899,1,4.14495572955852,4.14495572955852,4.14495572955852,4.14495572955852,0,4.044,0.908999999999999,-0.0210000000000008,4.044,0.908999999999999,-0.0210000000000008
"55:H-56:HA"," H   THR    55 "," HA  GLU    56 ",834,850,8.0234980516927e-05,8.0234980516927e-05,1,4.81510809847505,4.81510809847505,4.81510809847505,4.81510809847505,0,4.201,-0.748000000000005,2.231,4.201,-0.748000000000005,2.231
"55:HA-56:HA"," HA  THR    55 "," HA  GLU    56 ",836,850,0.000153465232925068,0.000153465232925068,1,4.32180332731605,4.32180332731605,4.32180332731605,4.32180332731605,1.98602732259782e-15,2.228,-2.95200000000001,2.236,2.228,-2.95200000000001,2.236
"56:H-56:HA"," H   GLU    56 "," HA  GLU    56 ",848,850,0.00159495441276348,0.00159495441276348,1,2.9255573827905,2.9255573827905,2.9255573827905,2.9255573827905,1.60118641699469e-15,0.494,-2.189,1.877,0.494,-2.189,1.877
"9:HA1-56:HB1"," HA1 GLY     9 "," HB1 GLU    56 ",151,852,0.000273529433763306,0.000273529433763306,1,3.92493668738746,3.92493668738746,3.92493668738746,3.92493668738746,0,-1.39,-2.352,2.818,-1.39,-2.352,2.818
"9:HA2-56:HB1"," HA2 GLY     9 "," HB1 GLU    56 ",152,852,0.000661060636697831,0.000661060636697831,1,3.38812780160371,3.38812780160371,3.38812780160371,3.38812780160372,3.76822190084106e-15,-0.670999999999999,-3.04,1.337,-0.670999999999999,-3.04000000000001,1.337
"10:H-56:HB1"," H   LYS    10 "," HB1 GLU    56 ",156,852,0.000274444255260514,0.000274444255260514,1,3.92275311484167,3.92275311484167,3.92275311484167,3.92275311484167,3.14018491736755e-15,-2.964,-2.486,0.649999999999999,-2.964,-2.48600000000001,0.649999999999999
"39:HA-56:HB1"," HA  VAL    39 "," HB1 GLU    56 ",592,852,9.16041481884767e-05,9.16041481884767e-05,1,4.70992664486401,4.70992664486401,4.70992664486401,4.70992664486401,0,-0.466999999999999,3.306,3.322,-0.466999999999999,3.306,3.322
"40:H-56:HB1"," H   ASP    40 "," HB1 GLU    56 ",606,852,8.66765719927951e-05,8.66765719927951e-05,1,4.75353152929482,4.75353152929482,4.75353152929482,4.75353152929482,0,0.796999999999997,4.278,1.913,0.796999999999997,4.278,1.913
"55:HA-56:HB1"," HA  THR    55 "," HB1 GLU    56 ",836,852,0.000112457916410993,0.000112457916410993,1,4.55164442811606,4.55164442811606,4.55164442811606,4.55164442811607,1.98602732259782e-15,4.253,-1.593,0.303000000000001,4.253,-1.59300000000001,0.302999999999997
"56:H-56:HB1"," H   GLU    56 "," HB1 GLU    56 ",848,852,0.00286921997335558,0.00286921997335558,1,2.65280926566536,2.65280926566536,2.65280926566536,2.65280926566536,4.44089209850063e-16,2.519,-0.829999999999998,-0.0560000000000009,2.519,-0.829999999999998,-0.0560000000000045
"56:HA-56:HB1"," HA  GLU    56 "," HB1 GLU    56 ",850,852,0.00110112425812168,0.00110112425812168,1,3.11191179180902,3.11191179180902,3.11191179180902,3.11191179180902,0,2.025,1.359,-1.933,2.025,1.359,-1.933
"9:HA1-56:HB2"," HA1 GLY     9 "," HB2 GLU    56 ",151,853,8.52810187845187e-05,8.52810187845187e-05,1,4.76640860606809,4.76640860606809,4.76640860606809,4.7664086060681,1.98602732259782e-15,-2.489,-3.429,2.183,-2.489,-3.429,2.183
"9:HA2-56:HB2"," HA2 GLY     9 "," HB2 GLU    56 ",152,853,0.000114803619974874,0.000114803619974874,1,4.53601069222726,4.53601069222726,4.53601069222725,4.53601069222726,3.20237283398938e-15,-1.77,-4.117,0.701999999999998,-1.77,-4.117,0.701999999999991
"39:HA-56:HB2"," HA  VAL    39 "," HB2 GLU    56 ",592,853,0.000318646095764054,0.000318646095764054,1,3.826325391286,3.826325391286,3.826325391286,3.826325391286,1.88411095042053e-15,-1.566,2.229,2.687,-1.566,2.229,2.68699999999999
"40:H-56:HB2"," H   ASP    40 "," HB2 GLU    56 ",606,853,0.000582935881781401,0.000582935881781401,1,3.45989725280968,3.45989725280968,3.45989725280968,3.45989725280968,9.93013661298909e-16,-0.302,3.201,1.278,-0.302,3.201,1.278
"41:H-56:HB2"," H   GLY    41 "," HB2 GLU    56 ",618,853,7.4344613295755e-05,7.4344613295755e-05,1,4.87668924578961,4.87668924578961,4.87668924578961,4.87668924578961,0,3.608,3.235,0.546999999999997,3.608,3.235,0.546999999999997
"41:HA1-56:HB2"," HA1 GLY    41 "," HB2 GLU    56 ",620,853,0.000211092712716871,0.000211092712716871,1,4.09814946042724,4.09814946042724,4.09814946042724,4.09814946042724,1.25607396694702e-15,2.998,2.085,-1.86,2.998,2.085,-1.86000000000001
"55:HA-56:HB2"," HA  THR    55 "," HB2 GLU    56 ",836,853,0.000196975357857422,0.000196975357857422,1,4.14570138818512,4.14570138818512,4.14570138818512,4.14570138818513,4.44089209850063e-15,3.154,-2.67,-0.332000000000001,3.154,-2.67000000000001,-0.332000000000008
"56:H-56:HB2"," H   GLU    56 "," HB2 GLU    56 ",848,853,0.00434016193770847,0.00434016193770847,1,2.47599071080648,2.47599071080648,2.47599071080648,2.47599071080649,1.60118641699469e-15,1.42,-1.907,-0.691000000000003,1.42,-1.907,-0.69100000000001
"56:HA-56:HB2"," HA  GLU    56 "," HB2 GLU    56 ",850,853,0.00234063722659511,0.00234063722659511,1,2.74438044009937,2.74438044009937,2.74438044009937,2.74438044009937,2.22044604925031e-15,0.926000000000002,0.282000000000004,-2.568,0.926000000000002,0.282000000000004,-2.568
"39:HA-56:HG1"," HA  VAL    39 "," HG1 GLU    56 ",592,855,0.000139596249447542,0.000139596249447542,1,4.39057137511737,4.39057137511737,4.39057137511737,4.39057137511737,0,-0.844000000000001,0.390000000000001,4.291,-0.844000000000001,0.390000000000001,4.291
"40:H-56:HG1"," H   ASP    40 "," HG1 GLU    56 ",606,855,0.000905253200650909,0.000905253200650909,1,3.21517775558366,3.21517775558366,3.21517775558366,3.21517775558366,0,0.419999999999995,1.362,2.882,0.419999999999995,1.362,2.882
"41:HA1-56:HG1"," HA1 GLY    41 "," HG1 GLU    56 ",620,855,0.000367221675065835,0.000367221675065835,1,3.73690406620239,3.73690406620239,3.73690406620239,3.73690406620239,0,3.72,0.246000000000002,-0.256,3.72,0.246000000000002,-0.256
"41:HA2-56:HG1"," HA2 GLY    41 "," HG1 GLU    56 ",621,855,0.000140629415647787,0.000140629415647787,1,4.38517878768928,4.38517878768928,4.38517878768928,4.38517878768928,1.25607396694702e-15,3.899,1.886,-0.686,3.899,1.886,-0.685999999999993
"56:H-56:HG1"," H   GLU    56 "," HG1 GLU    56 ",848,855,0.000135817768076025,0.000135817768076025,1,4.41069711043503,4.41069711043503,4.41069711043503,4.41069711043503,8.88178419700125e-16,2.142,-3.746,0.913,2.142,-3.746,0.912999999999997
"56:HA-56:HG1"," HA  GLU    56 "," HG1 GLU    56 ",850,855,0.00447251906464173,0.00447251906464173,1,2.46362517441269,2.46362517441269,2.46362517441269,2.46362517441269,0,1.648,-1.557,-0.963999999999999,1.648,-1.557,-0.963999999999999
"56:HB1-56:HG1"," HB1 GLU    56 "," HG1 GLU    56 ",852,855,0.00113589905241797,0.00113589905241797,1,3.09582719155963,3.09582719155963,3.09582719155963,3.09582719155963,0,-0.377000000000002,-2.916,0.969000000000001,-0.377000000000002,-2.916,0.969000000000001
"56:HB2-56:HG1"," HB2 GLU    56 "," HG1 GLU    56 ",853,855,0.00368192768812101,0.00368192768812101,1,2.54480274284668,2.54480274284668,2.54480274284668,2.54480274284668,1.25607396694702e-15,0.721999999999994,-1.839,1.604,0.721999999999994,-1.839,1.60400000000001
"40:H-56:HG2"," H   ASP    40 "," HG2 GLU    56 ",606,856,0.000100198451963527,0.000100198451963527,1,4.64005538760046,4.64005538760046,4.64005538760046,4.64005538760046,0,1.625,2.46,3.583,1.625,2.46,3.583
"56:H-56:HG2"," H   GLU    56 "," HG2 GLU    56 ",848,856,0.00011081564201608,0.00011081564201608,1,4.56281809850009,4.56281809850009,4.56281809850009,4.56281809850009,1.25607396694702e-15,3.347,-2.648,1.614,3.347,-2.648,1.614
"56:HA-56:HG2"," HA  GLU    56 "," HG2 GLU    56 ",850,856,0.0016755116071692,0.0016755116071692,1,2.90163040375579,2.90163040375579,2.90163040375579,2.90163040375579,0,2.853,-0.458999999999996,-0.262999999999998,2.853,-0.458999999999996,-0.262999999999998
"56:HB1-56:HG2"," HB1 GLU    56 "," HG2 GLU    56 ",852,856,0.00320912216041715,0.00320912216041715,1,2.60376803882374,2.60376803882374,2.60376803882374,2.60376803882374,0,0.828000000000003,-1.818,1.67,0.828000000000003,-1.818,1.67
"56:HB2-56:HG2"," HB2 GLU    56 "," HG2 GLU    56 ",853,856,0.00113900193628411,0.00113900193628411,1,3.09441997796033,3.09441997796033,3.09441997796033,3.09441997796033,1.88411095042053e-15,1.927,-0.741,2.305,1.927,-0.741,2.30500000000001
